learner_id,session_id,task_id,day,question_id,concept_id,correct,source_turn,mastery_before
L001,L001_S01,L001_S01_Q01,1,Q0019,F7,0,L001_S01_T002,0.31113179
L001,L001_S01,L001_S01_Q02,1,Q0010,F4,0,L001_S01_T007,0.30457467
L001,L001_S01,L001_S01_Q03,1,Q0012,F4,0,L001_S01_T012,0.33983044
L001,L001_S01,L001_S01_Q04,1,Q0008,F3,0,L001_S01_T017,0.19660325
L001,L001_S01,L001_S01_Q05,1,Q0017,F6,0,L001_S01_T022,0.29684768
L001,L001_S02,L001_S02_Q01,3,Q0009,F3,0,L001_S02_T002,0.22730632
L001,L001_S02,L001_S02_Q02,3,Q0024,F8,0,L001_S02_T007,0.19801627
L001,L001_S02,L001_S02_Q03,3,Q0002,F1,0,L001_S02_T012,0.2589171
L001,L001_S02,L001_S02_Q04,3,Q0013,F5,0,L001_S02_T017,0.09538184
L001,L001_S02,L001_S02_Q05,3,Q0015,F5,0,L001_S02_T022,0.141243
L001,L001_S03,L001_S03_Q01,6,Q0015,F5,0,L001_S03_T002,0.17319428
L001,L001_S03,L001_S03_Q02,6,Q0001,F1,0,L001_S03_T007,0.27789903
L001,L001_S03,L001_S03_Q03,6,Q0020,F7,0,L001_S03_T012,0.31065586
L001,L001_S03,L001_S03_Q04,6,Q0004,F2,0,L001_S03_T017,0.25838068
L001,L001_S03,L001_S03_Q05,6,Q0004,F2,1,L001_S03_T022,0.29597834
L001,L001_S04,L001_S04_Q01,8,Q0013,F5,0,L001_S04_T002,0.20602291
L001,L001_S04,L001_S04_Q02,8,Q0022,F8,0,L001_S04_T007,0.21425933
L001,L001_S04,L001_S04_Q03,8,Q0018,F6,0,L001_S04_T012,0.28587312
L001,L001_S04,L001_S04_Q04,8,Q0015,F5,1,L001_S04_T017,0.24627494
L001,L001_S04,L001_S04_Q05,8,Q0008,F3,1,L001_S04_T022,0.23922018
L001,L001_S05,L001_S05_Q01,11,Q0004,F2,0,L001_S05_T002,0.42590439
L001,L001_S05,L001_S05_Q02,11,Q0022,F8,0,L001_S05_T007,0.23816318
L001,L001_S05,L001_S05_Q03,11,Q0007,F3,0,L001_S05_T012,0.40497666
L001,L001_S05,L001_S05_Q04,11,Q0023,F8,0,L001_S05_T017,0.2767858
L001,L001_S05,L001_S05_Q05,11,Q0019,F7,0,L001_S05_T022,0.31025028
L001,L001_S06,L001_S06_Q01,13,Q0001,F1,0,L001_S06_T002,0.27040736
L001,L001_S06,L001_S06_Q02,13,Q0010,F4,0,L001_S06_T007,0.28812363
L001,L001_S06,L001_S06_Q03,13,Q0021,F7,1,L001_S06_T012,0.33063402
L001,L001_S06,L001_S06_Q04,13,Q0005,F2,0,L001_S06_T017,0.43578656
L001,L001_S06,L001_S06_Q05,13,Q0002,F1,0,L001_S06_T022,0.30739531
L001,L001_S07,L001_S07_Q01,16,Q0013,F5,0,L001_S07_T002,0.36798143
L001,L001_S07,L001_S07_Q02,16,Q0018,F6,1,L001_S07_T007,0.27100326
L001,L001_S07,L001_S07_Q03,16,Q0011,F4,1,L001_S07_T012,0.30388659
L001,L001_S07,L001_S07_Q04,16,Q0008,F3,0,L001_S07_T017,0.39063004
L001,L001_S07,L001_S07_Q05,16,Q0023,F8,0,L001_S07_T022,0.28138636
L001,L001_S08,L001_S08_Q01,18,Q0023,F8,0,L001_S08_T002,0.30439099
L001,L001_S08,L001_S08_Q02,18,Q0014,F5,1,L001_S08_T007,0.38312309
L001,L001_S08,L001_S08_Q03,18,Q0016,F6,1,L001_S08_T012,0.43653628
L001,L001_S08,L001_S08_Q04,18,Q0016,F6,1,L001_S08_T017,0.57936507
L001,L001_S08,L001_S08_Q05,18,Q0001,F1,1,L001_S08_T022,0.30747165
L002,L002_S01,L002_S01_Q01,1,Q0013,F5,0,L002_S01_T002,0.30409036
L002,L002_S01,L002_S01_Q02,1,Q0019,F7,0,L002_S01_T007,0.19993164
L002,L002_S01,L002_S01_Q03,1,Q0005,F2,0,L002_S01_T012,0.11168108
L002,L002_S01,L002_S01_Q04,1,Q0002,F1,0,L002_S01_T017,0.19734991
L002,L002_S01,L002_S01_Q05,1,Q0024,F8,0,L002_S01_T022,0.31290394
L002,L002_S02,L002_S02_Q01,3,Q0010,F4,0,L002_S02_T002,0.11509684
L002,L002_S02,L002_S02_Q02,3,Q0006,F2,0,L002_S02_T007,0.15116532
L002,L002_S02,L002_S02_Q03,3,Q0023,F8,1,L002_S02_T012,0.33736066
L002,L002_S02,L002_S02_Q04,3,Q0021,F7,0,L002_S02_T017,0.23282525
L002,L002_S02,L002_S02_Q05,3,Q0017,F6,0,L002_S02_T022,0.2348238
L002,L002_S03,L002_S03_Q01,6,Q0017,F6,1,L002_S03_T002,0.26152745
L002,L002_S03,L002_S03_Q02,6,Q0010,F4,1,L002_S03_T007,0.15223957
L002,L002_S03,L002_S03_Q03,6,Q0003,F1,0,L002_S03_T012,0.22121594
L002,L002_S03,L002_S03_Q04,6,Q0009,F3,0,L002_S03_T017,0.32039749
L002,L002_S03,L002_S03_Q05,6,Q0009,F3,0,L002_S03_T022,0.35379623
L002,L002_S04,L002_S04_Q01,8,Q0006,F2,0,L002_S04_T002,0.18019042
L002,L002_S04,L002_S04_Q02,8,Q0011,F4,0,L002_S04_T007,0.35087037
L002,L002_S04,L002_S04_Q03,8,Q0005,F2,0,L002_S04_T012,0.22047958
L002,L002_S04,L002_S04_Q04,8,Q0004,F2,0,L002_S04_T017,0.25878874
L002,L002_S04,L002_S04_Q05,8,Q0015,F5,1,L002_S04_T022,0.30754544
L002,L002_S05,L002_S05_Q01,11,Q0001,F1,0,L002_S05_T002,0.24241601
L002,L002_S05,L002_S05_Q02,11,Q0011,F4,0,L002_S05_T007,0.36745582
L002,L002_S05,L002_S05_Q03,11,Q0018,F6,1,L002_S05_T012,0.41384082
L002,L002_S05,L002_S05_Q04,11,Q0016,F6,0,L002_S05_T017,0.55787339
L002,L002_S05,L002_S05_Q05,11,Q0009,F3,0,L002_S05_T022,0.36018636
L002,L002_S06,L002_S06_Q01,13,Q0019,F7,1,L002_S06_T002,0.23610038
L002,L002_S06,L002_S06_Q02,13,Q0005,F2,0,L002_S06_T007,0.27579172
L002,L002_S06,L002_S06_Q03,13,Q0014,F5,0,L002_S06_T012,0.44626741
L002,L002_S06,L002_S06_Q04,13,Q0007,F3,0,L002_S06_T017,0.38111199
L002,L002_S06,L002_S06_Q05,13,Q0021,F7,0,L002_S06_T022,0.4238078
L002,L002_S07,L002_S07_Q01,16,Q0010,F4,1,L002_S07_T002,0.37232009
L002,L002_S07,L002_S07_Q02,16,Q0024,F8,0,L002_S07_T007,0.4190657
L002,L002_S07,L002_S07_Q03,16,Q0002,F1,1,L002_S07_T012,0.26124791
L002,L002_S07,L002_S07_Q04,16,Q0021,F7,1,L002_S07_T017,0.43403377
L002,L002_S07,L002_S07_Q05,16,Q0006,F2,0,L002_S07_T022,0.29892333
L002,L002_S08,L002_S08_Q01,18,Q0024,F8,0,L002_S08_T002,0.43559417
L002,L002_S08,L002_S08_Q02,18,Q0015,F5,1,L002_S08_T007,0.442328
L002,L002_S08,L002_S08_Q03,18,Q0001,F1,0,L002_S08_T012,0.43088471
L002,L002_S08,L002_S08_Q04,18,Q0005,F2,0,L002_S08_T017,0.32442414
L002,L002_S08,L002_S08_Q05,18,Q0001,F1,1,L002_S08_T022,0.45885361
L003,L003_S01,L003_S01_Q01,1,Q0019,F7,0,L003_S01_T002,0.10250732
L003,L003_S01,L003_S01_Q02,1,Q0009,F3,0,L003_S01_T007,0.11226498
L003,L003_S01,L003_S01_Q03,1,Q0012,F4,0,L003_S01_T012,0.11563455
L003,L003_S01,L003_S01_Q04,1,Q0006,F2,1,L003_S01_T017,0.23260241
L003,L003_S01,L003_S01_Q05,1,Q0008,F3,0,L003_S01_T022,0.15746169
L003,L003_S02,L003_S02_Q01,3,Q0003,F1,0,L003_S02_T002,0.25109798
L003,L003_S02,L003_S02_Q02,3,Q0024,F8,1,L003_S02_T007,0.32841839
L003,L003_S02,L003_S02_Q03,3,Q0023,F8,0,L003_S02_T012,0.49937753
L003,L003_S02,L003_S02_Q04,3,Q0009,F3,1,L003_S02_T017,0.1952188
L003,L003_S02,L003_S02_Q05,3,Q0005,F2,1,L003_S02_T022,0.41697701
L003,L003_S03,L003_S03_Q01,6,Q0019,F7,0,L003_S03_T002,0.1388806
L003,L003_S03,L003_S03_Q02,6,Q0011,F4,1,L003_S03_T007,0.15055596
L003,L003_S03,L003_S03_Q03,6,Q0017,F6,0,L003_S03_T012,0.21072724
L003,L003_S03,L003_S03_Q04,6,Q0014,F5,0,L003_S03_T017,0.17960458
L003,L003_S03,L003_S03_Q05,6,Q0015,F5,0,L003_S03_T022,0.22137288
L003,L003_S04,L003_S04_Q01,8,Q0017,F6,0,L003_S04_T002,0.24447592
L003,L003_S04,L003_S04_Q02,8,Q0020,F7,0,L003_S04_T007,0.178036
L003,L003_S04,L003_S04_Q03,8,Q0010,F4,0,L003_S04_T012,0.35738504
L003,L003_S04,L003_S04_Q04,8,Q0019,F7,0,L003_S04_T017,0.21988415
L003,L003_S04,L003_S04_Q05,8,Q0003,F1,0,L003_S04_T022,0.27103718
L003,L003_S05,L003_S05_Q01,11,Q0015,F5,0,L003_S05_T002,0.24459966
L003,L003_S05,L003_S05_Q02,11,Q0020,F7,0,L003_S05_T007,0.24967908
L003,L003_S05,L003_S05_Q03,11,Q0021,F7,0,L003_S05_T012,0.28787971
L003,L003_S05,L003_S05_Q04,11,Q0009,F3,0,L003_S05_T017,0.36059388
L003,L003_S05,L003_S05_Q05,11,Q0017,F6,0,L003_S05_T022,0.27212671
L003,L003_S06,L003_S06_Q01,13,Q0014,F5,0,L003_S06_T002,0.27579933
L003,L003_S06,L003_S06_Q02,13,Q0022,F8,1,L003_S06_T007,0.46092462
L003,L003_S06,L003_S06_Q03,13,Q0010,F4,0,L003_S06_T012,0.36556893
L003,L003_S06,L003_S06_Q04,13,Q0016,F6,0,L003_S06_T017,0.30125488
L003,L003_S06,L003_S06_Q05,13,Q0004,F2,0,L003_S06_T022,0.49651456
L003,L003_S07,L003_S07_Q01,16,Q0002,F1,0,L003_S07_T002,0.27773354
L003,L003_S07,L003_S07_Q02,16,Q0009,F3,0,L003_S07_T007,0.36842287
L003,L003_S07,L003_S07_Q03,16,Q0001,F1,0,L003_S07_T012,0.31450586
L003,L003_S07,L003_S07_Q04,16,Q0013,F5,0,L003_S07_T017,0.30071907
L003,L003_S07,L003_S07_Q05,16,Q0019,F7,0,L003_S07_T022,0.30375086
L003,L003_S08,L003_S08_Q01,18,Q0017,F6,0,L003_S08_T002,0.31564674
L003,L003_S08,L003_S08_Q02,18,Q0005,F2,1,L003_S08_T007,0.48931076
L003,L003_S08,L003_S08_Q03,18,Q0010,F4,0,L003_S08_T012,0.37284767
L003,L003_S08,L003_S08_Q04,18,Q0022,F8,1,L003_S08_T017,0.56053541
L003,L003_S08,L003_S08_Q05,18,Q0015,F5,1,L003_S08_T022,0.32769555
L004,L004_S01,L004_S01_Q01,1,Q0014,F5,0,L004_S01_T002,0.15240176
L004,L004_S01,L004_S01_Q02,1,Q0004,F2,0,L004_S01_T007,0.26033606
L004,L004_S01,L004_S01_Q03,1,Q0024,F8,1,L004_S01_T012,0.1499422
L004,L004_S01,L004_S01_Q04,1,Q0024,F8,0,L004_S01_T017,0.40120588
L004,L004_S01,L004_S01_Q05,1,Q0002,F1,0,L004_S01_T022,0.23339157
L004,L004_S02,L004_S02_Q01,3,Q0004,F2,0,L004_S02_T002,0.2910543
L004,L004_S02,L004_S02_Q02,3,Q0017,F6,0,L004_S02_T007,0.22426084
L004,L004_S02,L004_S02_Q03,3,Q0020,F7,0,L004_S02_T012,0.1654079
L004,L004_S02,L004_S02_Q04,3,Q0018,F6,1,L004_S02_T017,0.27012009
L004,L004_S02,L004_S02_Q05,3,Q0003,F1,1,L004_S02_T022,0.26678728
L004,L004_S03,L004_S03_Q01,6,Q0014,F5,0,L004_S03_T002,0.18153981
L004,L004_S03,L004_S03_Q02,6,Q0009,F3,0,L004_S03_T007,0.18346589
L004,L004_S03,L004_S03_Q03,6,Q0012,F4,0,L004_S03_T012,0.25144605
L004,L004_S03,L004_S03_Q04,6,Q0009,F3,1,L004_S03_T017,0.23173681
L004,L004_S03,L004_S03_Q05,6,Q0021,F7,0,L004_S03_T022,0.20111395
L004,L004_S04,L004_S04_Q01,8,Q0013,F5,1,L004_S04_T002,0.220088
L004,L004_S04,L004_S04_Q02,8,Q0019,F7,0,L004_S04_T007,0.23771707
L004,L004_S04,L004_S04_Q03,8,Q0009,F3,1,L004_S04_T012,0.43919399
L004,L004_S04,L004_S04_Q04,8,Q0011,F4,1,L004_S04_T017,0.28304769
L004,L004_S04,L004_S04_Q05,8,Q0020,F7,1,L004_S04_T022,0.28278083
L004,L004_S05,L004_S05_Q01,11,Q0015,F5,1,L004_S05_T002,0.42201184
L004,L004_S05,L004_S05_Q02,11,Q0023,F8,1,L004_S05_T007,0.35086746
L004,L004_S05,L004_S05_Q03,11,Q0005,F2,0,L004_S05_T012,0.2795389
L004,L004_S05,L004_S05_Q04,11,Q0010,F4,0,L004_S05_T017,0.46354625
L004,L004_S05,L004_S05_Q05,11,Q0006,F2,0,L004_S05_T022,0.32213029
L004,L004_S06,L004_S06_Q01,13,Q0005,F2,0,L004_S06_T002,0.34670807
L004,L004_S06,L004_S06_Q02,13,Q0001,F1,0,L004_S06_T007,0.38856456
L004,L004_S06,L004_S06_Q03,13,Q0005,F2,1,L004_S06_T012,0.38532862
L004,L004_S06,L004_S06_Q04,13,Q0018,F6,1,L004_S06_T017,0.39045123
L004,L004_S06,L004_S06_Q05,13,Q0011,F4,1,L004_S06_T022,0.47407159
L004,L004_S07,L004_S07_Q01,16,Q0015,F5,0,L004_S07_T002,0.53146734
L004,L004_S07,L004_S07_Q02,16,Q0019,F7,0,L004_S07_T007,0.41538944
L004,L004_S07,L004_S07_Q03,16,Q0007,F3,0,L004_S07_T012,0.50789037
L004,L004_S07,L004_S07_Q04,16,Q0002,F1,0,L004_S07_T017,0.39774947
L004,L004_S07,L004_S07_Q05,16,Q0003,F1,0,L004_S07_T022,0.43335262
L004,L004_S08,L004_S08_Q01,18,Q0023,F8,1,L004_S08_T002,0.46572628
L004,L004_S08,L004_S08_Q02,18,Q0003,F1,0,L004_S08_T007,0.44687828
L004,L004_S08,L004_S08_Q03,18,Q0021,F7,1,L004_S08_T012,0.4307001
L004,L004_S08,L004_S08_Q04,18,Q0009,F3,0,L004_S08_T017,0.51400926
L004,L004_S08,L004_S08_Q05,18,Q0016,F6,1,L004_S08_T022,0.51153759
L005,L005_S01,L005_S01_Q01,1,Q0008,F3,0,L005_S01_T002,0.21347419
L005,L005_S01,L005_S01_Q02,1,Q0018,F6,0,L005_S01_T007,0.1135435
L005,L005_S01,L005_S01_Q03,1,Q0018,F6,0,L005_S01_T012,0.16030147
L005,L005_S01,L005_S01_Q04,1,Q0019,F7,0,L005_S01_T017,0.17565563
L005,L005_S01,L005_S01_Q05,1,Q0010,F4,0,L005_S01_T022,0.30121232
L005,L005_S02,L005_S02_Q01,3,Q0002,F1,1,L005_S02_T002,0.12929606
L005,L005_S02,L005_S02_Q02,3,Q0001,F1,0,L005_S02_T007,0.3589314
L005,L005_S02,L005_S02_Q03,3,Q0017,F6,1,L005_S02_T012,0.19987796
L005,L005_S02,L005_S02_Q04,3,Q0024,F8,0,L005_S02_T017,0.11140493
L005,L005_S02,L005_S02_Q05,3,Q0014,F5,0,L005_S02_T022,0.13692531
L005,L005_S03,L005_S03_Q01,6,Q0009,F3,0,L005_S03_T002,0.24052421
L005,L005_S03,L005_S03_Q02,6,Q0004,F2,0,L005_S03_T007,0.2204804
L005,L005_S03,L005_S03_Q03,6,Q0015,F5,0,L005_S03_T012,0.17617922
L005,L005_S03,L005_S03_Q04,6,Q0010,F4,0,L005_S03_T017,0.31892839
L005,L005_S03,L005_S03_Q05,6,Q0005,F2,1,L005_S03_T022,0.26159776
L005,L005_S04,L005_S04_Q01,8,Q0014,F5,0,L005_S04_T002,0.21457158
L005,L005_S04,L005_S04_Q02,8,Q0024,F8,0,L005_S04_T007,0.14931351
L005,L005_S04,L005_S04_Q03,8,Q0024,F8,0,L005_S04_T012,0.19418472
L005,L005_S04,L005_S04_Q04,8,Q0020,F7,1,L005_S04_T017,0.20196459
L005,L005_S04,L005_S04_Q05,8,Q0022,F8,0,L005_S04_T022,0.2366891
L005,L005_S05,L005_S05_Q01,11,Q0014,F5,0,L005_S05_T002,0.24720197
L005,L005_S05,L005_S05_Q02,11,Q0005,F2,0,L005_S05_T007,0.43050068
L005,L005_S05,L005_S05_Q03,11,Q0023,F8,0,L005_S05_T012,0.26743278
L005,L005_S05,L005_S05_Q04,11,Q0007,F3,1,L005_S05_T017,0.26469653
L005,L005_S05,L005_S05_Q05,11,Q0003,F1,0,L005_S05_T022,0.35777287
L005,L005_S06,L005_S06_Q01,13,Q0013,F5,0,L005_S06_T002,0.28029761
L005,L005_S06,L005_S06_Q02,13,Q0012,F4,0,L005_S06_T007,0.32704473
L005,L005_S06,L005_S06_Q03,13,Q0014,F5,1,L005_S06_T012,0.31825979
L005,L005_S06,L005_S06_Q04,13,Q0003,F1,0,L005_S06_T017,0.38262237
L005,L005_S06,L005_S06_Q05,13,Q0021,F7,0,L005_S06_T022,0.389081
L005,L005_S07,L005_S07_Q01,16,Q0012,F4,0,L005_S07_T002,0.35008073
L005,L005_S07,L005_S07_Q02,16,Q0022,F8,1,L005_S07_T007,0.28874245
L005,L005_S07,L005_S07_Q03,16,Q0014,F5,1,L005_S07_T012,0.48094064
L005,L005_S07,L005_S07_Q04,16,Q0020,F7,0,L005_S07_T017,0.40682507
L005,L005_S07,L005_S07_Q05,16,Q0018,F6,0,L005_S07_T022,0.35311407
L005,L005_S08,L005_S08_Q01,18,Q0006,F2,0,L005_S08_T002,0.42444971
L005,L005_S08,L005_S08_Q02,18,Q0008,F3,1,L005_S08_T007,0.42268192
L005,L005_S08,L005_S08_Q03,18,Q0010,F4,0,L005_S08_T012,0.3755039
L005,L005_S08,L005_S08_Q04,18,Q0017,F6,0,L005_S08_T017,0.37831102
L005,L005_S08,L005_S08_Q05,18,Q0007,F3,1,L005_S08_T022,0.57494106
L006,L006_S01,L006_S01_Q01,1,Q0022,F8,0,L006_S01_T002,0.34220316
L006,L006_S01,L006_S01_Q02,1,Q0016,F6,0,L006_S01_T007,0.11385467
L006,L006_S01,L006_S01_Q03,1,Q0006,F2,0,L006_S01_T012,0.32311553
L006,L006_S01,L006_S01_Q04,1,Q0008,F3,0,L006_S01_T017,0.2712867
L006,L006_S01,L006_S01_Q05,1,Q0001,F1,1,L006_S01_T022,0.25495208
L006,L006_S02,L006_S02_Q01,3,Q0011,F4,0,L006_S02_T002,0.13795476
L006,L006_S02,L006_S02_Q02,3,Q0018,F6,1,L006_S02_T007,0.14275418
L006,L006_S02,L006_S02_Q03,3,Q0019,F7,1,L006_S02_T012,0.17932185
L006,L006_S02,L006_S02_Q04,3,Q0015,F5,1,L006_S02_T017,0.15824075
L006,L006_S02,L006_S02_Q05,3,Q0012,F4,0,L006_S02_T022,0.1710829
L006,L006_S03,L006_S03_Q01,6,Q0012,F4,0,L006_S03_T002,0.19242201
L006,L006_S03,L006_S03_Q02,6,Q0017,F6,0,L006_S03_T007,0.29153992
L006,L006_S03,L006_S03_Q03,6,Q0003,F1,0,L006_S03_T012,0.36432674
L006,L006_S03,L006_S03_Q04,6,Q0020,F7,1,L006_S03_T017,0.31955039
L006,L006_S03,L006_S03_Q05,6,Q0024,F8,0,L006_S03_T022,0.33629628
L006,L006_S04,L006_S04_Q01,8,Q0009,F3,1,L006_S04_T002,0.26434664
L006,L006_S04,L006_S04_Q02,8,Q0011,F4,0,L006_S04_T007,0.21566929
L006,L006_S04,L006_S04_Q03,8,Q0005,F2,0,L006_S04_T012,0.30836488
L006,L006_S04,L006_S04_Q04,8,Q0013,F5,0,L006_S04_T017,0.29282859
L006,L006_S04,L006_S04_Q05,8,Q0014,F5,1,L006_S04_T022,0.32000497
L006,L006_S05,L006_S05_Q01,11,Q0011,F4,0,L006_S05_T002,0.23307335
L006,L006_S05,L006_S05_Q02,11,Q0015,F5,0,L006_S05_T007,0.42731225
L006,L006_S05,L006_S05_Q03,11,Q0010,F4,0,L006_S05_T012,0.26254611
L006,L006_S05,L006_S05_Q04,11,Q0009,F3,0,L006_S05_T017,0.38467853
L006,L006_S05,L006_S05_Q05,11,Q0024,F8,0,L006_S05_T022,0.33109842
L006,L006_S06,L006_S06_Q01,13,Q0003,F1,0,L006_S06_T002,0.34336558
L006,L006_S06,L006_S06_Q02,13,Q0011,F4,1,L006_S06_T007,0.28074855
L006,L006_S06,L006_S06_Q03,13,Q0007,F3,1,L006_S06_T012,0.39409459
L006,L006_S06,L006_S06_Q04,13,Q0018,F6,0,L006_S06_T017,0.28154771
L006,L006_S06,L006_S06_Q05,13,Q0012,F4,1,L006_S06_T022,0.41895162
L006,L006_S07,L006_S07_Q01,16,Q0006,F2,0,L006_S07_T002,0.29063632
L006,L006_S07,L006_S07_Q02,16,Q0022,F8,1,L006_S07_T007,0.32652446
L006,L006_S07,L006_S07_Q03,16,Q0016,F6,0,L006_S07_T012,0.29313756
L006,L006_S07,L006_S07_Q04,16,Q0005,F2,0,L006_S07_T017,0.31789695
L006,L006_S07,L006_S07_Q05,16,Q0011,F4,0,L006_S07_T022,0.50310439
L006,L006_S08,L006_S08_Q01,18,Q0003,F1,1,L006_S08_T002,0.33731917
L006,L006_S08,L006_S08_Q02,18,Q0019,F7,0,L006_S08_T007,0.36397026
L006,L006_S08,L006_S08_Q03,18,Q0018,F6,0,L006_S08_T012,0.30913922
L006,L006_S08,L006_S08_Q04,18,Q0015,F5,0,L006_S08_T017,0.39685919
L006,L006_S08,L006_S08_Q05,18,Q0019,F7,0,L006_S08_T022,0.38841269
L007,L007_S01,L007_S01_Q01,1,Q0009,F3,0,L007_S01_T002,0.33871519
L007,L007_S01,L007_S01_Q02,1,Q0023,F8,0,L007_S01_T007,0.16045468
L007,L007_S01,L007_S01_Q03,1,Q0014,F5,0,L007_S01_T012,0.11627197
L007,L007_S01,L007_S01_Q04,1,Q0018,F6,1,L007_S01_T017,0.23746174
L007,L007_S01,L007_S01_Q05,1,Q0003,F1,1,L007_S01_T022,0.12937468
L007,L007_S02,L007_S02_Q01,3,Q0018,F6,1,L007_S02_T002,0.45381017
L007,L007_S02,L007_S02_Q02,3,Q0001,F1,1,L007_S02_T007,0.37989314
L007,L007_S02,L007_S02_Q03,3,Q0010,F4,1,L007_S02_T012,0.24933965
L007,L007_S02,L007_S02_Q04,3,Q0014,F5,0,L007_S02_T017,0.16490507
L007,L007_S02,L007_S02_Q05,3,Q0004,F2,0,L007_S02_T022,0.19444243
L007,L007_S03,L007_S03_Q01,6,Q0020,F7,0,L007_S03_T002,0.27952454
L007,L007_S03,L007_S03_Q02,6,Q0014,F5,0,L007_S03_T007,0.20689641
L007,L007_S03,L007_S03_Q03,6,Q0022,F8,0,L007_S03_T012,0.19785209
L007,L007_S03,L007_S03_Q04,6,Q0002,F1,1,L007_S03_T017,0.54435957
L007,L007_S03,L007_S03_Q05,6,Q0005,F2,0,L007_S03_T022,0.23364535
L007,L007_S04,L007_S04_Q01,8,Q0021,F7,1,L007_S04_T002,0.31460772
L007,L007_S04,L007_S04_Q02,8,Q0024,F8,0,L007_S04_T007,0.23971407
L007,L007_S04,L007_S04_Q03,8,Q0007,F3,0,L007_S04_T012,0.34651283
L007,L007_S04,L007_S04_Q04,8,Q0011,F4,1,L007_S04_T017,0.44491356
L007,L007_S04,L007_S04_Q05,8,Q0005,F2,0,L007_S04_T022,0.2725365
L007,L007_S05,L007_S05_Q01,11,Q0013,F5,0,L007_S05_T002,0.2388701
L007,L007_S05,L007_S05_Q02,11,Q0015,F5,0,L007_S05_T007,0.28435575
L007,L007_S05,L007_S05_Q03,11,Q0012,F4,1,L007_S05_T012,0.58827187
L007,L007_S05,L007_S05_Q04,11,Q0015,F5,0,L007_S05_T017,0.32712315
L007,L007_S05,L007_S05_Q05,11,Q0020,F7,1,L007_S05_T022,0.50026831
L007,L007_S06,L007_S06_Q01,13,Q0008,F3,1,L007_S06_T002,0.36218131
L007,L007_S06,L007_S06_Q02,13,Q0024,F8,0,L007_S06_T007,0.26785512
L007,L007_S06,L007_S06_Q03,13,Q0006,F2,0,L007_S06_T012,0.29684436
L007,L007_S06,L007_S06_Q04,13,Q0011,F4,1,L007_S06_T017,0.69371718
L007,L007_S06,L007_S06_Q05,13,Q0022,F8,0,L007_S06_T022,0.31160861
L007,L007_S07,L007_S07_Q01,16,Q0007,F3,0,L007_S07_T002,0.53239768
L007,L007_S07,L007_S07_Q02,16,Q0005,F2,0,L007_S07_T007,0.32638024
L007,L007_S07,L007_S07_Q03,16,Q0018,F6,1,L007_S07_T012,0.52438064
L007,L007_S07,L007_S07_Q04,16,Q0001,F1,1,L007_S07_T017,0.60046488
L007,L007_S07,L007_S07_Q05,16,Q0020,F7,0,L007_S07_T022,0.61019256
L007,L007_S08,L007_S08_Q01,18,Q0005,F2,1,L007_S08_T002,0.35757442
L007,L007_S08,L007_S08_Q02,18,Q0001,F1,1,L007_S08_T007,0.70205556
L007,L007_S08,L007_S08_Q03,18,Q0023,F8,0,L007_S08_T012,0.3313534
L007,L007_S08,L007_S08_Q04,18,Q0015,F5,0,L007_S08_T017,0.33652763
L007,L007_S08,L007_S08_Q05,18,Q0018,F6,1,L007_S08_T022,0.65002416
L008,L008_S01,L008_S01_Q01,1,Q0007,F3,1,L008_S01_T002,0.30596761
L008,L008_S01,L008_S01_Q02,1,Q0016,F6,0,L008_S01_T007,0.2796232
L008,L008_S01,L008_S01_Q03,1,Q0005,F2,1,L008_S01_T012,0.3041439
L008,L008_S01,L008_S01_Q04,1,Q0024,F8,0,L008_S01_T017,0.28870088
L008,L008_S01,L008_S01_Q05,1,Q0017,F6,0,L008_S01_T022,0.32070745
L008,L008_S02,L008_S02_Q01,3,Q0020,F7,0,L008_S02_T002,0.20633512
L008,L008_S02,L008_S02_Q02,3,Q0009,F3,1,L008_S02_T007,0.48262153
L008,L008_S02,L008_S02_Q03,3,Q0001,F1,0,L008_S02_T012,0.19951219
L008,L008_S02,L008_S02_Q04,3,Q0023,F8,0,L008_S02_T017,0.31537794
L008,L008_S02,L008_S02_Q05,3,Q0002,F1,0,L008_S02_T022,0.2451653
L008,L008_S03,L008_S03_Q01,6,Q0011,F4,0,L008_S03_T002,0.21627282
L008,L008_S03,L008_S03_Q02,6,Q0021,F7,0,L008_S03_T007,0.2358484
L008,L008_S03,L008_S03_Q03,6,Q0015,F5,1,L008_S03_T012,0.23271567
L008,L008_S03,L008_S03_Q04,6,Q0011,F4,0,L008_S03_T017,0.26097005
L008,L008_S03,L008_S03_Q05,6,Q0002,F1,0,L008_S03_T022,0.27017181
L008,L008_S04,L008_S04_Q01,8,Q0003,F1,0,L008_S04_T002,0.29864264
L008,L008_S04,L008_S04_Q02,8,Q0015,F5,1,L008_S04_T007,0.43246683
L008,L008_S04,L008_S04_Q03,8,Q0006,F2,0,L008_S04_T012,0.43220321
L008,L008_S04,L008_S04_Q04,8,Q0015,F5,0,L008_S04_T017,0.59430349
L008,L008_S04,L008_S04_Q05,8,Q0011,F4,0,L008_S04_T022,0.29033169
L008,L008_S05,L008_S05_Q01,11,Q0007,F3,0,L008_S05_T002,0.53036934
L008,L008_S05,L008_S05_Q02,11,Q0013,F5,1,L008_S05_T007,0.57878772
L008,L008_S05,L008_S05_Q03,11,Q0019,F7,0,L008_S05_T012,0.250887
L008,L008_S05,L008_S05_Q04,11,Q0022,F8,1,L008_S05_T017,0.29829924
L008,L008_S05,L008_S05_Q05,11,Q0019,F7,1,L008_S05_T022,0.29361012
L008,L008_S06,L008_S06_Q01,13,Q0017,F6,0,L008_S06_T002,0.27754417
L008,L008_S06,L008_S06_Q02,13,Q0020,F7,1,L008_S06_T007,0.47416052
L008,L008_S06,L008_S06_Q03,13,Q0010,F4,1,L008_S06_T012,0.29701524
L008,L008_S06,L008_S06_Q04,13,Q0002,F1,1,L008_S06_T017,0.3040517
L008,L008_S06,L008_S06_Q05,13,Q0017,F6,0,L008_S06_T022,0.31874699
L008,L008_S07,L008_S07_Q01,16,Q0003,F1,0,L008_S07_T002,0.47104882
L008,L008_S07,L008_S07_Q02,16,Q0007,F3,0,L008_S07_T007,0.50024293
L008,L008_S07,L008_S07_Q03,16,Q0023,F8,1,L008_S07_T012,0.44748651
L008,L008_S07,L008_S07_Q04,16,Q0011,F4,1,L008_S07_T017,0.46633376
L008,L008_S07,L008_S07_Q05,16,Q0006,F2,1,L008_S07_T022,0.39101726
L008,L008_S08,L008_S08_Q01,18,Q0018,F6,0,L008_S08_T002,0.32107303
L008,L008_S08,L008_S08_Q02,18,Q0013,F5,1,L008_S08_T007,0.60104065
L008,L008_S08,L008_S08_Q03,18,Q0006,F2,0,L008_S08_T012,0.54085399
L008,L008_S08,L008_S08_Q04,18,Q0011,F4,0,L008_S08_T017,0.59242228
L008,L008_S08,L008_S08_Q05,18,Q0002,F1,0,L008_S08_T022,0.48007299
L009,L009_S01,L009_S01_Q01,1,Q0011,F4,0,L009_S01_T002,0.15713751
L009,L009_S01,L009_S01_Q02,1,Q0003,F1,0,L009_S01_T007,0.19183476
L009,L009_S01,L009_S01_Q03,1,Q0015,F5,0,L009_S01_T012,0.14397591
L009,L009_S01,L009_S01_Q04,1,Q0005,F2,0,L009_S01_T017,0.30133776
L009,L009_S01,L009_S01_Q05,1,Q0018,F6,0,L009_S01_T022,0.16735985
L009,L009_S02,L009_S02_Q01,3,Q0016,F6,0,L009_S02_T002,0.20685894
L009,L009_S02,L009_S02_Q02,3,Q0007,F3,1,L009_S02_T007,0.16304382
L009,L009_S02,L009_S02_Q03,3,Q0022,F8,0,L009_S02_T012,0.29080979
L009,L009_S02,L009_S02_Q04,3,Q0013,F5,0,L009_S02_T017,0.18554535
L009,L009_S02,L009_S02_Q05,3,Q0023,F8,0,L009_S02_T022,0.33069558
L009,L009_S03,L009_S03_Q01,6,Q0005,F2,0,L009_S03_T002,0.31223348
L009,L009_S03,L009_S03_Q02,6,Q0003,F1,0,L009_S03_T007,0.21750475
L009,L009_S03,L009_S03_Q03,6,Q0010,F4,0,L009_S03_T012,0.18748889
L009,L009_S03,L009_S03_Q04,6,Q0014,F5,0,L009_S03_T017,0.21957803
L009,L009_S03,L009_S03_Q05,6,Q0020,F7,0,L009_S03_T022,0.20639133
L009,L009_S04,L009_S04_Q01,8,Q0021,F7,0,L009_S04_T002,0.24243467
L009,L009_S04,L009_S04_Q02,8,Q0011,F4,0,L009_S04_T007,0.22520581
L009,L009_S04,L009_S04_Q03,8,Q0018,F6,1,L009_S04_T012,0.23050185
L009,L009_S04,L009_S04_Q04,8,Q0008,F3,0,L009_S04_T017,0.36518722
L009,L009_S04,L009_S04_Q05,8,Q0020,F7,1,L009_S04_T022,0.28504114
L009,L009_S05,L009_S05_Q01,11,Q0003,F1,0,L009_S05_T002,0.23971131
L009,L009_S05,L009_S05_Q02,11,Q0015,F5,0,L009_S05_T007,0.24150486
L009,L009_S05,L009_S05_Q03,11,Q0007,F3,1,L009_S05_T012,0.38048889
L009,L009_S05,L009_S05_Q04,11,Q0009,F3,1,L009_S05_T017,0.55469947
L009,L009_S05,L009_S05_Q05,11,Q0012,F4,0,L009_S05_T022,0.25510314
L009,L009_S06,L009_S06_Q01,13,Q0021,F7,1,L009_S06_T002,0.44556743
L009,L009_S06,L009_S06_Q02,13,Q0015,F5,0,L009_S06_T007,0.27443935
L009,L009_S06,L009_S06_Q03,13,Q0011,F4,0,L009_S06_T012,0.28683367
L009,L009_S06,L009_S06_Q04,13,Q0020,F7,1,L009_S06_T017,0.6014775
L009,L009_S06,L009_S06_Q05,13,Q0013,F5,0,L009_S06_T022,0.31524583
L009,L009_S07,L009_S07_Q01,16,Q0016,F6,0,L009_S07_T002,0.38878723
L009,L009_S07,L009_S07_Q02,16,Q0024,F8,0,L009_S07_T007,0.29373318
L009,L009_S07,L009_S07_Q03,16,Q0002,F1,0,L009_S07_T012,0.25892174
L009,L009_S07,L009_S07_Q04,16,Q0006,F2,1,L009_S07_T017,0.29484286
L009,L009_S07,L009_S07_Q05,16,Q0006,F2,0,L009_S07_T022,0.49313767
L009,L009_S08,L009_S08_Q01,18,Q0022,F8,0,L009_S08_T002,0.3220435
L009,L009_S08,L009_S08_Q02,18,Q0003,F1,0,L009_S08_T007,0.29031418
L009,L009_S08,L009_S08_Q03,18,Q0003,F1,0,L009_S08_T012,0.33022784
L009,L009_S08,L009_S08_Q04,18,Q0017,F6,1,L009_S08_T017,0.40868172
L009,L009_S08,L009_S08_Q05,18,Q0010,F4,0,L009_S08_T022,0.29968629
L010,L010_S01,L010_S01_Q01,1,Q0001,F1,0,L010_S01_T002,0.16010065
L010,L010_S01,L010_S01_Q02,1,Q0005,F2,0,L010_S01_T007,0.13917295
L010,L010_S01,L010_S01_Q03,1,Q0006,F2,0,L010_S01_T012,0.18462416
L010,L010_S01,L010_S01_Q04,1,Q0024,F8,0,L010_S01_T017,0.24280569
L010,L010_S01,L010_S01_Q05,1,Q0005,F2,1,L010_S01_T022,0.22767558
L010,L010_S02,L010_S02_Q01,3,Q0016,F6,0,L010_S02_T002,0.13418493
L010,L010_S02,L010_S02_Q02,3,Q0002,F1,0,L010_S02_T007,0.1958959
L010,L010_S02,L010_S02_Q03,3,Q0008,F3,0,L010_S02_T012,0.26583314
L010,L010_S02,L010_S02_Q04,3,Q0016,F6,0,L010_S02_T017,0.17989951
L010,L010_S02,L010_S02_Q05,3,Q0019,F7,0,L010_S02_T022,0.17118598
L010,L010_S03,L010_S03_Q01,6,Q0012,F4,0,L010_S03_T002,0.17575514
L010,L010_S03,L010_S03_Q02,6,Q0012,F4,1,L010_S03_T007,0.21927483
L010,L010_S03,L010_S03_Q03,6,Q0017,F6,0,L010_S03_T012,0.20934481
L010,L010_S03,L010_S03_Q04,6,Q0015,F5,0,L010_S03_T017,0.21833547
L010,L010_S03,L010_S03_Q05,6,Q0013,F5,0,L010_S03_T022,0.25960694
L010,L010_S04,L010_S04_Q01,8,Q0024,F8,0,L010_S04_T002,0.24350817
L010,L010_S04,L010_S04_Q02,8,Q0020,F7,0,L010_S04_T007,0.19317162
L010,L010_S04,L010_S04_Q03,8,Q0009,F3,0,L010_S04_T012,0.27373945
L010,L010_S04,L010_S04_Q04,8,Q0011,F4,1,L010_S04_T017,0.40759252
L010,L010_S04,L010_S04_Q05,8,Q0021,F7,0,L010_S04_T022,0.23577173
L010,L010_S05,L010_S05_Q01,11,Q0007,F3,0,L010_S05_T002,0.29271233
L010,L010_S05,L010_S05_Q02,11,Q0024,F8,1,L010_S05_T007,0.26585483
L010,L010_S05,L010_S05_Q03,11,Q0019,F7,0,L010_S05_T012,0.25898177
L010,L010_S05,L010_S05_Q04,11,Q0024,F8,1,L010_S05_T017,0.45966721
L010,L010_S05,L010_S05_Q05,11,Q0006,F2,0,L010_S05_T022,0.34855605
L010,L010_S06,L010_S06_Q01,13,Q0016,F6,0,L010_S06_T002,0.21621612
L010,L010_S06,L010_S06_Q02,13,Q0003,F1,0,L010_S06_T007,0.19250558
L010,L010_S06,L010_S06_Q03,13,Q0010,F4,1,L010_S06_T012,0.50685161
L010,L010_S06,L010_S06_Q04,13,Q0008,F3,0,L010_S06_T017,0.31625213
L010,L010_S06,L010_S06_Q05,13,Q0016,F6,0,L010_S06_T022,0.25759949
L010,L010_S07,L010_S07_Q01,16,Q0014,F5,0,L010_S07_T002,0.24124506
L010,L010_S07,L010_S07_Q02,16,Q0004,F2,0,L010_S07_T007,0.34415683
L010,L010_S07,L010_S07_Q03,16,Q0011,F4,1,L010_S07_T012,0.59749596
L010,L010_S07,L010_S07_Q04,16,Q0002,F1,0,L010_S07_T017,0.22054406
L010,L010_S07,L010_S07_Q05,16,Q0003,F1,0,L010_S07_T022,0.26169892
L010,L010_S08,L010_S08_Q01,18,Q0019,F7,0,L010_S08_T002,0.25670204
L010,L010_S08,L010_S08_Q02,18,Q0019,F7,0,L010_S08_T007,0.29594778
L010,L010_S08,L010_S08_Q03,18,Q0014,F5,0,L010_S08_T012,0.26954126
L010,L010_S08,L010_S08_Q04,18,Q0016,F6,1,L010_S08_T017,0.26673061
L010,L010_S08,L010_S08_Q05,18,Q0002,F1,0,L010_S08_T022,0.28810486
L011,L011_S01,L011_S01_Q01,1,Q0013,F5,0,L011_S01_T002,0.3276037
L011,L011_S01,L011_S01_Q02,1,Q0023,F8,0,L011_S01_T007,0.28097602
L011,L011_S01,L011_S01_Q03,1,Q0011,F4,0,L011_S01_T012,0.18524215
L011,L011_S01,L011_S01_Q04,1,Q0012,F4,0,L011_S01_T017,0.21505805
L011,L011_S01,L011_S01_Q05,1,Q0020,F7,1,L011_S01_T022,0.19148463
L011,L011_S02,L011_S02_Q01,3,Q0018,F6,1,L011_S02_T002,0.09862764
L011,L011_S02,L011_S02_Q02,3,Q0005,F2,0,L011_S02_T007,0.12132897
L011,L011_S02,L011_S02_Q03,3,Q0006,F2,1,L011_S02_T012,0.15348377
L011,L011_S02,L011_S02_Q04,3,Q0016,F6,0,L011_S02_T017,0.2635554
L011,L011_S02,L011_S02_Q05,3,Q0020,F7,0,L011_S02_T022,0.32762737
L011,L011_S03,L011_S03_Q01,6,Q0013,F5,1,L011_S03_T002,0.32240529
L011,L011_S03,L011_S03_Q02,6,Q0002,F1,0,L011_S03_T007,0.21667643
L011,L011_S03,L011_S03_Q03,6,Q0004,F2,1,L011_S03_T012,0.29244115
L011,L011_S03,L011_S03_Q04,6,Q0002,F1,0,L011_S03_T017,0.24534201
L011,L011_S03,L011_S03_Q05,6,Q0023,F8,0,L011_S03_T022,0.28128526
L011,L011_S04,L011_S04_Q01,8,Q0003,F1,0,L011_S04_T002,0.26347352
L011,L011_S04,L011_S04_Q02,8,Q0007,F3,0,L011_S04_T007,0.27773909
L011,L011_S04,L011_S04_Q03,8,Q0009,F3,0,L011_S04_T012,0.30417009
L011,L011_S04,L011_S04_Q04,8,Q0017,F6,0,L011_S04_T017,0.26592236
L011,L011_S04,L011_S04_Q05,8,Q0012,F4,0,L011_S04_T022,0.21539914
L011,L011_S05,L011_S05_Q01,11,Q0007,F3,1,L011_S05_T002,0.31260229
L011,L011_S05,L011_S05_Q02,11,Q0004,F2,1,L011_S05_T007,0.38620363
L011,L011_S05,L011_S05_Q03,11,Q0012,F4,0,L011_S05_T012,0.23149868
L011,L011_S05,L011_S05_Q04,11,Q0021,F7,1,L011_S05_T017,0.305767
L011,L011_S05,L011_S05_Q05,11,Q0014,F5,1,L011_S05_T022,0.40861344
L011,L011_S06,L011_S06_Q01,13,Q0012,F4,0,L011_S06_T002,0.25060023
L011,L011_S06,L011_S06_Q02,13,Q0023,F8,0,L011_S06_T007,0.2717741
L011,L011_S06,L011_S06_Q03,13,Q0024,F8,1,L011_S06_T012,0.29842339
L011,L011_S06,L011_S06_Q04,13,Q0018,F6,0,L011_S06_T017,0.26800974
L011,L011_S06,L011_S06_Q05,13,Q0003,F1,0,L011_S06_T022,0.26585016
L011,L011_S07,L011_S07_Q01,16,Q0004,F2,0,L011_S07_T002,0.45632743
L011,L011_S07,L011_S07_Q02,16,Q0013,F5,0,L011_S07_T007,0.47308746
L011,L011_S07,L011_S07_Q03,16,Q0007,F3,0,L011_S07_T012,0.40128189
L011,L011_S07,L011_S07_Q04,16,Q0016,F6,0,L011_S07_T017,0.27956519
L011,L011_S07,L011_S07_Q05,16,Q0019,F7,0,L011_S07_T022,0.39616987
L011,L011_S08,L011_S08_Q01,18,Q0003,F1,0,L011_S08_T002,0.26794607
L011,L011_S08,L011_S08_Q02,18,Q0011,F4,0,L011_S08_T007,0.25449745
L011,L011_S08,L011_S08_Q03,18,Q0011,F4,1,L011_S08_T012,0.28177898
L011,L011_S08,L011_S08_Q04,18,Q0001,F1,0,L011_S08_T017,0.29473544
L011,L011_S08,L011_S08_Q05,18,Q0001,F1,1,L011_S08_T022,0.32054446
L012,L012_S01,L012_S01_Q01,1,Q0022,F8,0,L012_S01_T002,0.16177374
L012,L012_S01,L012_S01_Q02,1,Q0021,F7,0,L012_S01_T007,0.32265894
L012,L012_S01,L012_S01_Q03,1,Q0019,F7,0,L012_S01_T012,0.3544548
L012,L012_S01,L012_S01_Q04,1,Q0002,F1,1,L012_S01_T017,0.21467638
L012,L012_S01,L012_S01_Q05,1,Q0010,F4,0,L012_S01_T022,0.21624657
L012,L012_S02,L012_S02_Q01,3,Q0018,F6,0,L012_S02_T002,0.09988053
L012,L012_S02,L012_S02_Q02,3,Q0007,F3,0,L012_S02_T007,0.254995
L012,L012_S02,L012_S02_Q03,3,Q0016,F6,0,L012_S02_T012,0.14213411
L012,L012_S02,L012_S02_Q04,3,Q0018,F6,0,L012_S02_T017,0.1824042
L012,L012_S02,L012_S02_Q05,3,Q0016,F6,0,L012_S02_T022,0.22078393
L012,L012_S03,L012_S03_Q01,6,Q0007,F3,0,L012_S03_T002,0.27367646
L012,L012_S03,L012_S03_Q02,6,Q0024,F8,0,L012_S03_T007,0.18264472
L012,L012_S03,L012_S03_Q03,6,Q0015,F5,0,L012_S03_T012,0.2981863
L012,L012_S03,L012_S03_Q04,6,Q0004,F2,0,L012_S03_T017,0.19311661
L012,L012_S03,L012_S03_Q05,6,Q0014,F5,0,L012_S03_T022,0.33113097
L012,L012_S04,L012_S04_Q01,8,Q0024,F8,0,L012_S04_T002,0.21265579
L012,L012_S04,L012_S04_Q02,8,Q0001,F1,0,L012_S04_T007,0.34864237
L012,L012_S04,L012_S04_Q03,8,Q0023,F8,0,L012_S04_T012,0.24961545
L012,L012_S04,L012_S04_Q04,8,Q0006,F2,1,L012_S04_T017,0.22225872
L012,L012_S04,L012_S04_Q05,8,Q0010,F4,0,L012_S04_T022,0.22110166
L012,L012_S05,L012_S05_Q01,11,Q0006,F2,0,L012_S05_T002,0.38206078
L012,L012_S05,L012_S05_Q02,11,Q0015,F5,1,L012_S05_T007,0.32922337
L012,L012_S05,L012_S05_Q03,11,Q0011,F4,1,L012_S05_T012,0.24318894
L012,L012_S05,L012_S05_Q04,11,Q0011,F4,0,L012_S05_T017,0.42082075
L012,L012_S05,L012_S05_Q05,11,Q0017,F6,0,L012_S05_T022,0.22058748
L012,L012_S06,L012_S06_Q01,13,Q0002,F1,0,L012_S06_T002,0.34437948
L012,L012_S06,L012_S06_Q02,13,Q0017,F6,0,L012_S06_T007,0.24745003
L012,L012_S06,L012_S06_Q03,13,Q0023,F8,0,L012_S06_T012,0.2586717
L012,L012_S06,L012_S06_Q04,13,Q0008,F3,0,L012_S06_T017,0.26892766
L012,L012_S06,L012_S06_Q05,13,Q0021,F7,0,L012_S06_T022,0.30531092
L012,L012_S07,L012_S07_Q01,16,Q0020,F7,1,L012_S07_T002,0.31893634
L012,L012_S07,L012_S07_Q02,16,Q0017,F6,0,L012_S07_T007,0.26688966
L012,L012_S07,L012_S07_Q03,16,Q0016,F6,0,L012_S07_T012,0.30130346
L012,L012_S07,L012_S07_Q04,16,Q0006,F2,0,L012_S07_T017,0.37330311
L012,L012_S07,L012_S07_Q05,16,Q0014,F5,0,L012_S07_T022,0.44195203
L012,L012_S08,L012_S08_Q01,18,Q0023,F8,0,L012_S08_T002,0.26650989
L012,L012_S08,L012_S08_Q02,18,Q0007,F3,1,L012_S08_T007,0.27538642
L012,L012_S08,L012_S08_Q03,18,Q0009,F3,1,L012_S08_T012,0.44546113
L012,L012_S08,L012_S08_Q04,18,Q0022,F8,0,L012_S08_T017,0.30094151
L012,L012_S08,L012_S08_Q05,18,Q0001,F1,0,L012_S08_T022,0.34068995
L013,L013_S01,L013_S01_Q01,1,Q0017,F6,0,L013_S01_T002,0.1052544
L013,L013_S01,L013_S01_Q02,1,Q0006,F2,0,L013_S01_T007,0.21657734
L013,L013_S01,L013_S01_Q03,1,Q0008,F3,0,L013_S01_T012,0.20380051
L013,L013_S01,L013_S01_Q04,1,Q0008,F3,0,L013_S01_T017,0.24840737
L013,L013_S01,L013_S01_Q05,1,Q0013,F5,0,L013_S01_T022,0.11505229
L013,L013_S02,L013_S02_Q01,3,Q0021,F7,0,L013_S02_T002,0.1479353
L013,L013_S02,L013_S02_Q02,3,Q0002,F1,0,L013_S02_T007,0.16517466
L013,L013_S02,L013_S02_Q03,3,Q0016,F6,0,L013_S02_T012,0.15235219
L013,L013_S02,L013_S02_Q04,3,Q0015,F5,0,L013_S02_T017,0.1614208
L013,L013_S02,L013_S02_Q05,3,Q0020,F7,0,L013_S02_T022,0.19567199
L013,L013_S03,L013_S03_Q01,6,Q0013,F5,0,L013_S03_T002,0.20233577
L013,L013_S03,L013_S03_Q02,6,Q0020,F7,0,L013_S03_T007,0.23372692
L013,L013_S03,L013_S03_Q03,6,Q0010,F4,1,L013_S03_T012,0.19791847
L013,L013_S03,L013_S03_Q04,6,Q0004,F2,0,L013_S03_T017,0.24795513
L013,L013_S03,L013_S03_Q05,6,Q0022,F8,0,L013_S03_T022,0.32322795
L013,L013_S04,L013_S04_Q01,8,Q0019,F7,1,L013_S04_T002,0.27126212
L013,L013_S04,L013_S04_Q02,8,Q0023,F8,0,L013_S04_T007,0.35410132
L013,L013_S04,L013_S04_Q03,8,Q0003,F1,0,L013_S04_T012,0.20176337
L013,L013_S04,L013_S04_Q04,8,Q0011,F4,0,L013_S04_T017,0.41435941
L013,L013_S04,L013_S04_Q05,8,Q0018,F6,1,L013_S04_T022,0.19024078
L013,L013_S05,L013_S05_Q01,11,Q0021,F7,1,L013_S05_T002,0.46156084
L013,L013_S05,L013_S05_Q02,11,Q0006,F2,0,L013_S05_T007,0.27615201
L013,L013_S05,L013_S05_Q03,11,Q0013,F5,1,L013_S05_T012,0.23515729
L013,L013_S05,L013_S05_Q04,11,Q0015,F5,1,L013_S05_T017,0.44940781
L013,L013_S05,L013_S05_Q05,11,Q0001,F1,0,L013_S05_T022,0.23930965
L013,L013_S06,L013_S06_Q01,13,Q0023,F8,1,L013_S06_T002,0.37153767
L013,L013_S06,L013_S06_Q02,13,Q0008,F3,0,L013_S06_T007,0.25813813
L013,L013_S06,L013_S06_Q03,13,Q0019,F7,0,L013_S06_T012,0.60044826
L013,L013_S06,L013_S06_Q04,13,Q0002,F1,0,L013_S06_T017,0.27642931
L013,L013_S06,L013_S06_Q05,13,Q0006,F2,0,L013_S06_T022,0.31052938
L013,L013_S07,L013_S07_Q01,16,Q0009,F3,1,L013_S07_T002,0.29097701
L013,L013_S07,L013_S07_Q02,16,Q0018,F6,0,L013_S07_T007,0.38547969
L013,L013_S07,L013_S07_Q03,16,Q0002,F1,0,L013_S07_T012,0.30774083
L013,L013_S07,L013_S07_Q04,16,Q0010,F4,0,L013_S07_T017,0.41329615
L013,L013_S07,L013_S07_Q05,16,Q0004,F2,0,L013_S07_T022,0.33899347
L013,L013_S08,L013_S08_Q01,18,Q0018,F6,0,L013_S08_T002,0.41171947
L013,L013_S08,L013_S08_Q02,18,Q0022,F8,1,L013_S08_T007,0.52127811
L013,L013_S08,L013_S08_Q03,18,Q0007,F3,1,L013_S08_T012,0.48004368
L013,L013_S08,L013_S08_Q04,18,Q0002,F1,0,L013_S08_T017,0.33976695
L013,L013_S08,L013_S08_Q05,18,Q0010,F4,1,L013_S08_T022,0.43746547
L014,L014_S01,L014_S01_Q01,1,Q0023,F8,0,L014_S01_T002,0.33039504
L014,L014_S01,L014_S01_Q02,1,Q0008,F3,0,L014_S01_T007,0.12674094
L014,L014_S01,L014_S01_Q03,1,Q0009,F3,0,L014_S01_T012,0.17543561
L014,L014_S01,L014_S01_Q04,1,Q0016,F6,0,L014_S01_T017,0.15479742
L014,L014_S01,L014_S01_Q05,1,Q0002,F1,0,L014_S01_T022,0.17435599
L014,L014_S02,L014_S02_Q01,3,Q0007,F3,1,L014_S02_T002,0.21278359
L014,L014_S02,L014_S02_Q02,3,Q0018,F6,0,L014_S02_T007,0.19405589
L014,L014_S02,L014_S02_Q03,3,Q0004,F2,0,L014_S02_T012,0.32956941
L014,L014_S02,L014_S02_Q04,3,Q0021,F7,0,L014_S02_T017,0.23001208
L014,L014_S02,L014_S02_Q05,3,Q0012,F4,0,L014_S02_T022,0.27022735
L014,L014_S03,L014_S03_Q01,6,Q0015,F5,0,L014_S03_T002,0.15778396
L014,L014_S03,L014_S03_Q02,6,Q0018,F6,0,L014_S03_T007,0.22515888
L014,L014_S03,L014_S03_Q03,6,Q0015,F5,1,L014_S03_T012,0.2047476
L014,L014_S03,L014_S03_Q04,6,Q0012,F4,0,L014_S03_T017,0.29291842
L014,L014_S03,L014_S03_Q05,6,Q0001,F1,0,L014_S03_T022,0.19954033
L014,L014_S04,L014_S04_Q01,8,Q0002,F1,0,L014_S04_T002,0.23465691
L014,L014_S04,L014_S04_Q02,8,Q0020,F7,0,L014_S04_T007,0.24712008
L014,L014_S04,L014_S04_Q03,8,Q0021,F7,0,L014_S04_T012,0.28910216
L014,L014_S04,L014_S04_Q04,8,Q0024,F8,0,L014_S04_T017,0.3199575
L014,L014_S04,L014_S04_Q05,8,Q0005,F2,0,L014_S04_T022,0.33223047
L014,L014_S05,L014_S05_Q01,11,Q0022,F8,0,L014_S05_T002,0.33715667
L014,L014_S05,L014_S05_Q02,11,Q0003,F1,0,L014_S05_T007,0.26127617
L014,L014_S05,L014_S05_Q03,11,Q0003,F1,0,L014_S05_T012,0.30246888
L014,L014_S05,L014_S05_Q04,11,Q0009,F3,0,L014_S05_T017,0.36870334
L014,L014_S05,L014_S05_Q05,11,Q0018,F6,0,L014_S05_T022,0.24297113
L014,L014_S06,L014_S06_Q01,13,Q0007,F3,0,L014_S06_T002,0.38816032
L014,L014_S06,L014_S06_Q02,13,Q0019,F7,0,L014_S06_T007,0.29763549
L014,L014_S06,L014_S06_Q03,13,Q0005,F2,0,L014_S06_T012,0.33450538
L014,L014_S06,L014_S06_Q04,13,Q0005,F2,0,L014_S06_T017,0.37161468
L014,L014_S06,L014_S06_Q05,13,Q0018,F6,0,L014_S06_T022,0.27406727
L014,L014_S07,L014_S07_Q01,16,Q0011,F4,0,L014_S07_T002,0.27242511
L014,L014_S07,L014_S07_Q02,16,Q0021,F7,0,L014_S07_T007,0.31729978
L014,L014_S07,L014_S07_Q03,16,Q0012,F4,0,L014_S07_T012,0.31299614
L014,L014_S07,L014_S07_Q04,16,Q0022,F8,0,L014_S07_T017,0.33871673
L014,L014_S07,L014_S07_Q05,16,Q0018,F6,1,L014_S07_T022,0.29633428
L014,L014_S08,L014_S08_Q01,18,Q0001,F1,1,L014_S08_T002,0.29701441
L014,L014_S08,L014_S08_Q02,18,Q0017,F6,0,L014_S08_T007,0.47332336
L014,L014_S08,L014_S08_Q03,18,Q0013,F5,1,L014_S08_T012,0.33595209
L014,L014_S08,L014_S08_Q04,18,Q0014,F5,1,L014_S08_T017,0.52109527
L014,L014_S08,L014_S08_Q05,18,Q0018,F6,1,L014_S08_T022,0.5026919
L015,L015_S01,L015_S01_Q01,1,Q0010,F4,0,L015_S01_T002,0.1680497
L015,L015_S01,L015_S01_Q02,1,Q0014,F5,0,L015_S01_T007,0.11154563
L015,L015_S01,L015_S01_Q03,1,Q0021,F7,1,L015_S01_T012,0.20109937
L015,L015_S01,L015_S01_Q04,1,Q0012,F4,0,L015_S01_T017,0.20994195
L015,L015_S01,L015_S01_Q05,1,Q0022,F8,0,L015_S01_T022,0.25657675
L015,L015_S02,L015_S02_Q01,3,Q0008,F3,0,L015_S02_T002,0.27181799
L015,L015_S02,L015_S02_Q02,3,Q0015,F5,1,L015_S02_T007,0.15029982
L015,L015_S02,L015_S02_Q03,3,Q0006,F2,0,L015_S02_T012,0.18286371
L015,L015_S02,L015_S02_Q04,3,Q0014,F5,1,L015_S02_T017,0.36422995
L015,L015_S02,L015_S02_Q05,3,Q0009,F3,0,L015_S02_T022,0.30848506
L015,L015_S03,L015_S03_Q01,6,Q0002,F1,0,L015_S03_T002,0.18002934
L015,L015_S03,L015_S03_Q02,6,Q0001,F1,0,L015_S03_T007,0.22131836
L015,L015_S03,L015_S03_Q03,6,Q0018,F6,0,L015_S03_T012,0.20245374
L015,L015_S03,L015_S03_Q04,6,Q0005,F2,1,L015_S03_T017,0.21126966
L015,L015_S03,L015_S03_Q05,6,Q0017,F6,0,L015_S03_T022,0.2426136
L015,L015_S04,L015_S04_Q01,8,Q0020,F7,0,L015_S04_T002,0.35087103
L015,L015_S04,L015_S04_Q02,8,Q0016,F6,1,L015_S04_T007,0.27000272
L015,L015_S04,L015_S04_Q03,8,Q0022,F8,0,L015_S04_T012,0.25646414
L015,L015_S04,L015_S04_Q04,8,Q0001,F1,0,L015_S04_T017,0.25055402
L015,L015_S04,L015_S04_Q05,8,Q0012,F4,1,L015_S04_T022,0.21783327
L015,L015_S05,L015_S05_Q01,11,Q0020,F7,1,L015_S05_T002,0.36174299
L015,L015_S05,L015_S05_Q02,11,Q0001,F1,0,L015_S05_T007,0.2718955
L015,L015_S05,L015_S05_Q03,11,Q0014,F5,1,L015_S05_T012,0.44850222
L015,L015_S05,L015_S05_Q04,11,Q0005,F2,0,L015_S05_T017,0.37174096
L015,L015_S05,L015_S05_Q05,11,Q0024,F8,1,L015_S05_T022,0.27718882
L015,L015_S06,L015_S06_Q01,13,Q0024,F8,1,L015_S06_T002,0.44159262
L015,L015_S06,L015_S06_Q02,13,Q0010,F4,1,L015_S06_T007,0.3761954
L015,L015_S06,L015_S06_Q03,13,Q0023,F8,0,L015_S06_T012,0.58218358
L015,L015_S06,L015_S06_Q04,13,Q0008,F3,0,L015_S06_T017,0.28243173
L015,L015_S06,L015_S06_Q05,13,Q0003,F1,0,L015_S06_T022,0.29674556
L015,L015_S07,L015_S07_Q01,16,Q0007,F3,1,L015_S07_T002,0.30044631
L015,L015_S07,L015_S07_Q02,16,Q0004,F2,0,L015_S07_T007,0.36586996
L015,L015_S07,L015_S07_Q03,16,Q0008,F3,0,L015_S07_T012,0.47657386
L015,L015_S07,L015_S07_Q04,16,Q0021,F7,1,L015_S07_T017,0.47386079
L015,L015_S07,L015_S07_Q05,16,Q0007,F3,1,L015_S07_T022,0.5029306
L015,L015_S08,L015_S08_Q01,18,Q0013,F5,1,L015_S08_T002,0.5123447
L015,L015_S08,L015_S08_Q02,18,Q0002,F1,1,L015_S08_T007,0.30127295
L015,L015_S08,L015_S08_Q03,18,Q0017,F6,0,L015_S08_T012,0.37332938
L015,L015_S08,L015_S08_Q04,18,Q0018,F6,0,L015_S08_T017,0.40488491
L015,L015_S08,L015_S08_Q05,18,Q0011,F4,0,L015_S08_T022,0.48366902
L016,L016_S01,L016_S01_Q01,1,Q0003,F1,0,L016_S01_T002,0.210852
L016,L016_S01,L016_S01_Q02,1,Q0006,F2,0,L016_S01_T007,0.20904532
L016,L016_S01,L016_S01_Q03,1,Q0022,F8,0,L016_S01_T012,0.28549888
L016,L016_S01,L016_S01_Q04,1,Q0014,F5,0,L016_S01_T017,0.10908042
L016,L016_S01,L016_S01_Q05,1,Q0023,F8,0,L016_S01_T022,0.32307658
L016,L016_S02,L016_S02_Q01,3,Q0015,F5,0,L016_S02_T002,0.15233187
L016,L016_S02,L016_S02_Q02,3,Q0017,F6,0,L016_S02_T007,0.15586749
L016,L016_S02,L016_S02_Q03,3,Q0015,F5,0,L016_S02_T012,0.19691322
L016,L016_S02,L016_S02_Q04,3,Q0011,F4,0,L016_S02_T017,0.31303061
L016,L016_S02,L016_S02_Q05,3,Q0019,F7,0,L016_S02_T022,0.30266275
L016,L016_S03,L016_S03_Q01,6,Q0019,F7,0,L016_S03_T002,0.32763985
L016,L016_S03,L016_S03_Q02,6,Q0017,F6,0,L016_S03_T007,0.19335928
L016,L016_S03,L016_S03_Q03,6,Q0004,F2,1,L016_S03_T012,0.23640941
L016,L016_S03,L016_S03_Q04,6,Q0012,F4,1,L016_S03_T017,0.33712382
L016,L016_S03,L016_S03_Q05,6,Q0016,F6,1,L016_S03_T022,0.23578288
L016,L016_S04,L016_S04_Q01,8,Q0014,F5,0,L016_S04_T002,0.22556814
L016,L016_S04,L016_S04_Q02,8,Q0001,F1,0,L016_S04_T007,0.23252172
L016,L016_S04,L016_S04_Q03,8,Q0007,F3,0,L016_S04_T012,0.26813935
L016,L016_S04,L016_S04_Q04,8,Q0016,F6,1,L016_S04_T017,0.42664919
L016,L016_S04,L016_S04_Q05,8,Q0008,F3,0,L016_S04_T022,0.30663005
L016,L016_S05,L016_S05_Q01,11,Q0014,F5,0,L016_S05_T002,0.25711776
L016,L016_S05,L016_S05_Q02,11,Q0004,F2,0,L016_S05_T007,0.41237696
L016,L016_S05,L016_S05_Q03,11,Q0009,F3,1,L016_S05_T012,0.33126892
L016,L016_S05,L016_S05_Q04,11,Q0022,F8,1,L016_S05_T017,0.31909485
L016,L016_S05,L016_S05_Q05,11,Q0013,F5,0,L016_S05_T022,0.29618811
L016,L016_S06,L016_S06_Q01,13,Q0002,F1,0,L016_S06_T002,0.25738797
L016,L016_S06,L016_S06_Q02,13,Q0013,F5,0,L016_S06_T007,0.32550132
L016,L016_S06,L016_S06_Q03,13,Q0024,F8,0,L016_S06_T012,0.48663365
L016,L016_S06,L016_S06_Q04,13,Q0010,F4,0,L016_S06_T017,0.47124044
L016,L016_S06,L016_S06_Q05,13,Q0002,F1,0,L016_S06_T022,0.29644411
L016,L016_S07,L016_S07_Q01,16,Q0002,F1,0,L016_S07_T002,0.32195137
L016,L016_S07,L016_S07_Q02,16,Q0018,F6,0,L016_S07_T007,0.52585261
L016,L016_S07,L016_S07_Q03,16,Q0019,F7,0,L016_S07_T012,0.32294101
L016,L016_S07,L016_S07_Q04,16,Q0006,F2,0,L016_S07_T017,0.41810699
L016,L016_S07,L016_S07_Q05,16,Q0021,F7,0,L016_S07_T022,0.35854953
L016,L016_S08,L016_S08_Q01,18,Q0020,F7,0,L016_S08_T002,0.38321724
L016,L016_S08,L016_S08_Q02,18,Q0012,F4,1,L016_S08_T007,0.47070752
L016,L016_S08,L016_S08_Q03,18,Q0001,F1,0,L016_S08_T012,0.34934539
L016,L016_S08,L016_S08_Q04,18,Q0008,F3,1,L016_S08_T017,0.46726434
L016,L016_S08,L016_S08_Q05,18,Q0017,F6,0,L016_S08_T022,0.53805739
L017,L017_S01,L017_S01_Q01,1,Q0016,F6,0,L017_S01_T002,0.13059406
L017,L017_S01,L017_S01_Q02,1,Q0022,F8,0,L017_S01_T007,0.34079832
L017,L017_S01,L017_S01_Q03,1,Q0017,F6,0,L017_S01_T012,0.17893491
L017,L017_S01,L017_S01_Q04,1,Q0006,F2,0,L017_S01_T017,0.22834582
L017,L017_S01,L017_S01_Q05,1,Q0022,F8,0,L017_S01_T022,0.37745135
L017,L017_S02,L017_S02_Q01,3,Q0021,F7,0,L017_S02_T002,0.32934891
L017,L017_S02,L017_S02_Q02,3,Q0006,F2,1,L017_S02_T007,0.26117059
L017,L017_S02,L017_S02_Q03,3,Q0003,F1,0,L017_S02_T012,0.30578089
L017,L017_S02,L017_S02_Q04,3,Q0011,F4,1,L017_S02_T017,0.21551764
L017,L017_S02,L017_S02_Q05,3,Q0015,F5,0,L017_S02_T022,0.18547386
L017,L017_S03,L017_S03_Q01,6,Q0017,F6,0,L017_S03_T002,0.20429927
L017,L017_S03,L017_S03_Q02,6,Q0009,F3,0,L017_S03_T007,0.22253251
L017,L017_S03,L017_S03_Q03,6,Q0016,F6,0,L017_S03_T012,0.24854195
L017,L017_S03,L017_S03_Q04,6,Q0003,F1,0,L017_S03_T017,0.32536245
L017,L017_S03,L017_S03_Q05,6,Q0015,F5,0,L017_S03_T022,0.21801932
L017,L017_S04,L017_S04_Q01,8,Q0009,F3,0,L017_S04_T002,0.25588455
L017,L017_S04,L017_S04_Q02,8,Q0013,F5,1,L017_S04_T007,0.2517807
L017,L017_S04,L017_S04_Q03,8,Q0016,F6,1,L017_S04_T012,0.27953493
L017,L017_S04,L017_S04_Q04,8,Q0021,F7,1,L017_S04_T017,0.33351748
L017,L017_S04,L017_S04_Q05,8,Q0012,F4,0,L017_S04_T022,0.39444092
L017,L017_S05,L017_S05_Q01,11,Q0015,F5,0,L017_S05_T002,0.43440152
L017,L017_S05,L017_S05_Q02,11,Q0021,F7,0,L017_S05_T007,0.49015558
L017,L017_S05,L017_S05_Q03,11,Q0007,F3,0,L017_S05_T012,0.28084277
L017,L017_S05,L017_S05_Q04,11,Q0009,F3,0,L017_S05_T017,0.32082947
L017,L017_S05,L017_S05_Q05,11,Q0007,F3,0,L017_S05_T022,0.35859282
L017,L017_S06,L017_S06_Q01,13,Q0018,F6,1,L017_S06_T002,0.43648535
L017,L017_S06,L017_S06_Q02,13,Q0002,F1,0,L017_S06_T007,0.3178251
L017,L017_S06,L017_S06_Q03,13,Q0015,F5,0,L017_S06_T012,0.44853703
L017,L017_S06,L017_S06_Q04,13,Q0017,F6,0,L017_S06_T017,0.59314852
L017,L017_S06,L017_S06_Q05,13,Q0024,F8,0,L017_S06_T022,0.32830712
L017,L017_S07,L017_S07_Q01,16,Q0011,F4,1,L017_S07_T002,0.3679302
L017,L017_S07,L017_S07_Q02,16,Q0020,F7,0,L017_S07_T007,0.47166386
L017,L017_S07,L017_S07_Q03,16,Q0011,F4,1,L017_S07_T012,0.54365244
L017,L017_S07,L017_S07_Q04,16,Q0001,F1,1,L017_S07_T017,0.33610881
L017,L017_S07,L017_S07_Q05,16,Q0004,F2,0,L017_S07_T022,0.36476145
L017,L017_S08,L017_S08_Q01,18,Q0006,F2,1,L017_S08_T002,0.38521331
L017,L017_S08,L017_S08_Q02,18,Q0024,F8,0,L017_S08_T007,0.33262249
L017,L017_S08,L017_S08_Q03,18,Q0024,F8,1,L017_S08_T012,0.36973013
L017,L017_S08,L017_S08_Q04,18,Q0001,F1,0,L017_S08_T017,0.50132711
L017,L017_S08,L017_S08_Q05,18,Q0008,F3,0,L017_S08_T022,0.34531182
L018,L018_S01,L018_S01_Q01,1,Q0023,F8,0,L018_S01_T002,0.15115375
L018,L018_S01,L018_S01_Q02,1,Q0010,F4,1,L018_S01_T007,0.31248015
L018,L018_S01,L018_S01_Q03,1,Q0003,F1,1,L018_S01_T012,0.20536502
L018,L018_S01,L018_S01_Q04,1,Q0015,F5,0,L018_S01_T017,0.27276804
L018,L018_S01,L018_S01_Q05,1,Q0003,F1,0,L018_S01_T022,0.37039751
L018,L018_S02,L018_S02_Q01,3,Q0020,F7,0,L018_S02_T002,0.21912113
L018,L018_S02,L018_S02_Q02,3,Q0005,F2,0,L018_S02_T007,0.16539354
L018,L018_S02,L018_S02_Q03,3,Q0007,F3,0,L018_S02_T012,0.10440223
L018,L018_S02,L018_S02_Q04,3,Q0024,F8,0,L018_S02_T017,0.18163384
L018,L018_S02,L018_S02_Q05,3,Q0010,F4,0,L018_S02_T022,0.44359709
L018,L018_S03,L018_S03_Q01,6,Q0007,F3,0,L018_S03_T002,0.13619304
L018,L018_S03,L018_S03_Q02,6,Q0009,F3,0,L018_S03_T007,0.17207271
L018,L018_S03,L018_S03_Q03,6,Q0006,F2,0,L018_S03_T012,0.19241783
L018,L018_S03,L018_S03_Q04,6,Q0018,F6,0,L018_S03_T017,0.16072811
L018,L018_S03,L018_S03_Q05,6,Q0016,F6,1,L018_S03_T022,0.19558868
L018,L018_S04,L018_S04_Q01,8,Q0014,F5,0,L018_S04_T002,0.27665383
L018,L018_S04,L018_S04_Q02,8,Q0016,F6,0,L018_S04_T007,0.35335597
L018,L018_S04,L018_S04_Q03,8,Q0007,F3,1,L018_S04_T012,0.20116997
L018,L018_S04,L018_S04_Q04,8,Q0019,F7,1,L018_S04_T017,0.23574492
L018,L018_S04,L018_S04_Q05,8,Q0022,F8,0,L018_S04_T022,0.20207308
L018,L018_S05,L018_S05_Q01,11,Q0013,F5,1,L018_S05_T002,0.29498302
L018,L018_S05,L018_S05_Q02,11,Q0011,F4,0,L018_S05_T007,0.42066562
L018,L018_S05,L018_S05_Q03,11,Q0006,F2,0,L018_S05_T012,0.21175947
L018,L018_S05,L018_S05_Q04,11,Q0011,F4,0,L018_S05_T017,0.44472925
L018,L018_S05,L018_S05_Q05,11,Q0017,F6,1,L018_S05_T022,0.36569082
L018,L018_S06,L018_S06_Q01,13,Q0007,F3,0,L018_S06_T002,0.34400164
L018,L018_S06,L018_S06_Q02,13,Q0009,F3,0,L018_S06_T007,0.37124963
L018,L018_S06,L018_S06_Q03,13,Q0022,F8,1,L018_S06_T012,0.22043202
L018,L018_S06,L018_S06_Q04,13,Q0021,F7,0,L018_S06_T017,0.3696741
L018,L018_S06,L018_S06_Q05,13,Q0022,F8,1,L018_S06_T022,0.38233534
L018,L018_S07,L018_S07_Q01,16,Q0001,F1,0,L018_S07_T002,0.32637634
L018,L018_S07,L018_S07_Q02,16,Q0020,F7,0,L018_S07_T007,0.38073367
L018,L018_S07,L018_S07_Q03,16,Q0014,F5,1,L018_S07_T012,0.41365935
L018,L018_S07,L018_S07_Q04,16,Q0001,F1,0,L018_S07_T017,0.35435643
L018,L018_S07,L018_S07_Q05,16,Q0006,F2,0,L018_S07_T022,0.22913253
L018,L018_S08,L018_S08_Q01,18,Q0006,F2,1,L018_S08_T002,0.25445789
L018,L018_S08,L018_S08_Q02,18,Q0022,F8,1,L018_S08_T007,0.47851988
L018,L018_S08,L018_S08_Q03,18,Q0005,F2,1,L018_S08_T012,0.40929461
L018,L018_S08,L018_S08_Q04,18,Q0018,F6,0,L018_S08_T017,0.45421228
L018,L018_S08,L018_S08_Q05,18,Q0004,F2,1,L018_S08_T022,0.53197431
L019,L019_S01,L019_S01_Q01,1,Q0004,F2,1,L019_S01_T002,0.31525003
L019,L019_S01,L019_S01_Q02,1,Q0004,F2,1,L019_S01_T007,0.50564557
L019,L019_S01,L019_S01_Q03,1,Q0022,F8,1,L019_S01_T012,0.13320956
L019,L019_S01,L019_S01_Q04,1,Q0017,F6,0,L019_S01_T017,0.29686912
L019,L019_S01,L019_S01_Q05,1,Q0024,F8,1,L019_S01_T022,0.37422166
L019,L019_S02,L019_S02_Q01,3,Q0012,F4,0,L019_S02_T002,0.19410958
L019,L019_S02,L019_S02_Q02,3,Q0008,F3,0,L019_S02_T007,0.25732329
L019,L019_S02,L019_S02_Q03,3,Q0012,F4,0,L019_S02_T012,0.23892534
L019,L019_S02,L019_S02_Q04,3,Q0001,F1,0,L019_S02_T017,0.26469041
L019,L019_S02,L019_S02_Q05,3,Q0008,F3,0,L019_S02_T022,0.29862372
L019,L019_S03,L019_S03_Q01,6,Q0020,F7,0,L019_S03_T002,0.17523134
L019,L019_S03,L019_S03_Q02,6,Q0015,F5,0,L019_S03_T007,0.19850885
L019,L019_S03,L019_S03_Q03,6,Q0021,F7,0,L019_S03_T012,0.22109692
L019,L019_S03,L019_S03_Q04,6,Q0015,F5,0,L019_S03_T017,0.24307996
L019,L019_S03,L019_S03_Q05,6,Q0017,F6,1,L019_S03_T022,0.30322115
L019,L019_S04,L019_S04_Q01,8,Q0021,F7,0,L019_S04_T002,0.25378409
L019,L019_S04,L019_S04_Q02,8,Q0003,F1,0,L019_S04_T007,0.27579415
L019,L019_S04,L019_S04_Q03,8,Q0013,F5,1,L019_S04_T012,0.2737102
L019,L019_S04,L019_S04_Q04,8,Q0023,F8,0,L019_S04_T017,0.47489413
L019,L019_S04,L019_S04_Q05,8,Q0021,F7,1,L019_S04_T022,0.29528133
L019,L019_S05,L019_S05_Q01,11,Q0010,F4,0,L019_S05_T002,0.23868458
L019,L019_S05,L019_S05_Q02,11,Q0023,F8,0,L019_S05_T007,0.47401034
L019,L019_S05,L019_S05_Q03,11,Q0005,F2,0,L019_S05_T012,0.5238373
L019,L019_S05,L019_S05_Q04,11,Q0020,F7,0,L019_S05_T017,0.46191201
L019,L019_S05,L019_S05_Q05,11,Q0001,F1,0,L019_S05_T022,0.2972041
L019,L019_S06,L019_S06_Q01,13,Q0011,F4,1,L019_S06_T002,0.26972609
L019,L019_S06,L019_S06_Q02,13,Q0008,F3,0,L019_S06_T007,0.27501391
L019,L019_S06,L019_S06_Q03,13,Q0017,F6,1,L019_S06_T012,0.43049139
L019,L019_S06,L019_S06_Q04,13,Q0007,F3,1,L019_S06_T017,0.31533056
L019,L019_S06,L019_S06_Q05,13,Q0003,F1,1,L019_S06_T022,0.32276999
L019,L019_S07,L019_S07_Q01,16,Q0006,F2,1,L019_S07_T002,0.49667381
L019,L019_S07,L019_S07_Q02,16,Q0007,F3,0,L019_S07_T007,0.47552267
L019,L019_S07,L019_S07_Q03,16,Q0014,F5,1,L019_S07_T012,0.40367001
L019,L019_S07,L019_S07_Q04,16,Q0021,F7,1,L019_S07_T017,0.44389279
L019,L019_S07,L019_S07_Q05,16,Q0002,F1,1,L019_S07_T022,0.48057301
L019,L019_S08,L019_S08_Q01,18,Q0021,F7,0,L019_S08_T002,0.57446209
L019,L019_S08,L019_S08_Q02,18,Q0012,F4,1,L019_S08_T007,0.42669467
L019,L019_S08,L019_S08_Q03,18,Q0017,F6,1,L019_S08_T012,0.53144544
L019,L019_S08,L019_S08_Q04,18,Q0023,F8,0,L019_S08_T017,0.43594824
L019,L019_S08,L019_S08_Q05,18,Q0014,F5,0,L019_S08_T022,0.54659049
L020,L020_S01,L020_S01_Q01,1,Q0023,F8,0,L020_S01_T002,0.17768515
L020,L020_S01,L020_S01_Q02,1,Q0002,F1,0,L020_S01_T007,0.13287654
L020,L020_S01,L020_S01_Q03,1,Q0005,F2,0,L020_S01_T012,0.32496317
L020,L020_S01,L020_S01_Q04,1,Q0010,F4,0,L020_S01_T017,0.18971154
L020,L020_S01,L020_S01_Q05,1,Q0018,F6,0,L020_S01_T022,0.22984861
L020,L020_S02,L020_S02_Q01,3,Q0005,F2,0,L020_S02_T002,0.34093788
L020,L020_S02,L020_S02_Q02,3,Q0022,F8,1,L020_S02_T007,0.20441664
L020,L020_S02,L020_S02_Q03,3,Q0013,F5,0,L020_S02_T012,0.13117583
L020,L020_S02,L020_S02_Q04,3,Q0016,F6,1,L020_S02_T017,0.25277023
L020,L020_S02,L020_S02_Q05,3,Q0008,F3,0,L020_S02_T022,0.14000917
L020,L020_S03,L020_S03_Q01,6,Q0010,F4,1,L020_S03_T002,0.20487842
L020,L020_S03,L020_S03_Q02,6,Q0002,F1,0,L020_S03_T007,0.1548062
L020,L020_S03,L020_S03_Q03,6,Q0002,F1,1,L020_S03_T012,0.18952521
L020,L020_S03,L020_S03_Q04,6,Q0008,F3,0,L020_S03_T017,0.16664404
L020,L020_S03,L020_S03_Q05,6,Q0019,F7,0,L020_S03_T022,0.19257328
L020,L020_S04,L020_S04_Q01,8,Q0015,F5,0,L020_S04_T002,0.15330785
L020,L020_S04,L020_S04_Q02,8,Q0021,F7,0,L020_S04_T007,0.21821738
L020,L020_S04,L020_S04_Q03,8,Q0002,F1,0,L020_S04_T012,0.34412484
L020,L020_S04,L020_S04_Q04,8,Q0013,F5,0,L020_S04_T017,0.18808841
L020,L020_S04,L020_S04_Q05,8,Q0009,F3,0,L020_S04_T022,0.19418193
L020,L020_S05,L020_S05_Q01,11,Q0002,F1,0,L020_S05_T002,0.352672
L020,L020_S05,L020_S05_Q02,11,Q0013,F5,0,L020_S05_T007,0.21046274
L020,L020_S05,L020_S05_Q03,11,Q0001,F1,0,L020_S05_T012,0.37926304
L020,L020_S05,L020_S05_Q04,11,Q0016,F6,0,L020_S05_T017,0.35473478
L020,L020_S05,L020_S05_Q05,11,Q0016,F6,0,L020_S05_T022,0.38124109
L020,L020_S06,L020_S06_Q01,13,Q0009,F3,1,L020_S06_T002,0.20881688
L020,L020_S06,L020_S06_Q02,13,Q0011,F4,1,L020_S06_T007,0.32700003
L020,L020_S06,L020_S06_Q03,13,Q0009,F3,1,L020_S06_T012,0.37131861
L020,L020_S06,L020_S06_Q04,13,Q0012,F4,0,L020_S06_T017,0.46522803
L020,L020_S06,L020_S06_Q05,13,Q0006,F2,0,L020_S06_T022,0.31063922
L020,L020_S07,L020_S07_Q01,16,Q0013,F5,0,L020_S07_T002,0.22316044
L020,L020_S07,L020_S07_Q02,16,Q0019,F7,1,L020_S07_T007,0.21859089
L020,L020_S07,L020_S07_Q03,16,Q0014,F5,0,L020_S07_T012,0.25507158
L020,L020_S07,L020_S07_Q04,16,Q0023,F8,0,L020_S07_T017,0.29508837
L020,L020_S07,L020_S07_Q05,16,Q0014,F5,0,L020_S07_T022,0.28567186
L020,L020_S08,L020_S08_Q01,18,Q0004,F2,0,L020_S08_T002,0.31141695
L020,L020_S08,L020_S08_Q02,18,Q0021,F7,1,L020_S08_T007,0.36645096
L020,L020_S08,L020_S08_Q03,18,Q0024,F8,1,L020_S08_T012,0.31324505
L020,L020_S08,L020_S08_Q04,18,Q0013,F5,0,L020_S08_T017,0.3045163
L020,L020_S08,L020_S08_Q05,18,Q0014,F5,1,L020_S08_T022,0.33308549
L021,L021_S01,L021_S01_Q01,1,Q0006,F2,1,L021_S01_T002,0.18833079
L021,L021_S01,L021_S01_Q02,1,Q0014,F5,1,L021_S01_T007,0.22843349
L021,L021_S01,L021_S01_Q03,1,Q0016,F6,0,L021_S01_T012,0.16127937
L021,L021_S01,L021_S01_Q04,1,Q0003,F1,0,L021_S01_T017,0.11296518
L021,L021_S01,L021_S01_Q05,1,Q0009,F3,0,L021_S01_T022,0.28775743
L021,L021_S02,L021_S02_Q01,3,Q0017,F6,0,L021_S02_T002,0.18645201
L021,L021_S02,L021_S02_Q02,3,Q0009,F3,0,L021_S02_T007,0.3038349
L021,L021_S02,L021_S02_Q03,3,Q0004,F2,0,L021_S02_T012,0.3309398
L021,L021_S02,L021_S02_Q04,3,Q0002,F1,0,L021_S02_T017,0.14161214
L021,L021_S02,L021_S02_Q05,3,Q0002,F1,0,L021_S02_T022,0.17432498
L021,L021_S03,L021_S03_Q01,6,Q0015,F5,1,L021_S03_T002,0.34333393
L021,L021_S03,L021_S03_Q02,6,Q0023,F8,1,L021_S03_T007,0.2929329
L021,L021_S03,L021_S03_Q03,6,Q0012,F4,0,L021_S03_T012,0.18710614
L021,L021_S03,L021_S03_Q04,6,Q0023,F8,0,L021_S03_T017,0.42766318
L021,L021_S03,L021_S03_Q05,6,Q0001,F1,0,L021_S03_T022,0.19503953
L021,L021_S04,L021_S04_Q01,8,Q0010,F4,0,L021_S04_T002,0.21042155
L021,L021_S04,L021_S04_Q02,8,Q0001,F1,0,L021_S04_T007,0.21778444
L021,L021_S04,L021_S04_Q03,8,Q0016,F6,0,L021_S04_T012,0.19885265
L021,L021_S04,L021_S04_Q04,8,Q0019,F7,0,L021_S04_T017,0.293969
L021,L021_S04,L021_S04_Q05,8,Q0021,F7,0,L021_S04_T022,0.32087557
L021,L021_S05,L021_S05_Q01,11,Q0019,F7,0,L021_S05_T002,0.32864036
L021,L021_S05,L021_S05_Q02,11,Q0005,F2,0,L021_S05_T007,0.30891519
L021,L021_S05,L021_S05_Q03,11,Q0018,F6,0,L021_S05_T012,0.21739985
L021,L021_S05,L021_S05_Q04,11,Q0021,F7,0,L021_S05_T017,0.35422562
L021,L021_S05,L021_S05_Q05,11,Q0013,F5,0,L021_S05_T022,0.42838362
L021,L021_S06,L021_S06_Q01,13,Q0010,F4,1,L021_S06_T002,0.21993628
L021,L021_S06,L021_S06_Q02,13,Q0018,F6,0,L021_S06_T007,0.23853681
L021,L021_S06,L021_S06_Q03,13,Q0022,F8,0,L021_S06_T012,0.39657856
L021,L021_S06,L021_S06_Q04,13,Q0001,F1,0,L021_S06_T017,0.22641269
L021,L021_S06,L021_S06_Q05,13,Q0013,F5,0,L021_S06_T022,0.4343485
L021,L021_S07,L021_S07_Q01,16,Q0003,F1,0,L021_S07_T002,0.24252458
L021,L021_S07,L021_S07_Q02,16,Q0018,F6,0,L021_S07_T007,0.25357736
L021,L021_S07,L021_S07_Q03,16,Q0017,F6,0,L021_S07_T012,0.28202324
L021,L021_S07,L021_S07_Q04,16,Q0009,F3,0,L021_S07_T017,0.26182469
L021,L021_S07,L021_S07_Q05,16,Q0024,F8,1,L021_S07_T022,0.39765395
L021,L021_S08,L021_S08_Q01,18,Q0009,F3,1,L021_S08_T002,0.279767
L021,L021_S08,L021_S08_Q02,18,Q0011,F4,1,L021_S08_T007,0.33704426
L021,L021_S08,L021_S08_Q03,18,Q0001,F1,0,L021_S08_T012,0.26185478
L021,L021_S08,L021_S08_Q04,18,Q0004,F2,1,L021_S08_T017,0.29579822
L021,L021_S08,L021_S08_Q05,18,Q0011,F4,0,L021_S08_T022,0.46336921
L022,L022_S01,L022_S01_Q01,1,Q0002,F1,0,L022_S01_T002,0.14657635
L022,L022_S01,L022_S01_Q02,1,Q0001,F1,0,L022_S01_T007,0.18498796
L022,L022_S01,L022_S01_Q03,1,Q0008,F3,1,L022_S01_T012,0.18173969
L022,L022_S01,L022_S01_Q04,1,Q0012,F4,0,L022_S01_T017,0.12740313
L022,L022_S01,L022_S01_Q05,1,Q0004,F2,0,L022_S01_T022,0.21399582
L022,L022_S02,L022_S02_Q01,3,Q0017,F6,0,L022_S02_T002,0.26894923
L022,L022_S02,L022_S02_Q02,3,Q0014,F5,0,L022_S02_T007,0.12881812
L022,L022_S02,L022_S02_Q03,3,Q0015,F5,0,L022_S02_T012,0.16802901
L022,L022_S02,L022_S02_Q04,3,Q0006,F2,0,L022_S02_T017,0.24275544
L022,L022_S02,L022_S02_Q05,3,Q0007,F3,1,L022_S02_T022,0.3561751
L022,L022_S03,L022_S03_Q01,6,Q0010,F4,0,L022_S03_T002,0.15583914
L022,L022_S03,L022_S03_Q02,6,Q0024,F8,0,L022_S03_T007,0.11951101
L022,L022_S03,L022_S03_Q03,6,Q0018,F6,1,L022_S03_T012,0.2899178
L022,L022_S03,L022_S03_Q04,6,Q0020,F7,0,L022_S03_T017,0.24572314
L022,L022_S03,L022_S03_Q05,6,Q0019,F7,1,L022_S03_T022,0.27967228
L022,L022_S04,L022_S04_Q01,8,Q0010,F4,0,L022_S04_T002,0.18869014
L022,L022_S04,L022_S04_Q02,8,Q0024,F8,0,L022_S04_T007,0.15491774
L022,L022_S04,L022_S04_Q03,8,Q0014,F5,0,L022_S04_T012,0.19211361
L022,L022_S04,L022_S04_Q04,8,Q0023,F8,0,L022_S04_T017,0.19295392
L022,L022_S04,L022_S04_Q05,8,Q0002,F1,0,L022_S04_T022,0.20175622
L022,L022_S05,L022_S05_Q01,11,Q0019,F7,1,L022_S05_T002,0.41305033
L022,L022_S05,L022_S05_Q02,11,Q0009,F3,1,L022_S05_T007,0.44995779
L022,L022_S05,L022_S05_Q03,11,Q0011,F4,0,L022_S05_T012,0.21630167
L022,L022_S05,L022_S05_Q04,11,Q0006,F2,1,L022_S05_T017,0.24860184
L022,L022_S05,L022_S05_Q05,11,Q0018,F6,0,L022_S05_T022,0.42047385
L022,L022_S06,L022_S06_Q01,13,Q0014,F5,0,L022_S06_T002,0.21361853
L022,L022_S06,L022_S06_Q02,13,Q0015,F5,0,L022_S06_T007,0.24901265
L022,L022_S06,L022_S06_Q03,13,Q0016,F6,0,L022_S06_T012,0.43470751
L022,L022_S06,L022_S06_Q04,13,Q0022,F8,0,L022_S06_T017,0.21436883
L022,L022_S06,L022_S06_Q05,13,Q0006,F2,1,L022_S06_T022,0.40661531
L022,L022_S07,L022_S07_Q01,16,Q0011,F4,1,L022_S07_T002,0.23521582
L022,L022_S07,L022_S07_Q02,16,Q0020,F7,1,L022_S07_T007,0.50969108
L022,L022_S07,L022_S07_Q03,16,Q0010,F4,1,L022_S07_T012,0.40732609
L022,L022_S07,L022_S07_Q04,16,Q0002,F1,0,L022_S07_T017,0.21344147
L022,L022_S07,L022_S07_Q05,16,Q0008,F3,1,L022_S07_T022,0.53643284
L022,L022_S08,L022_S08_Q01,18,Q0024,F8,0,L022_S08_T002,0.23349001
L022,L022_S08,L022_S08_Q02,18,Q0022,F8,0,L022_S08_T007,0.26798974
L022,L022_S08,L022_S08_Q03,18,Q0003,F1,0,L022_S08_T012,0.24224009
L022,L022_S08,L022_S08_Q04,18,Q0013,F5,0,L022_S08_T017,0.26442316
L022,L022_S08,L022_S08_Q05,18,Q0023,F8,0,L022_S08_T022,0.30093668
L023,L023_S01,L023_S01_Q01,1,Q0019,F7,0,L023_S01_T002,0.15124933
L023,L023_S01,L023_S01_Q02,1,Q0001,F1,0,L023_S01_T007,0.15390066
L023,L023_S01,L023_S01_Q03,1,Q0015,F5,0,L023_S01_T012,0.15097063
L023,L023_S01,L023_S01_Q04,1,Q0020,F7,1,L023_S01_T017,0.20040412
L023,L023_S01,L023_S01_Q05,1,Q0008,F3,0,L023_S01_T022,0.20144271
L023,L023_S02,L023_S02_Q01,3,Q0003,F1,0,L023_S02_T002,0.19745568
L023,L023_S02,L023_S02_Q02,3,Q0022,F8,0,L023_S02_T007,0.14666976
L023,L023_S02,L023_S02_Q03,3,Q0012,F4,0,L023_S02_T012,0.18060308
L023,L023_S02,L023_S02_Q04,3,Q0004,F2,0,L023_S02_T017,0.22443154
L023,L023_S02,L023_S02_Q05,3,Q0018,F6,1,L023_S02_T022,0.22223814
L023,L023_S03,L023_S03_Q01,6,Q0009,F3,0,L023_S03_T002,0.23140265
L023,L023_S03,L023_S03_Q02,6,Q0016,F6,0,L023_S03_T007,0.42956153
L023,L023_S03,L023_S03_Q03,6,Q0013,F5,1,L023_S03_T012,0.18698041
L023,L023_S03,L023_S03_Q04,6,Q0023,F8,0,L023_S03_T017,0.18824794
L023,L023_S03,L023_S03_Q05,6,Q0010,F4,0,L023_S03_T022,0.21893759
L023,L023_S04,L023_S04_Q01,8,Q0001,F1,0,L023_S04_T002,0.22789352
L023,L023_S04,L023_S04_Q02,8,Q0015,F5,0,L023_S04_T007,0.41106953
L023,L023_S04,L023_S04_Q03,8,Q0005,F2,0,L023_S04_T012,0.25163592
L023,L023_S04,L023_S04_Q04,8,Q0011,F4,1,L023_S04_T017,0.25708145
L023,L023_S04,L023_S04_Q05,8,Q0024,F8,1,L023_S04_T022,0.22894522
L023,L023_S05,L023_S05_Q01,11,Q0007,F3,0,L023_S05_T002,0.25777143
L023,L023_S05,L023_S05_Q02,11,Q0017,F6,0,L023_S05_T007,0.43217798
L023,L023_S05,L023_S05_Q03,11,Q0004,F2,1,L023_S05_T012,0.28318046
L023,L023_S05,L023_S05_Q04,11,Q0019,F7,0,L023_S05_T017,0.37700344
L023,L023_S05,L023_S05_Q05,11,Q0010,F4,1,L023_S05_T022,0.45332529
L023,L023_S06,L023_S06_Q01,13,Q0015,F5,0,L023_S06_T002,0.41590253
L023,L023_S06,L023_S06_Q02,13,Q0002,F1,1,L023_S06_T007,0.25468292
L023,L023_S06,L023_S06_Q03,13,Q0007,F3,0,L023_S06_T012,0.29268426
L023,L023_S06,L023_S06_Q04,13,Q0010,F4,0,L023_S06_T017,0.59520961
L023,L023_S06,L023_S06_Q05,13,Q0018,F6,1,L023_S06_T022,0.45257994
L023,L023_S07,L023_S07_Q01,16,Q0024,F8,0,L023_S07_T002,0.40558744
L023,L023_S07,L023_S07_Q02,16,Q0009,F3,0,L023_S07_T007,0.32030502
L023,L023_S07,L023_S07_Q03,16,Q0007,F3,0,L023_S07_T012,0.35966907
L023,L023_S07,L023_S07_Q04,16,Q0001,F1,0,L023_S07_T017,0.45168945
L023,L023_S07,L023_S07_Q05,16,Q0007,F3,0,L023_S07_T022,0.39675337
L023,L023_S08,L023_S08_Q01,18,Q0023,F8,1,L023_S08_T002,0.42820177
L023,L023_S08,L023_S08_Q02,18,Q0019,F7,0,L023_S08_T007,0.37556106
L023,L023_S08,L023_S08_Q03,18,Q0001,F1,0,L023_S08_T012,0.47046803
L023,L023_S08,L023_S08_Q04,18,Q0014,F5,1,L023_S08_T017,0.42015621
L023,L023_S08,L023_S08_Q05,18,Q0006,F2,1,L023_S08_T022,0.44617318
L024,L024_S01,L024_S01_Q01,1,Q0010,F4,0,L024_S01_T002,0.32351323
L024,L024_S01,L024_S01_Q02,1,Q0005,F2,0,L024_S01_T007,0.32765081
L024,L024_S01,L024_S01_Q03,1,Q0019,F7,1,L024_S01_T012,0.18791229
L024,L024_S01,L024_S01_Q04,1,Q0008,F3,0,L024_S01_T017,0.26045142
L024,L024_S01,L024_S01_Q05,1,Q0018,F6,0,L024_S01_T022,0.28497604
L024,L024_S02,L024_S02_Q01,3,Q0001,F1,0,L024_S02_T002,0.12031509
L024,L024_S02,L024_S02_Q02,3,Q0022,F8,0,L024_S02_T007,0.12321226
L024,L024_S02,L024_S02_Q03,3,Q0015,F5,1,L024_S02_T012,0.2741331
L024,L024_S02,L024_S02_Q04,3,Q0006,F2,1,L024_S02_T017,0.34799565
L024,L024_S02,L024_S02_Q05,3,Q0002,F1,0,L024_S02_T022,0.1632594
L024,L024_S03,L024_S03_Q01,6,Q0003,F1,0,L024_S03_T002,0.19360174
L024,L024_S03,L024_S03_Q02,6,Q0007,F3,0,L024_S03_T007,0.27155386
L024,L024_S03,L024_S03_Q03,6,Q0018,F6,0,L024_S03_T012,0.29291465
L024,L024_S03,L024_S03_Q04,6,Q0012,F4,1,L024_S03_T017,0.32648031
L024,L024_S03,L024_S03_Q05,6,Q0015,F5,0,L024_S03_T022,0.42808018
L024,L024_S04,L024_S04_Q01,8,Q0023,F8,0,L024_S04_T002,0.15201941
L024,L024_S04,L024_S04_Q02,8,Q0024,F8,0,L024_S04_T007,0.19341598
L024,L024_S04,L024_S04_Q03,8,Q0021,F7,1,L024_S04_T012,0.34134224
L024,L024_S04,L024_S04_Q04,8,Q0023,F8,1,L024_S04_T017,0.23279165
L024,L024_S04,L024_S04_Q05,8,Q0003,F1,0,L024_S04_T022,0.22490415
L024,L024_S05,L024_S05_Q01,11,Q0024,F8,0,L024_S05_T002,0.39843821
L024,L024_S05,L024_S05_Q02,11,Q0002,F1,1,L024_S05_T007,0.24921913
L024,L024_S05,L024_S05_Q03,11,Q0019,F7,1,L024_S05_T012,0.47626938
L024,L024_S05,L024_S05_Q04,11,Q0002,F1,0,L024_S05_T017,0.43247658
L024,L024_S05,L024_S05_Q05,11,Q0018,F6,0,L024_S05_T022,0.29982913
L024,L024_S06,L024_S06_Q01,13,Q0009,F3,1,L024_S06_T002,0.27148945
L024,L024_S06,L024_S06_Q02,13,Q0006,F2,1,L024_S06_T007,0.42523891
L024,L024_S06,L024_S06_Q03,13,Q0011,F4,0,L024_S06_T012,0.4339368
L024,L024_S06,L024_S06_Q04,13,Q0015,F5,0,L024_S06_T017,0.40310372
L024,L024_S06,L024_S06_Q05,13,Q0008,F3,1,L024_S06_T022,0.44931096
L024,L024_S07,L024_S07_Q01,16,Q0018,F6,0,L024_S07_T002,0.30585161
L024,L024_S07,L024_S07_Q02,16,Q0003,F1,0,L024_S07_T007,0.42138671
L024,L024_S07,L024_S07_Q03,16,Q0022,F8,1,L024_S07_T012,0.3917395
L024,L024_S07,L024_S07_Q04,16,Q0016,F6,0,L024_S07_T017,0.33973842
L024,L024_S07,L024_S07_Q05,16,Q0005,F2,1,L024_S07_T022,0.5364236
L024,L024_S08,L024_S08_Q01,18,Q0014,F5,0,L024_S08_T002,0.39580312
L024,L024_S08,L024_S08_Q02,18,Q0010,F4,1,L024_S08_T007,0.42265855
L024,L024_S08,L024_S08_Q03,18,Q0008,F3,1,L024_S08_T012,0.5345176
L024,L024_S08,L024_S08_Q04,18,Q0021,F7,1,L024_S08_T017,0.53402954
L024,L024_S08,L024_S08_Q05,18,Q0018,F6,0,L024_S08_T022,0.35909518
L025,L025_S01,L025_S01_Q01,1,Q0024,F8,1,L025_S01_T002,0.17059697
L025,L025_S01,L025_S01_Q02,1,Q0017,F6,0,L025_S01_T007,0.26410861
L025,L025_S01,L025_S01_Q03,1,Q0020,F7,1,L025_S01_T012,0.15289306
L025,L025_S01,L025_S01_Q04,1,Q0012,F4,1,L025_S01_T017,0.29697458
L025,L025_S01,L025_S01_Q05,1,Q0006,F2,1,L025_S01_T022,0.26378383
L025,L025_S02,L025_S02_Q01,3,Q0013,F5,1,L025_S02_T002,0.33096142
L025,L025_S02,L025_S02_Q02,3,Q0002,F1,1,L025_S02_T007,0.32188004
L025,L025_S02,L025_S02_Q03,3,Q0006,F2,0,L025_S02_T012,0.45672046
L025,L025_S02,L025_S02_Q04,3,Q0015,F5,1,L025_S02_T017,0.5180475
L025,L025_S02,L025_S02_Q05,3,Q0003,F1,0,L025_S02_T022,0.51150558
L025,L025_S03,L025_S03_Q01,6,Q0007,F3,0,L025_S03_T002,0.2478399
L025,L025_S03,L025_S03_Q02,6,Q0023,F8,1,L025_S03_T007,0.37538168
L025,L025_S03,L025_S03_Q03,6,Q0007,F3,1,L025_S03_T012,0.28990584
L025,L025_S03,L025_S03_Q04,6,Q0017,F6,0,L025_S03_T017,0.28467888
L025,L025_S03,L025_S03_Q05,6,Q0019,F7,0,L025_S03_T022,0.36348842
L025,L025_S04,L025_S04_Q01,8,Q0020,F7,1,L025_S04_T002,0.38809541
L025,L025_S04,L025_S04_Q02,8,Q0016,F6,0,L025_S04_T007,0.31574252
L025,L025_S04,L025_S04_Q03,8,Q0016,F6,1,L025_S04_T012,0.35401088
L025,L025_S04,L025_S04_Q04,8,Q0017,F6,1,L025_S04_T017,0.53465153
L025,L025_S04,L025_S04_Q05,8,Q0011,F4,0,L025_S04_T022,0.44760414
L025,L025_S05,L025_S05_Q01,11,Q0009,F3,0,L025_S05_T002,0.45553186
L025,L025_S05,L025_S05_Q02,11,Q0011,F4,1,L025_S05_T007,0.45886743
L025,L025_S05,L025_S05_Q03,11,Q0003,F1,0,L025_S05_T012,0.4818746
L025,L025_S05,L025_S05_Q04,11,Q0004,F2,0,L025_S05_T017,0.43562009
L025,L025_S05,L025_S05_Q05,11,Q0006,F2,0,L025_S05_T022,0.46718407
L025,L025_S06,L025_S06_Q01,13,Q0007,F3,1,L025_S06_T002,0.47259799
L025,L025_S06,L025_S06_Q02,13,Q0017,F6,1,L025_S06_T007,0.61994889
L025,L025_S06,L025_S06_Q03,13,Q0016,F6,1,L025_S06_T012,0.72622418
L025,L025_S06,L025_S06_Q04,13,Q0004,F2,1,L025_S06_T017,0.48329557
L025,L025_S06,L025_S06_Q05,13,Q0022,F8,0,L025_S06_T022,0.49882638
L025,L025_S07,L025_S07_Q01,16,Q0020,F7,1,L025_S07_T002,0.50009995
L025,L025_S07,L025_S07_Q02,16,Q0011,F4,0,L025_S07_T007,0.56903809
L025,L025_S07,L025_S07_Q03,16,Q0002,F1,1,L025_S07_T012,0.47640195
L025,L025_S07,L025_S07_Q04,16,Q0023,F8,1,L025_S07_T017,0.50524109
L025,L025_S07,L025_S07_Q05,16,Q0024,F8,1,L025_S07_T022,0.64359261
L025,L025_S08,L025_S08_Q01,18,Q0006,F2,1,L025_S08_T002,0.58544861
L025,L025_S08,L025_S08_Q02,18,Q0003,F1,1,L025_S08_T007,0.60566508
L025,L025_S08,L025_S08_Q03,18,Q0020,F7,1,L025_S08_T012,0.62226616
L025,L025_S08,L025_S08_Q04,18,Q0014,F5,0,L025_S08_T017,0.5294538
L025,L025_S08,L025_S08_Q05,18,Q0013,F5,1,L025_S08_T022,0.55576996
L026,L026_S01,L026_S01_Q01,1,Q0012,F4,0,L026_S01_T002,0.33434805
L026,L026_S01,L026_S01_Q02,1,Q0021,F7,0,L026_S01_T007,0.24056616
L026,L026_S01,L026_S01_Q03,1,Q0013,F5,0,L026_S01_T012,0.10167523
L026,L026_S01,L026_S01_Q04,1,Q0017,F6,0,L026_S01_T017,0.32852789
L026,L026_S01,L026_S01_Q05,1,Q0006,F2,0,L026_S01_T022,0.11618647
L026,L026_S02,L026_S02_Q01,3,Q0018,F6,1,L026_S02_T002,0.35524511
L026,L026_S02,L026_S02_Q02,3,Q0022,F8,0,L026_S02_T007,0.11330894
L026,L026_S02,L026_S02_Q03,3,Q0022,F8,1,L026_S02_T012,0.16393402
L026,L026_S02,L026_S02_Q04,3,Q0008,F3,0,L026_S02_T017,0.13274923
L026,L026_S02,L026_S02_Q05,3,Q0007,F3,0,L026_S02_T022,0.18226438
L026,L026_S03,L026_S03_Q01,6,Q0006,F2,0,L026_S03_T002,0.15376313
L026,L026_S03,L026_S03_Q02,6,Q0001,F1,0,L026_S03_T007,0.20541592
L026,L026_S03,L026_S03_Q03,6,Q0012,F4,1,L026_S03_T012,0.34356502
L026,L026_S03,L026_S03_Q04,6,Q0015,F5,0,L026_S03_T017,0.14113827
L026,L026_S03,L026_S03_Q05,6,Q0020,F7,1,L026_S03_T022,0.26197421
L026,L026_S04,L026_S04_Q01,8,Q0001,F1,0,L026_S04_T002,0.24283894
L026,L026_S04,L026_S04_Q02,8,Q0015,F5,0,L026_S04_T007,0.18415088
L026,L026_S04,L026_S04_Q03,8,Q0007,F3,0,L026_S04_T012,0.21125131
L026,L026_S04,L026_S04_Q04,8,Q0004,F2,0,L026_S04_T017,0.19567788
L026,L026_S04,L026_S04_Q05,8,Q0022,F8,0,L026_S04_T022,0.37148029
L026,L026_S05,L026_S05_Q01,11,Q0013,F5,0,L026_S05_T002,0.21985629
L026,L026_S05,L026_S05_Q02,11,Q0001,F1,0,L026_S05_T007,0.2725854
L026,L026_S05,L026_S05_Q03,11,Q0010,F4,0,L026_S05_T012,0.48990835
L026,L026_S05,L026_S05_Q04,11,Q0016,F6,1,L026_S05_T017,0.47415521
L026,L026_S05,L026_S05_Q05,11,Q0022,F8,1,L026_S05_T022,0.38816502
L026,L026_S06,L026_S06_Q01,13,Q0019,F7,1,L026_S06_T002,0.4223032
L026,L026_S06,L026_S06_Q02,13,Q0008,F3,0,L026_S06_T007,0.23647011
L026,L026_S06,L026_S06_Q03,13,Q0024,F8,1,L026_S06_T012,0.54499978
L026,L026_S06,L026_S06_Q04,13,Q0005,F2,0,L026_S06_T017,0.22292114
L026,L026_S06,L026_S06_Q05,13,Q0014,F5,0,L026_S06_T022,0.25602358
L026,L026_S07,L026_S07_Q01,16,Q0017,F6,0,L026_S07_T002,0.57600453
L026,L026_S07,L026_S07_Q02,16,Q0005,F2,0,L026_S07_T007,0.25468997
L026,L026_S07,L026_S07_Q03,16,Q0019,F7,1,L026_S07_T012,0.55954218
L026,L026_S07,L026_S07_Q04,16,Q0003,F1,0,L026_S07_T017,0.28983115
L026,L026_S07,L026_S07_Q05,16,Q0004,F2,0,L026_S07_T022,0.29724299
L026,L026_S08,L026_S08_Q01,18,Q0009,F3,1,L026_S08_T002,0.25841063
L026,L026_S08,L026_S08_Q02,18,Q0011,F4,1,L026_S08_T007,0.46373466
L026,L026_S08,L026_S08_Q03,18,Q0007,F3,0,L026_S08_T012,0.47011358
L026,L026_S08,L026_S08_Q04,18,Q0013,F5,1,L026_S08_T017,0.27542226
L026,L026_S08,L026_S08_Q05,18,Q0002,F1,0,L026_S08_T022,0.31991343
L027,L027_S01,L027_S01_Q01,1,Q0007,F3,0,L027_S01_T002,0.10012646
L027,L027_S01,L027_S01_Q02,1,Q0015,F5,1,L027_S01_T007,0.23069584
L027,L027_S01,L027_S01_Q03,1,Q0023,F8,0,L027_S01_T012,0.11114918
L027,L027_S01,L027_S01_Q04,1,Q0001,F1,1,L027_S01_T017,0.19111522
L027,L027_S01,L027_S01_Q05,1,Q0011,F4,1,L027_S01_T022,0.34224206
L027,L027_S02,L027_S02_Q01,3,Q0004,F2,0,L027_S02_T002,0.09980877
L027,L027_S02,L027_S02_Q02,3,Q0019,F7,0,L027_S02_T007,0.11926913
L027,L027_S02,L027_S02_Q03,3,Q0003,F1,1,L027_S02_T012,0.39324383
L027,L027_S02,L027_S02_Q04,3,Q0009,F3,0,L027_S02_T017,0.14280201
L027,L027_S02,L027_S02_Q05,3,Q0020,F7,1,L027_S02_T022,0.16684293
L027,L027_S03,L027_S03_Q01,6,Q0023,F8,0,L027_S03_T002,0.14376277
L027,L027_S03,L027_S03_Q02,6,Q0009,F3,0,L027_S03_T007,0.17790457
L027,L027_S03,L027_S03_Q03,6,Q0010,F4,1,L027_S03_T012,0.46959103
L027,L027_S03,L027_S03_Q04,6,Q0004,F2,0,L027_S03_T017,0.13964247
L027,L027_S03,L027_S03_Q05,6,Q0013,F5,0,L027_S03_T022,0.39604869
L027,L027_S04,L027_S04_Q01,8,Q0018,F6,0,L027_S04_T002,0.13571199
L027,L027_S04,L027_S04_Q02,8,Q0004,F2,0,L027_S04_T007,0.17869255
L027,L027_S04,L027_S04_Q03,8,Q0007,F3,1,L027_S04_T012,0.21344422
L027,L027_S04,L027_S04_Q04,8,Q0017,F6,0,L027_S04_T017,0.18239761
L027,L027_S04,L027_S04_Q05,8,Q0018,F6,0,L027_S04_T022,0.22656144
L027,L027_S05,L027_S05_Q01,11,Q0023,F8,0,L027_S05_T002,0.17162977
L027,L027_S05,L027_S05_Q02,11,Q0011,F4,1,L027_S05_T007,0.55355212
L027,L027_S05,L027_S05_Q03,11,Q0006,F2,0,L027_S05_T012,0.20984557
L027,L027_S05,L027_S05_Q04,11,Q0012,F4,1,L027_S05_T017,0.67412937
L027,L027_S05,L027_S05_Q05,11,Q0017,F6,1,L027_S05_T022,0.25244678
L027,L027_S06,L027_S06_Q01,13,Q0024,F8,1,L027_S06_T002,0.20774512
L027,L027_S06,L027_S06_Q02,13,Q0007,F3,0,L027_S06_T007,0.38467471
L027,L027_S06,L027_S06_Q03,13,Q0013,F5,0,L027_S06_T012,0.37175465
L027,L027_S06,L027_S06_Q04,13,Q0015,F5,1,L027_S06_T017,0.40569012
L027,L027_S06,L027_S06_Q05,13,Q0004,F2,0,L027_S06_T022,0.24245474
L027,L027_S07,L027_S07_Q01,16,Q0017,F6,0,L027_S07_T002,0.41038907
L027,L027_S07,L027_S07_Q02,16,Q0004,F2,1,L027_S07_T007,0.26659111
L027,L027_S07,L027_S07_Q03,16,Q0023,F8,0,L027_S07_T012,0.39674132
L027,L027_S07,L027_S07_Q04,16,Q0008,F3,0,L027_S07_T017,0.39316064
L027,L027_S07,L027_S07_Q05,16,Q0020,F7,0,L027_S07_T022,0.30077073
L027,L027_S08,L027_S08_Q01,18,Q0001,F1,0,L027_S08_T002,0.4105548
L027,L027_S08,L027_S08_Q02,18,Q0019,F7,0,L027_S08_T007,0.32503781
L027,L027_S08,L027_S08_Q03,18,Q0001,F1,0,L027_S08_T012,0.44239443
L027,L027_S08,L027_S08_Q04,18,Q0005,F2,0,L027_S08_T017,0.44613778
L027,L027_S08,L027_S08_Q05,18,Q0019,F7,1,L027_S08_T022,0.36149675
L028,L028_S01,L028_S01_Q01,1,Q0013,F5,0,L028_S01_T002,0.17277818
L028,L028_S01,L028_S01_Q02,1,Q0021,F7,0,L028_S01_T007,0.30041808
L028,L028_S01,L028_S01_Q03,1,Q0011,F4,0,L028_S01_T012,0.13976212
L028,L028_S01,L028_S01_Q04,1,Q0006,F2,0,L028_S01_T017,0.25039661
L028,L028_S01,L028_S01_Q05,1,Q0019,F7,1,L028_S01_T022,0.33009979
L028,L028_S02,L028_S02_Q01,3,Q0017,F6,0,L028_S02_T002,0.22648187
L028,L028_S02,L028_S02_Q02,3,Q0022,F8,0,L028_S02_T007,0.14010852
L028,L028_S02,L028_S02_Q03,3,Q0007,F3,0,L028_S02_T012,0.10556683
L028,L028_S02,L028_S02_Q04,3,Q0005,F2,0,L028_S02_T017,0.27758718
L028,L028_S02,L028_S02_Q05,3,Q0014,F5,0,L028_S02_T022,0.20447701
L028,L028_S03,L028_S03_Q01,6,Q0003,F1,0,L028_S03_T002,0.11032949
L028,L028_S03,L028_S03_Q02,6,Q0023,F8,1,L028_S03_T007,0.17227915
L028,L028_S03,L028_S03_Q03,6,Q0010,F4,1,L028_S03_T012,0.1691444
L028,L028_S03,L028_S03_Q04,6,Q0008,F3,0,L028_S03_T017,0.14001076
L028,L028_S03,L028_S03_Q05,6,Q0001,F1,0,L028_S03_T022,0.14807624
L028,L028_S04,L028_S04_Q01,8,Q0007,F3,0,L028_S04_T002,0.17361279
L028,L028_S04,L028_S04_Q02,8,Q0016,F6,0,L028_S04_T007,0.24883244
L028,L028_S04,L028_S04_Q03,8,Q0007,F3,1,L028_S04_T012,0.20867457
L028,L028_S04,L028_S04_Q04,8,Q0002,F1,0,L028_S04_T017,0.18120981
L028,L028_S04,L028_S04_Q05,8,Q0002,F1,0,L028_S04_T022,0.21594926
L028,L028_S05,L028_S05_Q01,11,Q0009,F3,1,L028_S05_T002,0.36734964
L028,L028_S05,L028_S05_Q02,11,Q0002,F1,0,L028_S05_T007,0.24312857
L028,L028_S05,L028_S05_Q03,11,Q0020,F7,0,L028_S05_T012,0.43485448
L028,L028_S05,L028_S05_Q04,11,Q0018,F6,0,L028_S05_T017,0.2738476
L028,L028_S05,L028_S05_Q05,11,Q0024,F8,0,L028_S05_T022,0.33382725
L028,L028_S06,L028_S06_Q01,13,Q0014,F5,0,L028_S06_T002,0.21938269
L028,L028_S06,L028_S06_Q02,13,Q0003,F1,0,L028_S06_T007,0.27074128
L028,L028_S06,L028_S06_Q03,13,Q0014,F5,0,L028_S06_T012,0.25250255
L028,L028_S06,L028_S06_Q04,13,Q0004,F2,0,L028_S06_T017,0.28385252
L028,L028_S06,L028_S06_Q05,13,Q0014,F5,1,L028_S06_T022,0.28421721
L028,L028_S07,L028_S07_Q01,16,Q0018,F6,1,L028_S07_T002,0.2923575
L028,L028_S07,L028_S07_Q02,16,Q0002,F1,1,L028_S07_T007,0.29431454
L028,L028_S07,L028_S07_Q03,16,Q0010,F4,0,L028_S07_T012,0.31807612
L028,L028_S07,L028_S07_Q04,16,Q0006,F2,0,L028_S07_T017,0.30656289
L028,L028_S07,L028_S07_Q05,16,Q0006,F2,0,L028_S07_T022,0.33598389
L028,L028_S08,L028_S08_Q01,18,Q0010,F4,1,L028_S08_T002,0.34133571
L028,L028_S08,L028_S08_Q02,18,Q0020,F7,0,L028_S08_T007,0.43311086
L028,L028_S08,L028_S08_Q03,18,Q0024,F8,0,L028_S08_T012,0.34179315
L028,L028_S08,L028_S08_Q04,18,Q0009,F3,0,L028_S08_T017,0.4734427
L028,L028_S08,L028_S08_Q05,18,Q0012,F4,0,L028_S08_T022,0.48106404
L029,L029_S01,L029_S01_Q01,1,Q0014,F5,0,L029_S01_T002,0.14688644
L029,L029_S01,L029_S01_Q02,1,Q0005,F2,1,L029_S01_T007,0.18533069
L029,L029_S01,L029_S01_Q03,1,Q0013,F5,0,L029_S01_T012,0.19566718
L029,L029_S01,L029_S01_Q04,1,Q0024,F8,0,L029_S01_T017,0.14858937
L029,L029_S01,L029_S01_Q05,1,Q0011,F4,0,L029_S01_T022,0.15669233
L029,L029_S02,L029_S02_Q01,3,Q0003,F1,0,L029_S02_T002,0.14486402
L029,L029_S02,L029_S02_Q02,3,Q0018,F6,0,L029_S02_T007,0.16370847
L029,L029_S02,L029_S02_Q03,3,Q0011,F4,0,L029_S02_T012,0.20041869
L029,L029_S02,L029_S02_Q04,3,Q0003,F1,0,L029_S02_T017,0.19376041
L029,L029_S02,L029_S02_Q05,3,Q0002,F1,0,L029_S02_T022,0.23986092
L029,L029_S03,L029_S03_Q01,6,Q0020,F7,0,L029_S03_T002,0.16248414
L029,L029_S03,L029_S03_Q02,6,Q0006,F2,0,L029_S03_T007,0.39568907
L029,L029_S03,L029_S03_Q03,6,Q0017,F6,0,L029_S03_T012,0.20460751
L029,L029_S03,L029_S03_Q04,6,Q0024,F8,0,L029_S03_T017,0.18663461
L029,L029_S03,L029_S03_Q05,6,Q0021,F7,0,L029_S03_T022,0.21037301
L029,L029_S04,L029_S04_Q01,8,Q0009,F3,0,L029_S04_T002,0.20717959
L029,L029_S04,L029_S04_Q02,8,Q0020,F7,0,L029_S04_T007,0.24992004
L029,L029_S04,L029_S04_Q03,8,Q0009,F3,0,L029_S04_T012,0.25251279
L029,L029_S04,L029_S04_Q04,8,Q0016,F6,0,L029_S04_T017,0.24460341
L029,L029_S04,L029_S04_Q05,8,Q0024,F8,0,L029_S04_T022,0.2280298
L029,L029_S05,L029_S05_Q01,11,Q0017,F6,0,L029_S05_T002,0.27838185
L029,L029_S05,L029_S05_Q02,11,Q0017,F6,0,L029_S05_T007,0.31964374
L029,L029_S05,L029_S05_Q03,11,Q0014,F5,1,L029_S05_T012,0.21629803
L029,L029_S05,L029_S05_Q04,11,Q0019,F7,1,L029_S05_T017,0.2832305
L029,L029_S05,L029_S05_Q05,11,Q0012,F4,0,L029_S05_T022,0.22524734
L029,L029_S06,L029_S06_Q01,13,Q0005,F2,1,L029_S06_T002,0.39811571
L029,L029_S06,L029_S06_Q02,13,Q0005,F2,0,L029_S06_T007,0.57019342
L029,L029_S06,L029_S06_Q03,13,Q0010,F4,1,L029_S06_T012,0.26363632
L029,L029_S06,L029_S06_Q04,13,Q0003,F1,0,L029_S06_T017,0.2535921
L029,L029_S06,L029_S06_Q05,13,Q0010,F4,0,L029_S06_T022,0.47416146
L029,L029_S07,L029_S07_Q01,16,Q0023,F8,0,L029_S07_T002,0.24907015
L029,L029_S07,L029_S07_Q02,16,Q0008,F3,0,L029_S07_T007,0.27019402
L029,L029_S07,L029_S07_Q03,16,Q0003,F1,0,L029_S07_T012,0.28657933
L029,L029_S07,L029_S07_Q04,16,Q0024,F8,0,L029_S07_T017,0.29200806
L029,L029_S07,L029_S07_Q05,16,Q0022,F8,0,L029_S07_T022,0.3324908
L029,L029_S08,L029_S08_Q01,18,Q0009,F3,0,L029_S08_T002,0.30508365
L029,L029_S08,L029_S08_Q02,18,Q0008,F3,0,L029_S08_T007,0.34481874
L029,L029_S08,L029_S08_Q03,18,Q0003,F1,0,L029_S08_T012,0.32019328
L029,L029_S08,L029_S08_Q04,18,Q0021,F7,0,L029_S08_T017,0.45170168
L029,L029_S08,L029_S08_Q05,18,Q0015,F5,0,L029_S08_T022,0.40747422
L030,L030_S01,L030_S01_Q01,1,Q0022,F8,0,L030_S01_T002,0.13555236
L030,L030_S01,L030_S01_Q02,1,Q0006,F2,0,L030_S01_T007,0.21063228
L030,L030_S01,L030_S01_Q03,1,Q0010,F4,0,L030_S01_T012,0.26074271
L030,L030_S01,L030_S01_Q04,1,Q0017,F6,1,L030_S01_T017,0.34476618
L030,L030_S01,L030_S01_Q05,1,Q0024,F8,0,L030_S01_T022,0.18305728
L030,L030_S02,L030_S02_Q01,3,Q0023,F8,0,L030_S02_T002,0.22432867
L030,L030_S02,L030_S02_Q02,3,Q0001,F1,0,L030_S02_T007,0.2241251
L030,L030_S02,L030_S02_Q03,3,Q0004,F2,0,L030_S02_T012,0.24997414
L030,L030_S02,L030_S02_Q04,3,Q0021,F7,0,L030_S02_T017,0.31174628
L030,L030_S02,L030_S02_Q05,3,Q0003,F1,0,L030_S02_T022,0.26676259
L030,L030_S03,L030_S03_Q01,6,Q0005,F2,0,L030_S03_T002,0.28427673
L030,L030_S03,L030_S03_Q02,6,Q0001,F1,0,L030_S03_T007,0.29976584
L030,L030_S03,L030_S03_Q03,6,Q0008,F3,0,L030_S03_T012,0.30767037
L030,L030_S03,L030_S03_Q04,6,Q0012,F4,1,L030_S03_T017,0.28953583
L030,L030_S03,L030_S03_Q05,6,Q0015,F5,0,L030_S03_T022,0.30452231
L030,L030_S04,L030_S04_Q01,8,Q0017,F6,0,L030_S04_T002,0.49618703
L030,L030_S04,L030_S04_Q02,8,Q0014,F5,1,L030_S04_T007,0.3372943
L030,L030_S04,L030_S04_Q03,8,Q0001,F1,0,L030_S04_T012,0.33287066
L030,L030_S04,L030_S04_Q04,8,Q0007,F3,1,L030_S04_T017,0.34022208
L030,L030_S04,L030_S04_Q05,8,Q0021,F7,0,L030_S04_T022,0.33584413
L030,L030_S05,L030_S05_Q01,11,Q0012,F4,0,L030_S05_T002,0.46571843
L030,L030_S05,L030_S05_Q02,11,Q0006,F2,1,L030_S05_T007,0.31090336
L030,L030_S05,L030_S05_Q03,11,Q0010,F4,0,L030_S05_T012,0.49507938
L030,L030_S05,L030_S05_Q04,11,Q0023,F8,0,L030_S05_T017,0.25038396
L030,L030_S05,L030_S05_Q05,11,Q0001,F1,0,L030_S05_T022,0.36075752
L030,L030_S06,L030_S06_Q01,13,Q0015,F5,0,L030_S06_T002,0.49899444
L030,L030_S06,L030_S06_Q02,13,Q0009,F3,1,L030_S06_T007,0.50103439
L030,L030_S06,L030_S06_Q03,13,Q0021,F7,1,L030_S06_T012,0.35772359
L030,L030_S06,L030_S06_Q04,13,Q0020,F7,0,L030_S06_T017,0.53420211
L030,L030_S06,L030_S06_Q05,13,Q0023,F8,0,L030_S06_T022,0.28694423
L030,L030_S07,L030_S07_Q01,16,Q0022,F8,0,L030_S07_T002,0.31838554
L030,L030_S07,L030_S07_Q02,16,Q0024,F8,0,L030_S07_T007,0.35584303
L030,L030_S07,L030_S07_Q03,16,Q0016,F6,1,L030_S07_T012,0.4913546
L030,L030_S07,L030_S07_Q04,16,Q0023,F8,0,L030_S07_T017,0.39124208
L030,L030_S07,L030_S07_Q05,16,Q0001,F1,0,L030_S07_T022,0.38034351
L030,L030_S08,L030_S08_Q01,18,Q0002,F1,0,L030_S08_T002,0.40780997
L030,L030_S08,L030_S08_Q02,18,Q0015,F5,1,L030_S08_T007,0.50585464
L030,L030_S08,L030_S08_Q03,18,Q0018,F6,0,L030_S08_T012,0.62108468
L030,L030_S08,L030_S08_Q04,18,Q0006,F2,1,L030_S08_T017,0.4729679
L030,L030_S08,L030_S08_Q05,18,Q0009,F3,1,L030_S08_T022,0.61308137
L031,L031_S01,L031_S01_Q01,1,Q0012,F4,0,L031_S01_T002,0.19870395
L031,L031_S01,L031_S01_Q02,1,Q0012,F4,0,L031_S01_T007,0.23863622
L031,L031_S01,L031_S01_Q03,1,Q0016,F6,0,L031_S01_T012,0.33370302
L031,L031_S01,L031_S01_Q04,1,Q0004,F2,0,L031_S01_T017,0.27809934
L031,L031_S01,L031_S01_Q05,1,Q0024,F8,0,L031_S01_T022,0.10300728
L031,L031_S02,L031_S02_Q01,3,Q0020,F7,0,L031_S02_T002,0.25758101
L031,L031_S02,L031_S02_Q02,3,Q0009,F3,0,L031_S02_T007,0.31471481
L031,L031_S02,L031_S02_Q03,3,Q0013,F5,0,L031_S02_T012,0.18520136
L031,L031_S02,L031_S02_Q04,3,Q0024,F8,0,L031_S02_T017,0.14139114
L031,L031_S02,L031_S02_Q05,3,Q0002,F1,0,L031_S02_T022,0.16046518
L031,L031_S03,L031_S03_Q01,6,Q0013,F5,0,L031_S03_T002,0.21147611
L031,L031_S03,L031_S03_Q02,6,Q0022,F8,0,L031_S03_T007,0.17249093
L031,L031_S03,L031_S03_Q03,6,Q0018,F6,0,L031_S03_T012,0.32892595
L031,L031_S03,L031_S03_Q04,6,Q0001,F1,0,L031_S03_T017,0.18946425
L031,L031_S03,L031_S03_Q05,6,Q0021,F7,1,L031_S03_T022,0.2758842
L031,L031_S04,L031_S04_Q01,8,Q0023,F8,1,L031_S04_T002,0.20458842
L031,L031_S04,L031_S04_Q02,8,Q0008,F3,0,L031_S04_T007,0.31275168
L031,L031_S04,L031_S04_Q03,8,Q0001,F1,1,L031_S04_T012,0.22002612
L031,L031_S04,L031_S04_Q04,8,Q0003,F1,0,L031_S04_T017,0.41437456
L031,L031_S04,L031_S04_Q05,8,Q0005,F2,1,L031_S04_T022,0.26952014
L031,L031_S05,L031_S05_Q01,11,Q0004,F2,1,L031_S05_T002,0.42288005
L031,L031_S05,L031_S05_Q02,11,Q0009,F3,0,L031_S05_T007,0.32497864
L031,L031_S05,L031_S05_Q03,11,Q0017,F6,0,L031_S05_T012,0.32485681
L031,L031_S05,L031_S05_Q04,11,Q0013,F5,0,L031_S05_T017,0.22481236
L031,L031_S05,L031_S05_Q05,11,Q0009,F3,0,L031_S05_T022,0.35861806
L031,L031_S06,L031_S06_Q01,13,Q0019,F7,0,L031_S06_T002,0.39158134
L031,L031_S06,L031_S06_Q02,13,Q0011,F4,0,L031_S06_T007,0.21277355
L031,L031_S06,L031_S06_Q03,13,Q0024,F8,0,L031_S06_T012,0.36108799
L031,L031_S06,L031_S06_Q04,13,Q0024,F8,1,L031_S06_T017,0.39292792
L031,L031_S06,L031_S06_Q05,13,Q0011,F4,0,L031_S06_T022,0.25200466
L031,L031_S07,L031_S07_Q01,16,Q0014,F5,0,L031_S07_T002,0.23617226
L031,L031_S07,L031_S07_Q02,16,Q0006,F2,0,L031_S07_T007,0.50802064
L031,L031_S07,L031_S07_Q03,16,Q0010,F4,0,L031_S07_T012,0.27092201
L031,L031_S07,L031_S07_Q04,16,Q0016,F6,1,L031_S07_T017,0.3213907
L031,L031_S07,L031_S07_Q05,16,Q0012,F4,1,L031_S07_T022,0.30725532
L031,L031_S08,L031_S08_Q01,18,Q0012,F4,1,L031_S08_T002,0.45934488
L031,L031_S08,L031_S08_Q02,18,Q0013,F5,0,L031_S08_T007,0.26250833
L031,L031_S08,L031_S08_Q03,18,Q0002,F1,0,L031_S08_T012,0.3564791
L031,L031_S08,L031_S08_Q04,18,Q0003,F1,0,L031_S08_T017,0.38854871
L031,L031_S08,L031_S08_Q05,18,Q0019,F7,1,L031_S08_T022,0.37822703
L032,L032_S01,L032_S01_Q01,1,Q0001,F1,0,L032_S01_T002,0.1722032
L032,L032_S01,L032_S01_Q02,1,Q0019,F7,0,L032_S01_T007,0.15195347
L032,L032_S01,L032_S01_Q03,1,Q0015,F5,0,L032_S01_T012,0.1107577
L032,L032_S01,L032_S01_Q04,1,Q0006,F2,0,L032_S01_T017,0.14784823
L032,L032_S01,L032_S01_Q05,1,Q0022,F8,0,L032_S01_T022,0.20429319
L032,L032_S02,L032_S02_Q01,3,Q0013,F5,0,L032_S02_T002,0.15288275
L032,L032_S02,L032_S02_Q02,3,Q0004,F2,0,L032_S02_T007,0.18722574
L032,L032_S02,L032_S02_Q03,3,Q0006,F2,1,L032_S02_T012,0.22912739
L032,L032_S02,L032_S02_Q04,3,Q0019,F7,0,L032_S02_T017,0.19102688
L032,L032_S02,L032_S02_Q05,3,Q0001,F1,0,L032_S02_T022,0.20977657
L032,L032_S03,L032_S03_Q01,6,Q0016,F6,0,L032_S03_T002,0.24097164
L032,L032_S03,L032_S03_Q02,6,Q0024,F8,0,L032_S03_T007,0.23100954
L032,L032_S03,L032_S03_Q03,6,Q0016,F6,0,L032_S03_T012,0.28010248
L032,L032_S03,L032_S03_Q04,6,Q0009,F3,1,L032_S03_T017,0.29041976
L032,L032_S03,L032_S03_Q05,6,Q0020,F7,0,L032_S03_T022,0.22449192
L032,L032_S04,L032_S04_Q01,8,Q0010,F4,1,L032_S04_T002,0.25238019
L032,L032_S04,L032_S04_Q02,8,Q0013,F5,0,L032_S04_T007,0.18509293
L032,L032_S04,L032_S04_Q03,8,Q0009,F3,0,L032_S04_T012,0.46208765
L032,L032_S04,L032_S04_Q04,8,Q0010,F4,0,L032_S04_T017,0.44509365
L032,L032_S04,L032_S04_Q05,8,Q0004,F2,1,L032_S04_T022,0.40288576
L032,L032_S05,L032_S05_Q01,11,Q0018,F6,0,L032_S05_T002,0.29871771
L032,L032_S05,L032_S05_Q02,11,Q0014,F5,0,L032_S05_T007,0.21906317
L032,L032_S05,L032_S05_Q03,11,Q0001,F1,0,L032_S05_T012,0.22755391
L032,L032_S05,L032_S05_Q04,11,Q0021,F7,0,L032_S05_T017,0.2490498
L032,L032_S05,L032_S05_Q05,11,Q0019,F7,0,L032_S05_T022,0.28776418
L032,L032_S06,L032_S06_Q01,13,Q0015,F5,1,L032_S06_T002,0.25316531
L032,L032_S06,L032_S06_Q02,13,Q0024,F8,0,L032_S06_T007,0.2488185
L032,L032_S06,L032_S06_Q03,13,Q0008,F3,0,L032_S06_T012,0.46125558
L032,L032_S06,L032_S06_Q04,13,Q0006,F2,1,L032_S06_T017,0.52433381
L032,L032_S06,L032_S06_Q05,13,Q0009,F3,1,L032_S06_T022,0.48902993
L032,L032_S07,L032_S07_Q01,16,Q0001,F1,0,L032_S07_T002,0.25178458
L032,L032_S07,L032_S07_Q02,16,Q0011,F4,0,L032_S07_T007,0.43028276
L032,L032_S07,L032_S07_Q03,16,Q0001,F1,0,L032_S07_T012,0.29035798
L032,L032_S07,L032_S07_Q04,16,Q0024,F8,0,L032_S07_T017,0.27736335
L032,L032_S07,L032_S07_Q05,16,Q0019,F7,0,L032_S07_T022,0.30556066
L032,L032_S08,L032_S08_Q01,18,Q0011,F4,1,L032_S08_T002,0.44873846
L032,L032_S08,L032_S08_Q02,18,Q0005,F2,1,L032_S08_T007,0.60921966
L032,L032_S08,L032_S08_Q03,18,Q0003,F1,0,L032_S08_T012,0.31917884
L032,L032_S08,L032_S08_Q04,18,Q0024,F8,0,L032_S08_T017,0.30714682
L032,L032_S08,L032_S08_Q05,18,Q0017,F6,0,L032_S08_T022,0.30785519
L033,L033_S01,L033_S01_Q01,1,Q0018,F6,0,L033_S01_T002,0.1038206
L033,L033_S01,L033_S01_Q02,1,Q0014,F5,1,L033_S01_T007,0.26609754
L033,L033_S01,L033_S01_Q03,1,Q0010,F4,0,L033_S01_T012,0.17391179
L033,L033_S01,L033_S01_Q04,1,Q0016,F6,0,L033_S01_T017,0.14057127
L033,L033_S01,L033_S01_Q05,1,Q0007,F3,0,L033_S01_T022,0.30691745
L033,L033_S02,L033_S02_Q01,3,Q0003,F1,0,L033_S02_T002,0.2023973
L033,L033_S02,L033_S02_Q02,3,Q0006,F2,0,L033_S02_T007,0.10921238
L033,L033_S02,L033_S02_Q03,3,Q0013,F5,1,L033_S02_T012,0.40008157
L033,L033_S02,L033_S02_Q04,3,Q0023,F8,0,L033_S02_T017,0.16764558
L033,L033_S02,L033_S02_Q05,3,Q0017,F6,0,L033_S02_T022,0.16885282
L033,L033_S03,L033_S03_Q01,6,Q0020,F7,0,L033_S03_T002,0.12310339
L033,L033_S03,L033_S03_Q02,6,Q0006,F2,0,L033_S03_T007,0.13717144
L033,L033_S03,L033_S03_Q03,6,Q0006,F2,0,L033_S03_T012,0.17255444
L033,L033_S03,L033_S03_Q04,6,Q0007,F3,0,L033_S03_T017,0.30312141
L033,L033_S03,L033_S03_Q05,6,Q0002,F1,0,L033_S03_T022,0.2212799
L033,L033_S04,L033_S04_Q01,8,Q0019,F7,0,L033_S04_T002,0.15276461
L033,L033_S04,L033_S04_Q02,8,Q0011,F4,0,L033_S04_T007,0.18038709
L033,L033_S04,L033_S04_Q03,8,Q0020,F7,0,L033_S04_T012,0.18750817
L033,L033_S04,L033_S04_Q04,8,Q0022,F8,1,L033_S04_T017,0.18239279
L033,L033_S04,L033_S04_Q05,8,Q0005,F2,0,L033_S04_T022,0.19830988
L033,L033_S05,L033_S05_Q01,11,Q0016,F6,1,L033_S05_T002,0.17265197
L033,L033_S05,L033_S05_Q02,11,Q0011,F4,0,L033_S05_T007,0.20141354
L033,L033_S05,L033_S05_Q03,11,Q0022,F8,0,L033_S05_T012,0.32945141
L033,L033_S05,L033_S05_Q04,11,Q0012,F4,0,L033_S05_T017,0.2341621
L033,L033_S05,L033_S05_Q05,11,Q0005,F2,0,L033_S05_T022,0.2175906
L033,L033_S06,L033_S06_Q01,13,Q0021,F7,0,L033_S06_T002,0.19961079
L033,L033_S06,L033_S06_Q02,13,Q0007,F3,0,L033_S06_T007,0.28795791
L033,L033_S06,L033_S06_Q03,13,Q0001,F1,0,L033_S06_T012,0.21982243
L033,L033_S06,L033_S06_Q04,13,Q0019,F7,1,L033_S06_T017,0.23243328
L033,L033_S06,L033_S06_Q05,13,Q0009,F3,0,L033_S06_T022,0.31715744
L033,L033_S07,L033_S07_Q01,16,Q0023,F8,1,L033_S07_T002,0.32265511
L033,L033_S07,L033_S07_Q02,16,Q0020,F7,1,L033_S07_T007,0.36689225
L033,L033_S07,L033_S07_Q03,16,Q0006,F2,0,L033_S07_T012,0.22568792
L033,L033_S07,L033_S07_Q04,16,Q0005,F2,0,L033_S07_T017,0.25744103
L033,L033_S07,L033_S07_Q05,16,Q0013,F5,0,L033_S07_T022,0.40227111
L033,L033_S08,L033_S08_Q01,18,Q0001,F1,0,L033_S08_T002,0.2276226
L033,L033_S08,L033_S08_Q02,18,Q0011,F4,0,L033_S08_T007,0.23054725
L033,L033_S08,L033_S08_Q03,18,Q0001,F1,1,L033_S08_T012,0.25929637
L033,L033_S08,L033_S08_Q04,18,Q0017,F6,1,L033_S08_T017,0.29715394
L033,L033_S08,L033_S08_Q05,18,Q0015,F5,1,L033_S08_T022,0.40988285
L034,L034_S01,L034_S01_Q01,1,Q0024,F8,0,L034_S01_T002,0.29018582
L034,L034_S01,L034_S01_Q02,1,Q0018,F6,0,L034_S01_T007,0.34238543
L034,L034_S01,L034_S01_Q03,1,Q0021,F7,0,L034_S01_T012,0.28876707
L034,L034_S01,L034_S01_Q04,1,Q0004,F2,0,L034_S01_T017,0.13458732
L034,L034_S01,L034_S01_Q05,1,Q0015,F5,0,L034_S01_T022,0.11097413
L034,L034_S02,L034_S02_Q01,3,Q0004,F2,0,L034_S02_T002,0.17667178
L034,L034_S02,L034_S02_Q02,3,Q0015,F5,0,L034_S02_T007,0.15514375
L034,L034_S02,L034_S02_Q03,3,Q0012,F4,0,L034_S02_T012,0.24623432
L034,L034_S02,L034_S02_Q04,3,Q0017,F6,0,L034_S02_T017,0.36612033
L034,L034_S02,L034_S02_Q05,3,Q0021,F7,0,L034_S02_T022,0.31723673
L034,L034_S03,L034_S03_Q01,6,Q0024,F8,0,L034_S03_T002,0.30226645
L034,L034_S03,L034_S03_Q02,6,Q0009,F3,0,L034_S03_T007,0.24422909
L034,L034_S03,L034_S03_Q03,6,Q0013,F5,0,L034_S03_T012,0.19202887
L034,L034_S03,L034_S03_Q04,6,Q0005,F2,0,L034_S03_T017,0.21131597
L034,L034_S03,L034_S03_Q05,6,Q0011,F4,0,L034_S03_T022,0.27363753
L034,L034_S04,L034_S04_Q01,8,Q0013,F5,0,L034_S04_T002,0.22904097
L034,L034_S04,L034_S04_Q02,8,Q0001,F1,1,L034_S04_T007,0.21956791
L034,L034_S04,L034_S04_Q03,8,Q0006,F2,1,L034_S04_T012,0.24662493
L034,L034_S04,L034_S04_Q04,8,Q0007,F3,0,L034_S04_T017,0.27663166
L034,L034_S04,L034_S04_Q05,8,Q0003,F1,0,L034_S04_T022,0.43765228
L034,L034_S05,L034_S05_Q01,11,Q0010,F4,0,L034_S05_T002,0.28794978
L034,L034_S05,L034_S05_Q02,11,Q0015,F5,0,L034_S05_T007,0.25823389
L034,L034_S05,L034_S05_Q03,11,Q0003,F1,0,L034_S05_T012,0.44513017
L034,L034_S05,L034_S05_Q04,11,Q0020,F7,0,L034_S05_T017,0.30904116
L034,L034_S05,L034_S05_Q05,11,Q0018,F6,0,L034_S05_T022,0.34917324
L034,L034_S06,L034_S06_Q01,13,Q0015,F5,0,L034_S06_T002,0.28939977
L034,L034_S06,L034_S06_Q02,13,Q0023,F8,0,L034_S06_T007,0.30198061
L034,L034_S06,L034_S06_Q03,13,Q0009,F3,0,L034_S06_T012,0.29054014
L034,L034_S06,L034_S06_Q04,13,Q0022,F8,0,L034_S06_T017,0.34099159
L034,L034_S06,L034_S06_Q05,13,Q0010,F4,0,L034_S06_T022,0.31649161
L034,L034_S07,L034_S07_Q01,16,Q0015,F5,0,L034_S07_T002,0.31230975
L034,L034_S07,L034_S07_Q02,16,Q0005,F2,1,L034_S07_T007,0.39752294
L034,L034_S07,L034_S07_Q03,16,Q0013,F5,0,L034_S07_T012,0.35074346
L034,L034_S07,L034_S07_Q04,16,Q0008,F3,0,L034_S07_T017,0.31333141
L034,L034_S07,L034_S07_Q05,16,Q0002,F1,1,L034_S07_T022,0.43631583
L034,L034_S08,L034_S08_Q01,18,Q0015,F5,0,L034_S08_T002,0.37374031
L034,L034_S08,L034_S08_Q02,18,Q0004,F2,0,L034_S08_T007,0.54644966
L034,L034_S08,L034_S08_Q03,18,Q0018,F6,1,L034_S08_T012,0.34116841
L034,L034_S08,L034_S08_Q04,18,Q0020,F7,0,L034_S08_T017,0.30764047
L034,L034_S08,L034_S08_Q05,18,Q0009,F3,1,L034_S08_T022,0.33963192
L035,L035_S01,L035_S01_Q01,1,Q0017,F6,0,L035_S01_T002,0.32155399
L035,L035_S01,L035_S01_Q02,1,Q0007,F3,0,L035_S01_T007,0.12004359
L035,L035_S01,L035_S01_Q03,1,Q0019,F7,0,L035_S01_T012,0.25030504
L035,L035_S01,L035_S01_Q04,1,Q0006,F2,0,L035_S01_T017,0.12904905
L035,L035_S01,L035_S01_Q05,1,Q0002,F1,0,L035_S01_T022,0.15618783
L035,L035_S02,L035_S02_Q01,3,Q0010,F4,0,L035_S02_T002,0.1361429
L035,L035_S02,L035_S02_Q02,3,Q0021,F7,0,L035_S02_T007,0.27014637
L035,L035_S02,L035_S02_Q03,3,Q0010,F4,0,L035_S02_T012,0.16848668
L035,L035_S02,L035_S02_Q04,3,Q0009,F3,0,L035_S02_T017,0.14846812
L035,L035_S02,L035_S02_Q05,3,Q0005,F2,0,L035_S02_T022,0.15688019
L035,L035_S03,L035_S03_Q01,6,Q0022,F8,0,L035_S03_T002,0.20915574
L035,L035_S03,L035_S03_Q02,6,Q0015,F5,0,L035_S03_T007,0.16017788
L035,L035_S03,L035_S03_Q03,6,Q0009,F3,0,L035_S03_T012,0.17241371
L035,L035_S03,L035_S03_Q04,6,Q0018,F6,0,L035_S03_T017,0.32188331
L035,L035_S03,L035_S03_Q05,6,Q0012,F4,0,L035_S03_T022,0.19083477
L035,L035_S04,L035_S04_Q01,8,Q0024,F8,0,L035_S04_T002,0.23170848
L035,L035_S04,L035_S04_Q02,8,Q0008,F3,0,L035_S04_T007,0.19738746
L035,L035_S04,L035_S04_Q03,8,Q0014,F5,0,L035_S04_T012,0.18595787
L035,L035_S04,L035_S04_Q04,8,Q0004,F2,1,L035_S04_T017,0.17482954
L035,L035_S04,L035_S04_Q05,8,Q0003,F1,0,L035_S04_T022,0.16906199
L035,L035_S05,L035_S05_Q01,11,Q0018,F6,0,L035_S05_T002,0.32217739
L035,L035_S05,L035_S05_Q02,11,Q0007,F3,0,L035_S05_T007,0.21742925
L035,L035_S05,L035_S05_Q03,11,Q0001,F1,0,L035_S05_T012,0.19136418
L035,L035_S05,L035_S05_Q04,11,Q0011,F4,1,L035_S05_T017,0.205151
L035,L035_S05,L035_S05_Q05,11,Q0014,F5,0,L035_S05_T022,0.20691175
L035,L035_S06,L035_S06_Q01,13,Q0001,F1,1,L035_S06_T002,0.21508924
L035,L035_S06,L035_S06_Q02,13,Q0002,F1,1,L035_S06_T007,0.36202895
L035,L035_S06,L035_S06_Q03,13,Q0015,F5,0,L035_S06_T012,0.22961236
L035,L035_S06,L035_S06_Q04,13,Q0021,F7,1,L035_S06_T017,0.2560331
L035,L035_S06,L035_S06_Q05,13,Q0022,F8,0,L035_S06_T022,0.24165123
L035,L035_S07,L035_S07_Q01,16,Q0007,F3,0,L035_S07_T002,0.22889988
L035,L035_S07,L035_S07_Q02,16,Q0013,F5,1,L035_S07_T007,0.24708258
L035,L035_S07,L035_S07_Q03,16,Q0011,F4,0,L035_S07_T012,0.32837323
L035,L035_S07,L035_S07_Q04,16,Q0016,F6,0,L035_S07_T017,0.32244001
L035,L035_S07,L035_S07_Q05,16,Q0006,F2,1,L035_S07_T022,0.29206446
L035,L035_S08,L035_S08_Q01,18,Q0012,F4,0,L035_S08_T002,0.34307047
L035,L035_S08,L035_S08_Q02,18,Q0005,F2,1,L035_S08_T007,0.41204398
L035,L035_S08,L035_S08_Q03,18,Q0019,F7,0,L035_S08_T012,0.3667413
L035,L035_S08,L035_S08_Q04,18,Q0022,F8,0,L035_S08_T017,0.25053012
L035,L035_S08,L035_S08_Q05,18,Q0008,F3,0,L035_S08_T022,0.25015164
L036,L036_S01,L036_S01_Q01,1,Q0018,F6,0,L036_S01_T002,0.19514536
L036,L036_S01,L036_S01_Q02,1,Q0013,F5,0,L036_S01_T007,0.13914118
L036,L036_S01,L036_S01_Q03,1,Q0004,F2,0,L036_S01_T012,0.25450604
L036,L036_S01,L036_S01_Q04,1,Q0001,F1,0,L036_S01_T017,0.21833886
L036,L036_S01,L036_S01_Q05,1,Q0022,F8,0,L036_S01_T022,0.12926749
L036,L036_S02,L036_S02_Q01,3,Q0023,F8,0,L036_S02_T002,0.15918094
L036,L036_S02,L036_S02_Q02,3,Q0007,F3,1,L036_S02_T007,0.14623576
L036,L036_S02,L036_S02_Q03,3,Q0013,F5,0,L036_S02_T012,0.16835104
L036,L036_S02,L036_S02_Q04,3,Q0004,F2,0,L036_S02_T017,0.27549518
L036,L036_S02,L036_S02_Q05,3,Q0010,F4,0,L036_S02_T022,0.22515382
L036,L036_S03,L036_S03_Q01,6,Q0002,F1,1,L036_S03_T002,0.23033946
L036,L036_S03,L036_S03_Q02,6,Q0019,F7,1,L036_S03_T007,0.24891252
L036,L036_S03,L036_S03_Q03,6,Q0009,F3,1,L036_S03_T012,0.30355571
L036,L036_S03,L036_S03_Q04,6,Q0012,F4,0,L036_S03_T017,0.24421365
L036,L036_S03,L036_S03_Q05,6,Q0022,F8,0,L036_S03_T022,0.18393437
L036,L036_S04,L036_S04_Q01,8,Q0009,F3,0,L036_S04_T002,0.43004275
L036,L036_S04,L036_S04_Q02,8,Q0014,F5,1,L036_S04_T007,0.18613336
L036,L036_S04,L036_S04_Q03,8,Q0018,F6,1,L036_S04_T012,0.20308603
L036,L036_S04,L036_S04_Q04,8,Q0019,F7,0,L036_S04_T017,0.38784498
L036,L036_S04,L036_S04_Q05,8,Q0015,F5,0,L036_S04_T022,0.35063132
L036,L036_S05,L036_S05_Q01,11,Q0023,F8,0,L036_S05_T002,0.19991428
L036,L036_S05,L036_S05_Q02,11,Q0023,F8,0,L036_S05_T007,0.2322568
L036,L036_S05,L036_S05_Q03,11,Q0009,F3,1,L036_S05_T012,0.43142021
L036,L036_S05,L036_S05_Q04,11,Q0011,F4,0,L036_S05_T017,0.2532215
L036,L036_S05,L036_S05_Q05,11,Q0012,F4,0,L036_S05_T022,0.28340913
L036,L036_S06,L036_S06_Q01,13,Q0004,F2,1,L036_S06_T002,0.25886119
L036,L036_S06,L036_S06_Q02,13,Q0001,F1,0,L036_S06_T007,0.34421638
L036,L036_S06,L036_S06_Q03,13,Q0019,F7,1,L036_S06_T012,0.38024005
L036,L036_S06,L036_S06_Q04,13,Q0023,F8,0,L036_S06_T017,0.25483138
L036,L036_S06,L036_S06_Q05,13,Q0023,F8,1,L036_S06_T022,0.28495394
L036,L036_S07,L036_S07_Q01,16,Q0017,F6,1,L036_S07_T002,0.3195589
L036,L036_S07,L036_S07_Q02,16,Q0015,F5,0,L036_S07_T007,0.33072436
L036,L036_S07,L036_S07_Q03,16,Q0019,F7,0,L036_S07_T012,0.48133658
L036,L036_S07,L036_S07_Q04,16,Q0009,F3,1,L036_S07_T017,0.5035033
L036,L036_S07,L036_S07_Q05,16,Q0001,F1,1,L036_S07_T022,0.35300085
L036,L036_S08,L036_S08_Q01,18,Q0014,F5,1,L036_S08_T002,0.34628229
L036,L036_S08,L036_S08_Q02,18,Q0017,F6,1,L036_S08_T007,0.44240109
L036,L036_S08,L036_S08_Q03,18,Q0012,F4,0,L036_S08_T012,0.27863279
L036,L036_S08,L036_S08_Q04,18,Q0006,F2,0,L036_S08_T017,0.37661714
L036,L036_S08,L036_S08_Q05,18,Q0011,F4,1,L036_S08_T022,0.3077932
L037,L037_S01,L037_S01_Q01,1,Q0015,F5,0,L037_S01_T002,0.33678374
L037,L037_S01,L037_S01_Q02,1,Q0003,F1,0,L037_S01_T007,0.22374876
L037,L037_S01,L037_S01_Q03,1,Q0004,F2,0,L037_S01_T012,0.10330582
L037,L037_S01,L037_S01_Q04,1,Q0005,F2,0,L037_S01_T017,0.14542872
L037,L037_S01,L037_S01_Q05,1,Q0010,F4,0,L037_S01_T022,0.32630884
L037,L037_S02,L037_S02_Q01,3,Q0009,F3,0,L037_S02_T002,0.18825074
L037,L037_S02,L037_S02_Q02,3,Q0004,F2,0,L037_S02_T007,0.18086035
L037,L037_S02,L037_S02_Q03,3,Q0023,F8,1,L037_S02_T012,0.17461352
L037,L037_S02,L037_S02_Q04,3,Q0024,F8,0,L037_S02_T017,0.36847931
L037,L037_S02,L037_S02_Q05,3,Q0016,F6,0,L037_S02_T022,0.19525621
L037,L037_S03,L037_S03_Q01,6,Q0021,F7,0,L037_S03_T002,0.28559257
L037,L037_S03,L037_S03_Q02,6,Q0011,F4,0,L037_S03_T007,0.33566181
L037,L037_S03,L037_S03_Q03,6,Q0005,F2,0,L037_S03_T012,0.21103832
L037,L037_S03,L037_S03_Q04,6,Q0008,F3,1,L037_S03_T017,0.21781496
L037,L037_S03,L037_S03_Q05,6,Q0017,F6,1,L037_S03_T022,0.22423866
L037,L037_S04,L037_S04_Q01,8,Q0009,F3,0,L037_S04_T002,0.39133696
L037,L037_S04,L037_S04_Q02,8,Q0002,F1,0,L037_S04_T007,0.23781073
L037,L037_S04,L037_S04_Q03,8,Q0015,F5,0,L037_S04_T012,0.33626125
L037,L037_S04,L037_S04_Q04,8,Q0006,F2,1,L037_S04_T017,0.24180005
L037,L037_S04,L037_S04_Q05,8,Q0021,F7,1,L037_S04_T022,0.31104773
L037,L037_S05,L037_S05_Q01,11,Q0021,F7,1,L037_S05_T002,0.45497058
L037,L037_S05,L037_S05_Q02,11,Q0004,F2,1,L037_S05_T007,0.40399305
L037,L037_S05,L037_S05_Q03,11,Q0006,F2,0,L037_S05_T012,0.54398245
L037,L037_S05,L037_S05_Q04,11,Q0002,F1,1,L037_S05_T017,0.26325918
L037,L037_S05,L037_S05_Q05,11,Q0008,F3,0,L037_S05_T022,0.40403559
L037,L037_S06,L037_S06_Q01,13,Q0020,F7,0,L037_S06_T002,0.56818187
L037,L037_S06,L037_S06_Q02,13,Q0011,F4,0,L037_S06_T007,0.33528408
L037,L037_S06,L037_S06_Q03,13,Q0015,F5,0,L037_S06_T012,0.34455596
L037,L037_S06,L037_S06_Q04,13,Q0017,F6,0,L037_S06_T017,0.3714555
L037,L037_S06,L037_S06_Q05,13,Q0024,F8,1,L037_S06_T022,0.35009537
L037,L037_S07,L037_S07_Q01,16,Q0011,F4,0,L037_S07_T002,0.3526377
L037,L037_S07,L037_S07_Q02,16,Q0015,F5,0,L037_S07_T007,0.36113959
L037,L037_S07,L037_S07_Q03,16,Q0014,F5,0,L037_S07_T012,0.39115055
L037,L037_S07,L037_S07_Q04,16,Q0009,F3,0,L037_S07_T017,0.40512372
L037,L037_S07,L037_S07_Q05,16,Q0002,F1,0,L037_S07_T022,0.40913014
L037,L037_S08,L037_S08_Q01,18,Q0018,F6,0,L037_S08_T002,0.37600794
L037,L037_S08,L037_S08_Q02,18,Q0013,F5,1,L037_S08_T007,0.40909238
L037,L037_S08,L037_S08_Q03,18,Q0010,F4,0,L037_S08_T012,0.37332078
L037,L037_S08,L037_S08_Q04,18,Q0022,F8,0,L037_S08_T017,0.47143232
L037,L037_S08,L037_S08_Q05,18,Q0003,F1,0,L037_S08_T022,0.42579223
L038,L038_S01,L038_S01_Q01,1,Q0014,F5,0,L038_S01_T002,0.14936387
L038,L038_S01,L038_S01_Q02,1,Q0009,F3,1,L038_S01_T007,0.29602996
L038,L038_S01,L038_S01_Q03,1,Q0012,F4,0,L038_S01_T012,0.18042405
L038,L038_S01,L038_S01_Q04,1,Q0003,F1,0,L038_S01_T017,0.20379384
L038,L038_S01,L038_S01_Q05,1,Q0013,F5,0,L038_S01_T022,0.19006323
L038,L038_S02,L038_S02_Q01,3,Q0017,F6,0,L038_S02_T002,0.18957895
L038,L038_S02,L038_S02_Q02,3,Q0003,F1,0,L038_S02_T007,0.23749123
L038,L038_S02,L038_S02_Q03,3,Q0022,F8,0,L038_S02_T012,0.23980639
L038,L038_S02,L038_S02_Q04,3,Q0017,F6,0,L038_S02_T017,0.22835418
L038,L038_S02,L038_S02_Q05,3,Q0020,F7,0,L038_S02_T022,0.12595535
L038,L038_S03,L038_S03_Q01,6,Q0010,F4,1,L038_S03_T002,0.20979011
L038,L038_S03,L038_S03_Q02,6,Q0005,F2,0,L038_S03_T007,0.1358477
L038,L038_S03,L038_S03_Q03,6,Q0023,F8,1,L038_S03_T012,0.26868111
L038,L038_S03,L038_S03_Q04,6,Q0005,F2,1,L038_S03_T017,0.17719375
L038,L038_S03,L038_S03_Q05,6,Q0020,F7,0,L038_S03_T022,0.16322016
L038,L038_S04,L038_S04_Q01,8,Q0009,F3,1,L038_S04_T002,0.43555203
L038,L038_S04,L038_S04_Q02,8,Q0021,F7,0,L038_S04_T007,0.19956121
L038,L038_S04,L038_S04_Q03,8,Q0005,F2,1,L038_S04_T012,0.36723263
L038,L038_S04,L038_S04_Q04,8,Q0013,F5,0,L038_S04_T017,0.21458309
L038,L038_S04,L038_S04_Q05,8,Q0021,F7,0,L038_S04_T022,0.23785883
L038,L038_S05,L038_S05_Q01,11,Q0022,F8,0,L038_S05_T002,0.42374392
L038,L038_S05,L038_S05_Q02,11,Q0005,F2,1,L038_S05_T007,0.50453036
L038,L038_S05,L038_S05_Q03,11,Q0015,F5,1,L038_S05_T012,0.24531661
L038,L038_S05,L038_S05_Q04,11,Q0015,F5,1,L038_S05_T017,0.42585872
L038,L038_S05,L038_S05_Q05,11,Q0021,F7,0,L038_S05_T022,0.26687707
L038,L038_S06,L038_S06_Q01,13,Q0024,F8,0,L038_S06_T002,0.44311011
L038,L038_S06,L038_S06_Q02,13,Q0018,F6,0,L038_S06_T007,0.24202085
L038,L038_S06,L038_S06_Q03,13,Q0001,F1,0,L038_S06_T012,0.24995812
L038,L038_S06,L038_S06_Q04,13,Q0008,F3,1,L038_S06_T017,0.5450028
L038,L038_S06,L038_S06_Q05,13,Q0014,F5,1,L038_S06_T022,0.55297037
L038,L038_S07,L038_S07_Q01,16,Q0011,F4,0,L038_S07_T002,0.36387055
L038,L038_S07,L038_S07_Q02,16,Q0007,F3,1,L038_S07_T007,0.63610136
L038,L038_S07,L038_S07_Q03,16,Q0001,F1,0,L038_S07_T012,0.27808472
L038,L038_S07,L038_S07_Q04,16,Q0003,F1,0,L038_S07_T017,0.31262533
L038,L038_S07,L038_S07_Q05,16,Q0018,F6,1,L038_S07_T022,0.27073238
L038,L038_S08,L038_S08_Q01,18,Q0011,F4,1,L038_S08_T002,0.38713789
L038,L038_S08,L038_S08_Q02,18,Q0018,F6,1,L038_S08_T007,0.43710035
L038,L038_S08,L038_S08_Q03,18,Q0005,F2,1,L038_S08_T012,0.58430695
L038,L038_S08,L038_S08_Q04,18,Q0019,F7,0,L038_S08_T017,0.28317253
L038,L038_S08,L038_S08_Q05,18,Q0016,F6,0,L038_S08_T022,0.57176223
L039,L039_S01,L039_S01_Q01,1,Q0003,F1,1,L039_S01_T002,0.33878743
L039,L039_S01,L039_S01_Q02,1,Q0010,F4,0,L039_S01_T007,0.21901467
L039,L039_S01,L039_S01_Q03,1,Q0006,F2,0,L039_S01_T012,0.15152117
L039,L039_S01,L039_S01_Q04,1,Q0016,F6,0,L039_S01_T017,0.10460249
L039,L039_S01,L039_S01_Q05,1,Q0022,F8,1,L039_S01_T022,0.33126735
L039,L039_S02,L039_S02_Q01,3,Q0013,F5,0,L039_S02_T002,0.29729834
L039,L039_S02,L039_S02_Q02,3,Q0002,F1,0,L039_S02_T007,0.47309492
L039,L039_S02,L039_S02_Q03,3,Q0008,F3,1,L039_S02_T012,0.22590383
L039,L039_S02,L039_S02_Q04,3,Q0017,F6,0,L039_S02_T017,0.14045481
L039,L039_S02,L039_S02_Q05,3,Q0014,F5,0,L039_S02_T022,0.33011139
L039,L039_S03,L039_S03_Q01,6,Q0018,F6,0,L039_S03_T002,0.16968005
L039,L039_S03,L039_S03_Q02,6,Q0012,F4,0,L039_S03_T007,0.23027695
L039,L039_S03,L039_S03_Q03,6,Q0018,F6,0,L039_S03_T012,0.20845231
L039,L039_S03,L039_S03_Q04,6,Q0006,F2,0,L039_S03_T017,0.17228314
L039,L039_S03,L039_S03_Q05,6,Q0022,F8,1,L039_S03_T022,0.439314
L039,L039_S04,L039_S04_Q01,8,Q0005,F2,1,L039_S04_T002,0.20234921
L039,L039_S04,L039_S04_Q02,8,Q0004,F2,0,L039_S04_T007,0.38858298
L039,L039_S04,L039_S04_Q03,8,Q0021,F7,1,L039_S04_T012,0.28079502
L039,L039_S04,L039_S04_Q04,8,Q0019,F7,0,L039_S04_T017,0.44871344
L039,L039_S04,L039_S04_Q05,8,Q0009,F3,0,L039_S04_T022,0.36651874
L039,L039_S05,L039_S05_Q01,11,Q0003,F1,0,L039_S05_T002,0.42149047
L039,L039_S05,L039_S05_Q02,11,Q0024,F8,1,L039_S05_T007,0.51396302
L039,L039_S05,L039_S05_Q03,11,Q0019,F7,0,L039_S05_T012,0.44578851
L039,L039_S05,L039_S05_Q04,11,Q0006,F2,1,L039_S05_T017,0.39192943
L039,L039_S05,L039_S05_Q05,11,Q0023,F8,1,L039_S05_T022,0.62744188
L039,L039_S06,L039_S06_Q01,13,Q0017,F6,0,L039_S06_T002,0.21219874
L039,L039_S06,L039_S06_Q02,13,Q0021,F7,1,L039_S06_T007,0.45247168
L039,L039_S06,L039_S06_Q03,13,Q0014,F5,0,L039_S06_T012,0.29359928
L039,L039_S06,L039_S06_Q04,13,Q0010,F4,0,L039_S06_T017,0.23018837
L039,L039_S06,L039_S06_Q05,13,Q0013,F5,1,L039_S06_T022,0.32658506
L039,L039_S07,L039_S07_Q01,16,Q0006,F2,1,L039_S07_T002,0.4812252
L039,L039_S07,L039_S07_Q02,16,Q0001,F1,1,L039_S07_T007,0.40425436
L039,L039_S07,L039_S07_Q03,16,Q0011,F4,0,L039_S07_T012,0.25005475
L039,L039_S07,L039_S07_Q04,16,Q0017,F6,1,L039_S07_T017,0.23394137
L039,L039_S07,L039_S07_Q05,16,Q0012,F4,0,L039_S07_T022,0.28507386
L039,L039_S08,L039_S08_Q01,18,Q0008,F3,1,L039_S08_T002,0.32179589
L039,L039_S08,L039_S08_Q02,18,Q0009,F3,1,L039_S08_T007,0.48014151
L039,L039_S08,L039_S08_Q03,18,Q0018,F6,0,L039_S08_T012,0.39599887
L039,L039_S08,L039_S08_Q04,18,Q0017,F6,0,L039_S08_T017,0.42420305
L039,L039_S08,L039_S08_Q05,18,Q0010,F4,0,L039_S08_T022,0.30549707
L040,L040_S01,L040_S01_Q01,1,Q0014,F5,1,L040_S01_T002,0.27642325
L040,L040_S01,L040_S01_Q02,1,Q0010,F4,0,L040_S01_T007,0.11488651
L040,L040_S01,L040_S01_Q03,1,Q0012,F4,1,L040_S01_T012,0.15942704
L040,L040_S01,L040_S01_Q04,1,Q0009,F3,0,L040_S01_T017,0.28824511
L040,L040_S01,L040_S01_Q05,1,Q0010,F4,1,L040_S01_T022,0.37092287
L040,L040_S02,L040_S02_Q01,3,Q0015,F5,0,L040_S02_T002,0.4424081
L040,L040_S02,L040_S02_Q02,3,Q0020,F7,0,L040_S02_T007,0.32505314
L040,L040_S02,L040_S02_Q03,3,Q0008,F3,1,L040_S02_T012,0.31270081
L040,L040_S02,L040_S02_Q04,3,Q0004,F2,0,L040_S02_T017,0.16494834
L040,L040_S02,L040_S02_Q05,3,Q0001,F1,0,L040_S02_T022,0.17797039
L040,L040_S03,L040_S03_Q01,6,Q0020,F7,0,L040_S03_T002,0.34030424
L040,L040_S03,L040_S03_Q02,6,Q0004,F2,0,L040_S03_T007,0.19618157
L040,L040_S03,L040_S03_Q03,6,Q0018,F6,1,L040_S03_T012,0.28915297
L040,L040_S03,L040_S03_Q04,6,Q0024,F8,0,L040_S03_T017,0.30402813
L040,L040_S03,L040_S03_Q05,6,Q0024,F8,0,L040_S03_T022,0.33905071
L040,L040_S04,L040_S04_Q01,8,Q0003,F1,0,L040_S04_T002,0.20061494
L040,L040_S04,L040_S04_Q02,8,Q0002,F1,1,L040_S04_T007,0.24084145
L040,L040_S04,L040_S04_Q03,8,Q0018,F6,1,L040_S04_T012,0.45160092
L040,L040_S04,L040_S04_Q04,8,Q0004,F2,0,L040_S04_T017,0.22833526
L040,L040_S04,L040_S04_Q05,8,Q0012,F4,0,L040_S04_T022,0.46706463
L040,L040_S05,L040_S05_Q01,11,Q0004,F2,0,L040_S05_T002,0.25324102
L040,L040_S05,L040_S05_Q02,11,Q0006,F2,0,L040_S05_T007,0.2908193
L040,L040_S05,L040_S05_Q03,11,Q0009,F3,0,L040_S05_T012,0.42102795
L040,L040_S05,L040_S05_Q04,11,Q0012,F4,0,L040_S05_T017,0.46813974
L040,L040_S05,L040_S05_Q05,11,Q0015,F5,0,L040_S05_T022,0.40788086
L040,L040_S06,L040_S06_Q01,13,Q0003,F1,1,L040_S06_T002,0.39499184
L040,L040_S06,L040_S06_Q02,13,Q0024,F8,1,L040_S06_T007,0.32859372
L040,L040_S06,L040_S06_Q03,13,Q0016,F6,0,L040_S06_T012,0.5392592
L040,L040_S06,L040_S06_Q04,13,Q0023,F8,0,L040_S06_T017,0.49752567
L040,L040_S06,L040_S06_Q05,13,Q0008,F3,0,L040_S06_T022,0.43438087
L040,L040_S07,L040_S07_Q01,16,Q0019,F7,0,L040_S07_T002,0.31246199
L040,L040_S07,L040_S07_Q02,16,Q0014,F5,1,L040_S07_T007,0.40031938
L040,L040_S07,L040_S07_Q03,16,Q0002,F1,0,L040_S07_T012,0.51869424
L040,L040_S07,L040_S07_Q04,16,Q0016,F6,0,L040_S07_T017,0.53312764
L040,L040_S07,L040_S07_Q05,16,Q0006,F2,0,L040_S07_T022,0.29863756
L040,L040_S08,L040_S08_Q01,18,Q0006,F2,0,L040_S08_T002,0.32222428
L040,L040_S08,L040_S08_Q02,18,Q0011,F4,1,L040_S08_T007,0.43679174
L040,L040_S08,L040_S08_Q03,18,Q0019,F7,1,L040_S08_T012,0.33489277
L040,L040_S08,L040_S08_Q04,18,Q0021,F7,0,L040_S08_T017,0.50223982
L040,L040_S08,L040_S08_Q05,18,Q0004,F2,0,L040_S08_T022,0.35633119
L041,L041_S01,L041_S01_Q01,1,Q0012,F4,0,L041_S01_T002,0.28284213
L041,L041_S01,L041_S01_Q02,1,Q0022,F8,0,L041_S01_T007,0.10297888
L041,L041_S01,L041_S01_Q03,1,Q0004,F2,0,L041_S01_T012,0.30225842
L041,L041_S01,L041_S01_Q04,1,Q0007,F3,1,L041_S01_T017,0.19962362
L041,L041_S01,L041_S01_Q05,1,Q0007,F3,0,L041_S01_T022,0.41363664
L041,L041_S02,L041_S02_Q01,3,Q0002,F1,0,L041_S02_T002,0.12179325
L041,L041_S02,L041_S02_Q02,3,Q0013,F5,1,L041_S02_T007,0.12538206
L041,L041_S02,L041_S02_Q03,3,Q0002,F1,0,L041_S02_T012,0.16875807
L041,L041_S02,L041_S02_Q04,3,Q0016,F6,1,L041_S02_T017,0.28670598
L041,L041_S02,L041_S02_Q05,3,Q0013,F5,0,L041_S02_T022,0.35924657
L041,L041_S03,L041_S03_Q01,6,Q0022,F8,0,L041_S03_T002,0.13840918
L041,L041_S03,L041_S03_Q02,6,Q0017,F6,0,L041_S03_T007,0.45322375
L041,L041_S03,L041_S03_Q03,6,Q0015,F5,0,L041_S03_T012,0.37355815
L041,L041_S03,L041_S03_Q04,6,Q0020,F7,1,L041_S03_T017,0.30973379
L041,L041_S03,L041_S03_Q05,6,Q0021,F7,1,L041_S03_T022,0.49430439
L041,L041_S04,L041_S04_Q01,8,Q0010,F4,0,L041_S04_T002,0.28446772
L041,L041_S04,L041_S04_Q02,8,Q0004,F2,0,L041_S04_T007,0.30074425
L041,L041_S04,L041_S04_Q03,8,Q0023,F8,0,L041_S04_T012,0.17819476
L041,L041_S04,L041_S04_Q04,8,Q0022,F8,0,L041_S04_T017,0.22214334
L041,L041_S04,L041_S04_Q05,8,Q0002,F1,0,L041_S04_T022,0.19549805
L041,L041_S05,L041_S05_Q01,11,Q0003,F1,1,L041_S05_T002,0.22642608
L041,L041_S05,L041_S05_Q02,11,Q0022,F8,0,L041_S05_T007,0.25036753
L041,L041_S05,L041_S05_Q03,11,Q0010,F4,0,L041_S05_T012,0.30636752
L041,L041_S05,L041_S05_Q04,11,Q0015,F5,1,L041_S05_T017,0.37324125
L041,L041_S05,L041_S05_Q05,11,Q0003,F1,0,L041_S05_T022,0.43327237
L041,L041_S06,L041_S06_Q01,13,Q0023,F8,1,L041_S06_T002,0.28055234
L041,L041_S06,L041_S06_Q02,13,Q0001,F1,0,L041_S06_T007,0.44777255
L041,L041_S06,L041_S06_Q03,13,Q0005,F2,1,L041_S06_T012,0.31004705
L041,L041_S06,L041_S06_Q04,13,Q0010,F4,1,L041_S06_T017,0.33175016
L041,L041_S06,L041_S06_Q05,13,Q0021,F7,0,L041_S06_T022,0.55754045
L041,L041_S07,L041_S07_Q01,16,Q0008,F3,0,L041_S07_T002,0.3430449
L041,L041_S07,L041_S07_Q02,16,Q0017,F6,1,L041_S07_T007,0.40562954
L041,L041_S07,L041_S07_Q03,16,Q0008,F3,0,L041_S07_T012,0.3781776
L041,L041_S07,L041_S07_Q04,16,Q0016,F6,1,L041_S07_T017,0.56455853
L041,L041_S07,L041_S07_Q05,16,Q0008,F3,0,L041_S07_T022,0.41143148
L041,L041_S08,L041_S08_Q01,18,Q0004,F2,1,L041_S08_T002,0.4534488
L041,L041_S08,L041_S08_Q02,18,Q0009,F3,1,L041_S08_T007,0.42780458
L041,L041_S08,L041_S08_Q03,18,Q0007,F3,0,L041_S08_T012,0.58080418
L041,L041_S08,L041_S08_Q04,18,Q0019,F7,1,L041_S08_T017,0.53291697
L041,L041_S08,L041_S08_Q05,18,Q0015,F5,0,L041_S08_T022,0.47898984
L042,L042_S01,L042_S01_Q01,1,Q0024,F8,0,L042_S01_T002,0.25430851
L042,L042_S01,L042_S01_Q02,1,Q0019,F7,1,L042_S01_T007,0.28009546
L042,L042_S01,L042_S01_Q03,1,Q0018,F6,0,L042_S01_T012,0.1345113
L042,L042_S01,L042_S01_Q04,1,Q0012,F4,1,L042_S01_T017,0.1359874
L042,L042_S01,L042_S01_Q05,1,Q0007,F3,0,L042_S01_T022,0.2136291
L042,L042_S02,L042_S02_Q01,3,Q0021,F7,0,L042_S02_T002,0.43094606
L042,L042_S02,L042_S02_Q02,3,Q0015,F5,0,L042_S02_T007,0.15268302
L042,L042_S02,L042_S02_Q03,3,Q0022,F8,0,L042_S02_T012,0.28001814
L042,L042_S02,L042_S02_Q04,3,Q0002,F1,0,L042_S02_T017,0.16812456
L042,L042_S02,L042_S02_Q05,3,Q0012,F4,0,L042_S02_T022,0.32268587
L042,L042_S03,L042_S03_Q01,6,Q0008,F3,1,L042_S03_T002,0.23209442
L042,L042_S03,L042_S03_Q02,6,Q0005,F2,0,L042_S03_T007,0.29708691
L042,L042_S03,L042_S03_Q03,6,Q0018,F6,0,L042_S03_T012,0.16178561
L042,L042_S03,L042_S03_Q04,6,Q0005,F2,0,L042_S03_T017,0.32898971
L042,L042_S03,L042_S03_Q05,6,Q0013,F5,1,L042_S03_T022,0.18310321
L042,L042_S04,L042_S04_Q01,8,Q0002,F1,0,L042_S04_T002,0.19165636
L042,L042_S04,L042_S04_Q02,8,Q0016,F6,0,L042_S04_T007,0.19418796
L042,L042_S04,L042_S04_Q03,8,Q0014,F5,0,L042_S04_T012,0.3580813
L042,L042_S04,L042_S04_Q04,8,Q0002,F1,0,L042_S04_T017,0.22834429
L042,L042_S04,L042_S04_Q05,8,Q0016,F6,1,L042_S04_T022,0.23076099
L042,L042_S05,L042_S05_Q01,11,Q0001,F1,0,L042_S05_T002,0.25229363
L042,L042_S05,L042_S05_Q02,11,Q0003,F1,0,L042_S05_T007,0.28622944
L042,L042_S05,L042_S05_Q03,11,Q0015,F5,0,L042_S05_T012,0.37093502
L042,L042_S05,L042_S05_Q04,11,Q0015,F5,0,L042_S05_T017,0.39948611
L042,L042_S05,L042_S05_Q05,11,Q0024,F8,1,L042_S05_T022,0.27885255
L042,L042_S06,L042_S06_Q01,13,Q0002,F1,0,L042_S06_T002,0.30963004
L042,L042_S06,L042_S06_Q02,13,Q0022,F8,0,L042_S06_T007,0.43001233
L042,L042_S06,L042_S06_Q03,13,Q0012,F4,1,L042_S06_T012,0.3062778
L042,L042_S06,L042_S06_Q04,13,Q0023,F8,0,L042_S06_T017,0.4558821
L042,L042_S06,L042_S06_Q05,13,Q0010,F4,0,L042_S06_T022,0.46370608
L042,L042_S07,L042_S07_Q01,16,Q0008,F3,0,L042_S07_T002,0.3521471
L042,L042_S07,L042_S07_Q02,16,Q0021,F7,0,L042_S07_T007,0.37919418
L042,L042_S07,L042_S07_Q03,16,Q0008,F3,0,L042_S07_T012,0.38155091
L042,L042_S07,L042_S07_Q04,16,Q0004,F2,0,L042_S07_T017,0.31149273
L042,L042_S07,L042_S07_Q05,16,Q0019,F7,0,L042_S07_T022,0.40737042
L042,L042_S08,L042_S08_Q01,18,Q0016,F6,1,L042_S08_T002,0.35125378
L042,L042_S08,L042_S08_Q02,18,Q0018,F6,1,L042_S08_T007,0.49847554
L042,L042_S08,L042_S08_Q03,18,Q0010,F4,0,L042_S08_T012,0.45432779
L042,L042_S08,L042_S08_Q04,18,Q0005,F2,0,L042_S08_T017,0.33306588
L042,L042_S08,L042_S08_Q05,18,Q0003,F1,0,L042_S08_T022,0.3174066
L043,L043_S01,L043_S01_Q01,1,Q0019,F7,0,L043_S01_T002,0.32019339
L043,L043_S01,L043_S01_Q02,1,Q0010,F4,0,L043_S01_T007,0.10417411
L043,L043_S01,L043_S01_Q03,1,Q0013,F5,0,L043_S01_T012,0.29300824
L043,L043_S01,L043_S01_Q04,1,Q0018,F6,0,L043_S01_T017,0.12134675
L043,L043_S01,L043_S01_Q05,1,Q0005,F2,0,L043_S01_T022,0.23084946
L043,L043_S02,L043_S02_Q01,3,Q0002,F1,0,L043_S02_T002,0.13047231
L043,L043_S02,L043_S02_Q02,3,Q0022,F8,1,L043_S02_T007,0.30511417
L043,L043_S02,L043_S02_Q03,3,Q0005,F2,0,L043_S02_T012,0.27062932
L043,L043_S02,L043_S02_Q04,3,Q0017,F6,0,L043_S02_T017,0.16993379
L043,L043_S02,L043_S02_Q05,3,Q0011,F4,0,L043_S02_T022,0.15414232
L043,L043_S03,L043_S03_Q01,6,Q0021,F7,1,L043_S03_T002,0.34116676
L043,L043_S03,L043_S03_Q02,6,Q0011,F4,0,L043_S03_T007,0.1978701
L043,L043_S03,L043_S03_Q03,6,Q0014,F5,0,L043_S03_T012,0.31699153
L043,L043_S03,L043_S03_Q04,6,Q0009,F3,1,L043_S03_T017,0.26347615
L043,L043_S03,L043_S03_Q05,6,Q0023,F8,1,L043_S03_T022,0.49553499
L043,L043_S04,L043_S04_Q01,8,Q0002,F1,1,L043_S04_T002,0.17245143
L043,L043_S04,L043_S04_Q02,8,Q0001,F1,1,L043_S04_T007,0.41932708
L043,L043_S04,L043_S04_Q03,8,Q0008,F3,0,L043_S04_T012,0.47252717
L043,L043_S04,L043_S04_Q04,8,Q0017,F6,0,L043_S04_T017,0.20754377
L043,L043_S04,L043_S04_Q05,8,Q0016,F6,0,L043_S04_T022,0.25482514
L043,L043_S05,L043_S05_Q01,11,Q0023,F8,0,L043_S05_T002,0.61095225
L043,L043_S05,L043_S05_Q02,11,Q0014,F5,1,L043_S05_T007,0.33831941
L043,L043_S05,L043_S05_Q03,11,Q0002,F1,1,L043_S05_T012,0.57303592
L043,L043_S05,L043_S05_Q04,11,Q0010,F4,0,L043_S05_T017,0.232387
L043,L043_S05,L043_S05_Q05,11,Q0013,F5,1,L043_S05_T022,0.53571305
L043,L043_S06,L043_S06_Q01,13,Q0017,F6,0,L043_S06_T002,0.28303603
L043,L043_S06,L043_S06_Q02,13,Q0019,F7,0,L043_S06_T007,0.4972873
L043,L043_S06,L043_S06_Q03,13,Q0012,F4,0,L043_S06_T012,0.27204319
L043,L043_S06,L043_S06_Q04,13,Q0024,F8,1,L043_S06_T017,0.62016087
L043,L043_S06,L043_S06_Q05,13,Q0001,F1,0,L043_S06_T022,0.68494209
L043,L043_S07,L043_S07_Q01,16,Q0008,F3,0,L043_S07_T002,0.46093417
L043,L043_S07,L043_S07_Q02,16,Q0009,F3,0,L043_S07_T007,0.49309717
L043,L043_S07,L043_S07_Q03,16,Q0004,F2,0,L043_S07_T012,0.2717054
L043,L043_S07,L043_S07_Q04,16,Q0018,F6,1,L043_S07_T017,0.31508107
L043,L043_S07,L043_S07_Q05,16,Q0010,F4,0,L043_S07_T022,0.30508461
L043,L043_S08,L043_S08_Q01,18,Q0006,F2,1,L043_S08_T002,0.30819926
L043,L043_S08,L043_S08_Q02,18,Q0011,F4,0,L043_S08_T007,0.33889382
L043,L043_S08,L043_S08_Q03,18,Q0006,F2,1,L043_S08_T012,0.51457839
L043,L043_S08,L043_S08_Q04,18,Q0021,F7,0,L043_S08_T017,0.49865299
L043,L043_S08,L043_S08_Q05,18,Q0012,F4,1,L043_S08_T022,0.37833827
L044,L044_S01,L044_S01_Q01,1,Q0013,F5,0,L044_S01_T002,0.19861927
L044,L044_S01,L044_S01_Q02,1,Q0021,F7,0,L044_S01_T007,0.17962479
L044,L044_S01,L044_S01_Q03,1,Q0024,F8,0,L044_S01_T012,0.18693502
L044,L044_S01,L044_S01_Q04,1,Q0016,F6,0,L044_S01_T017,0.10691604
L044,L044_S01,L044_S01_Q05,1,Q0018,F6,0,L044_S01_T022,0.15799397
L044,L044_S02,L044_S02_Q01,3,Q0003,F1,0,L044_S02_T002,0.28803744
L044,L044_S02,L044_S02_Q02,3,Q0016,F6,0,L044_S02_T007,0.19988766
L044,L044_S02,L044_S02_Q03,3,Q0011,F4,0,L044_S02_T012,0.27346797
L044,L044_S02,L044_S02_Q04,3,Q0010,F4,0,L044_S02_T017,0.31502034
L044,L044_S02,L044_S02_Q05,3,Q0004,F2,0,L044_S02_T022,0.22908713
L044,L044_S03,L044_S03_Q01,6,Q0013,F5,1,L044_S03_T002,0.2263069
L044,L044_S03,L044_S03_Q02,6,Q0019,F7,0,L044_S03_T007,0.20972808
L044,L044_S03,L044_S03_Q03,6,Q0007,F3,1,L044_S03_T012,0.27484949
L044,L044_S03,L044_S03_Q04,6,Q0008,F3,1,L044_S03_T017,0.48221625
L044,L044_S03,L044_S03_Q05,6,Q0021,F7,0,L044_S03_T022,0.2549259
L044,L044_S04,L044_S04_Q01,8,Q0023,F8,0,L044_S04_T002,0.20954314
L044,L044_S04,L044_S04_Q02,8,Q0001,F1,1,L044_S04_T007,0.30435317
L044,L044_S04,L044_S04_Q03,8,Q0018,F6,0,L044_S04_T012,0.22741398
L044,L044_S04,L044_S04_Q04,8,Q0018,F6,0,L044_S04_T017,0.2716003
L044,L044_S04,L044_S04_Q05,8,Q0004,F2,0,L044_S04_T022,0.25289996
L044,L044_S05,L044_S05_Q01,11,Q0002,F1,1,L044_S05_T002,0.4805231
L044,L044_S05,L044_S05_Q02,11,Q0013,F5,0,L044_S05_T007,0.41433338
L044,L044_S05,L044_S05_Q03,11,Q0005,F2,0,L044_S05_T012,0.28225952
L044,L044_S05,L044_S05_Q04,11,Q0022,F8,1,L044_S05_T017,0.24323097
L044,L044_S05,L044_S05_Q05,11,Q0007,F3,1,L044_S05_T022,0.58349811
L044,L044_S06,L044_S06_Q01,13,Q0004,F2,0,L044_S06_T002,0.3134868
L044,L044_S06,L044_S06_Q02,13,Q0019,F7,0,L044_S06_T007,0.26708427
L044,L044_S06,L044_S06_Q03,13,Q0015,F5,0,L044_S06_T012,0.43422401
L044,L044_S06,L044_S06_Q04,13,Q0018,F6,0,L044_S06_T017,0.29000645
L044,L044_S06,L044_S06_Q05,13,Q0016,F6,0,L044_S06_T022,0.33061293
L044,L044_S07,L044_S07_Q01,16,Q0016,F6,1,L044_S07_T002,0.35221447
L044,L044_S07,L044_S07_Q02,16,Q0010,F4,0,L044_S07_T007,0.28983632
L044,L044_S07,L044_S07_Q03,16,Q0012,F4,0,L044_S07_T012,0.33045253
L044,L044_S07,L044_S07_Q04,16,Q0021,F7,0,L044_S07_T017,0.29502782
L044,L044_S07,L044_S07_Q05,16,Q0024,F8,0,L044_S07_T022,0.42552076
L044,L044_S08,L044_S08_Q01,18,Q0012,F4,0,L044_S08_T002,0.35754314
L044,L044_S08,L044_S08_Q02,18,Q0019,F7,1,L044_S08_T007,0.32515913
L044,L044_S08,L044_S08_Q03,18,Q0007,F3,1,L044_S08_T012,0.63068793
L044,L044_S08,L044_S08_Q04,18,Q0021,F7,0,L044_S08_T017,0.51813916
L044,L044_S08,L044_S08_Q05,18,Q0001,F1,0,L044_S08_T022,0.56468595
L045,L045_S01,L045_S01_Q01,1,Q0024,F8,1,L045_S01_T002,0.32010799
L045,L045_S01,L045_S01_Q02,1,Q0004,F2,0,L045_S01_T007,0.10559618
L045,L045_S01,L045_S01_Q03,1,Q0007,F3,0,L045_S01_T012,0.25199463
L045,L045_S01,L045_S01_Q04,1,Q0014,F5,0,L045_S01_T017,0.13756185
L045,L045_S01,L045_S01_Q05,1,Q0013,F5,0,L045_S01_T022,0.187916
L045,L045_S02,L045_S02_Q01,3,Q0001,F1,0,L045_S02_T002,0.26342372
L045,L045_S02,L045_S02_Q02,3,Q0012,F4,0,L045_S02_T007,0.13760811
L045,L045_S02,L045_S02_Q03,3,Q0006,F2,0,L045_S02_T012,0.15378569
L045,L045_S02,L045_S02_Q04,3,Q0023,F8,1,L045_S02_T017,0.50534231
L045,L045_S02,L045_S02_Q05,3,Q0010,F4,0,L045_S02_T022,0.18795955
L045,L045_S03,L045_S03_Q01,6,Q0016,F6,0,L045_S03_T002,0.18987521
L045,L045_S03,L045_S03_Q02,6,Q0016,F6,0,L045_S03_T007,0.237175
L045,L045_S03,L045_S03_Q03,6,Q0019,F7,1,L045_S03_T012,0.22500711
L045,L045_S03,L045_S03_Q04,6,Q0007,F3,0,L045_S03_T017,0.27714765
L045,L045_S03,L045_S03_Q05,6,Q0001,F1,0,L045_S03_T022,0.29476429
L045,L045_S04,L045_S04_Q01,8,Q0019,F7,1,L045_S04_T002,0.43972411
L045,L045_S04,L045_S04_Q02,8,Q0018,F6,0,L045_S04_T007,0.27451757
L045,L045_S04,L045_S04_Q03,8,Q0010,F4,0,L045_S04_T012,0.22062813
L045,L045_S04,L045_S04_Q04,8,Q0013,F5,0,L045_S04_T017,0.21495533
L045,L045_S04,L045_S04_Q05,8,Q0005,F2,0,L045_S04_T022,0.19046511
L045,L045_S05,L045_S05_Q01,11,Q0002,F1,1,L045_S05_T002,0.3148976
L045,L045_S05,L045_S05_Q02,11,Q0009,F3,0,L045_S05_T007,0.29934856
L045,L045_S05,L045_S05_Q03,11,Q0002,F1,0,L045_S05_T012,0.51489888
L045,L045_S05,L045_S05_Q04,11,Q0007,F3,0,L045_S05_T017,0.34025666
L045,L045_S05,L045_S05_Q05,11,Q0016,F6,0,L045_S05_T022,0.30481276
L045,L045_S06,L045_S06_Q01,13,Q0017,F6,1,L045_S06_T002,0.3365795
L045,L045_S06,L045_S06_Q02,13,Q0021,F7,0,L045_S06_T007,0.56549665
L045,L045_S06,L045_S06_Q03,13,Q0014,F5,1,L045_S06_T012,0.24445551
L045,L045_S06,L045_S06_Q04,13,Q0019,F7,0,L045_S06_T017,0.59086548
L045,L045_S06,L045_S06_Q05,13,Q0005,F2,0,L045_S06_T022,0.22283962
L045,L045_S07,L045_S07_Q01,16,Q0004,F2,0,L045_S07_T002,0.25800446
L045,L045_S07,L045_S07_Q02,16,Q0024,F8,0,L045_S07_T007,0.54916663
L045,L045_S07,L045_S07_Q03,16,Q0011,F4,0,L045_S07_T012,0.23996607
L045,L045_S07,L045_S07_Q04,16,Q0024,F8,0,L045_S07_T017,0.5754889
L045,L045_S07,L045_S07_Q05,16,Q0006,F2,0,L045_S07_T022,0.30132647
L045,L045_S08,L045_S08_Q01,18,Q0015,F5,1,L045_S08_T002,0.43589314
L045,L045_S08,L045_S08_Q02,18,Q0012,F4,0,L045_S08_T007,0.27707856
L045,L045_S08,L045_S08_Q03,18,Q0011,F4,0,L045_S08_T012,0.31928691
L045,L045_S08,L045_S08_Q04,18,Q0011,F4,1,L045_S08_T017,0.35903089
L045,L045_S08,L045_S08_Q05,18,Q0006,F2,0,L045_S08_T022,0.3333806
L046,L046_S01,L046_S01_Q01,1,Q0010,F4,0,L046_S01_T002,0.18086492
L046,L046_S01,L046_S01_Q02,1,Q0003,F1,1,L046_S01_T007,0.19650681
L046,L046_S01,L046_S01_Q03,1,Q0006,F2,1,L046_S01_T012,0.30132019
L046,L046_S01,L046_S01_Q04,1,Q0002,F1,0,L046_S01_T017,0.43461895
L046,L046_S01,L046_S01_Q05,1,Q0008,F3,0,L046_S01_T022,0.30966521
L046,L046_S02,L046_S02_Q01,3,Q0007,F3,0,L046_S02_T002,0.34098904
L046,L046_S02,L046_S02_Q02,3,Q0020,F7,0,L046_S02_T007,0.14523066
L046,L046_S02,L046_S02_Q03,3,Q0015,F5,0,L046_S02_T012,0.25703958
L046,L046_S02,L046_S02_Q04,3,Q0019,F7,1,L046_S02_T017,0.19589219
L046,L046_S02,L046_S02_Q05,3,Q0023,F8,1,L046_S02_T022,0.3028023
L046,L046_S03,L046_S03_Q01,6,Q0015,F5,0,L046_S03_T002,0.28880322
L046,L046_S03,L046_S03_Q02,6,Q0021,F7,1,L046_S03_T007,0.41649008
L046,L046_S03,L046_S03_Q03,6,Q0020,F7,1,L046_S03_T012,0.58941102
L046,L046_S03,L046_S03_Q04,6,Q0017,F6,1,L046_S03_T017,0.31149378
L046,L046_S03,L046_S03_Q05,6,Q0017,F6,0,L046_S03_T022,0.51552998
L046,L046_S04,L046_S04_Q01,8,Q0012,F4,0,L046_S04_T002,0.20818701
L046,L046_S04,L046_S04_Q02,8,Q0012,F4,0,L046_S04_T007,0.25511716
L046,L046_S04,L046_S04_Q03,8,Q0011,F4,0,L046_S04_T012,0.2992658
L046,L046_S04,L046_S04_Q04,8,Q0006,F2,0,L046_S04_T017,0.46133233
L046,L046_S04,L046_S04_Q05,8,Q0023,F8,0,L046_S04_T022,0.47528232
L046,L046_S05,L046_S05_Q01,11,Q0010,F4,1,L046_S05_T002,0.32690769
L046,L046_S05,L046_S05_Q02,11,Q0009,F3,1,L046_S05_T007,0.34013207
L046,L046_S05,L046_S05_Q03,11,Q0011,F4,0,L046_S05_T012,0.52637603
L046,L046_S05,L046_S05_Q04,11,Q0023,F8,1,L046_S05_T017,0.48574303
L046,L046_S05,L046_S05_Q05,11,Q0014,F5,0,L046_S05_T022,0.30878059
L046,L046_S06,L046_S06_Q01,13,Q0001,F1,0,L046_S06_T002,0.39634989
L046,L046_S06,L046_S06_Q02,13,Q0016,F6,1,L046_S06_T007,0.49388592
L046,L046_S06,L046_S06_Q03,13,Q0013,F5,1,L046_S06_T012,0.34017961
L046,L046_S06,L046_S06_Q04,13,Q0002,F1,0,L046_S06_T017,0.43212777
L046,L046_S06,L046_S06_Q05,13,Q0008,F3,1,L046_S06_T022,0.52102532
L046,L046_S07,L046_S07_Q01,16,Q0015,F5,1,L046_S07_T002,0.51388043
L046,L046_S07,L046_S07_Q02,16,Q0004,F2,0,L046_S07_T007,0.44145233
L046,L046_S07,L046_S07_Q03,16,Q0005,F2,1,L046_S07_T012,0.47455702
L046,L046_S07,L046_S07_Q04,16,Q0021,F7,0,L046_S07_T017,0.61899096
L046,L046_S07,L046_S07_Q05,16,Q0017,F6,1,L046_S07_T022,0.61762828
L046,L046_S08,L046_S08_Q01,18,Q0023,F8,1,L046_S08_T002,0.57909473
L046,L046_S08,L046_S08_Q02,18,Q0001,F1,0,L046_S08_T007,0.43457651
L046,L046_S08,L046_S08_Q03,18,Q0003,F1,1,L046_S08_T012,0.46808873
L046,L046_S08,L046_S08_Q04,18,Q0012,F4,1,L046_S08_T017,0.50314505
L046,L046_S08,L046_S08_Q05,18,Q0021,F7,0,L046_S08_T022,0.62401981
L047,L047_S01,L047_S01_Q01,1,Q0004,F2,0,L047_S01_T002,0.33851937
L047,L047_S01,L047_S01_Q02,1,Q0002,F1,0,L047_S01_T007,0.27778722
L047,L047_S01,L047_S01_Q03,1,Q0024,F8,0,L047_S01_T012,0.16499894
L047,L047_S01,L047_S01_Q04,1,Q0010,F4,0,L047_S01_T017,0.33040438
L047,L047_S01,L047_S01_Q05,1,Q0014,F5,0,L047_S01_T022,0.22456968
L047,L047_S02,L047_S02_Q01,3,Q0014,F5,0,L047_S02_T002,0.24579945
L047,L047_S02,L047_S02_Q02,3,Q0018,F6,0,L047_S02_T007,0.29156514
L047,L047_S02,L047_S02_Q03,3,Q0001,F1,0,L047_S02_T012,0.29466895
L047,L047_S02,L047_S02_Q04,3,Q0021,F7,0,L047_S02_T017,0.16089282
L047,L047_S02,L047_S02_Q05,3,Q0018,F6,1,L047_S02_T022,0.32083653
L047,L047_S03,L047_S03_Q01,6,Q0009,F3,1,L047_S03_T002,0.2142941
L047,L047_S03,L047_S03_Q02,6,Q0023,F8,0,L047_S03_T007,0.17914892
L047,L047_S03,L047_S03_Q03,6,Q0008,F3,1,L047_S03_T012,0.37661459
L047,L047_S03,L047_S03_Q04,6,Q0005,F2,0,L047_S03_T017,0.32853038
L047,L047_S03,L047_S03_Q05,6,Q0019,F7,0,L047_S03_T022,0.18333717
L047,L047_S04,L047_S04_Q01,8,Q0024,F8,0,L047_S04_T002,0.20408971
L047,L047_S04,L047_S04_Q02,8,Q0019,F7,0,L047_S04_T007,0.20793576
L047,L047_S04,L047_S04_Q03,8,Q0024,F8,0,L047_S04_T012,0.23697544
L047,L047_S04,L047_S04_Q04,8,Q0023,F8,0,L047_S04_T017,0.26850238
L047,L047_S04,L047_S04_Q05,8,Q0012,F4,0,L047_S04_T022,0.30799911
L047,L047_S05,L047_S05_Q01,11,Q0021,F7,0,L047_S05_T002,0.22561687
L047,L047_S05,L047_S05_Q02,11,Q0015,F5,0,L047_S05_T007,0.23316026
L047,L047_S05,L047_S05_Q03,11,Q0023,F8,0,L047_S05_T012,0.28005093
L047,L047_S05,L047_S05_Q04,11,Q0003,F1,0,L047_S05_T017,0.27260117
L047,L047_S05,L047_S05_Q05,11,Q0021,F7,1,L047_S05_T022,0.25761313
L047,L047_S06,L047_S06_Q01,13,Q0023,F8,0,L047_S06_T002,0.2967477
L047,L047_S06,L047_S06_Q02,13,Q0014,F5,1,L047_S06_T007,0.25368815
L047,L047_S06,L047_S06_Q03,13,Q0008,F3,1,L047_S06_T012,0.4347268
L047,L047_S06,L047_S06_Q04,13,Q0001,F1,0,L047_S06_T017,0.28990661
L047,L047_S06,L047_S06_Q05,13,Q0010,F4,0,L047_S06_T022,0.30225589
L047,L047_S07,L047_S07_Q01,16,Q0019,F7,0,L047_S07_T002,0.3690599
L047,L047_S07,L047_S07_Q02,16,Q0009,F3,0,L047_S07_T007,0.51702859
L047,L047_S07,L047_S07_Q03,16,Q0010,F4,0,L047_S07_T012,0.31038679
L047,L047_S07,L047_S07_Q04,16,Q0001,F1,1,L047_S07_T017,0.29928791
L047,L047_S07,L047_S07_Q05,16,Q0004,F2,1,L047_S07_T022,0.28729494
L047,L047_S08,L047_S08_Q01,18,Q0016,F6,0,L047_S08_T002,0.33392862
L047,L047_S08,L047_S08_Q02,18,Q0014,F5,0,L047_S08_T007,0.36626346
L047,L047_S08,L047_S08_Q03,18,Q0013,F5,0,L047_S08_T012,0.39244843
L047,L047_S08,L047_S08_Q04,18,Q0016,F6,0,L047_S08_T017,0.36144962
L047,L047_S08,L047_S08_Q05,18,Q0005,F2,0,L047_S08_T022,0.41622914
L048,L048_S01,L048_S01_Q01,1,Q0019,F7,0,L048_S01_T002,0.16348829
L048,L048_S01,L048_S01_Q02,1,Q0003,F1,0,L048_S01_T007,0.22487814
L048,L048_S01,L048_S01_Q03,1,Q0011,F4,0,L048_S01_T012,0.21606311
L048,L048_S01,L048_S01_Q04,1,Q0008,F3,0,L048_S01_T017,0.23239194
L048,L048_S01,L048_S01_Q05,1,Q0022,F8,1,L048_S01_T022,0.16845244
L048,L048_S02,L048_S02_Q01,3,Q0006,F2,0,L048_S02_T002,0.17369592
L048,L048_S02,L048_S02_Q02,3,Q0012,F4,0,L048_S02_T007,0.23853277
L048,L048_S02,L048_S02_Q03,3,Q0005,F2,0,L048_S02_T012,0.20751906
L048,L048_S02,L048_S02_Q04,3,Q0020,F7,0,L048_S02_T017,0.19006457
L048,L048_S02,L048_S02_Q05,3,Q0019,F7,1,L048_S02_T022,0.22321769
L048,L048_S03,L048_S03_Q01,6,Q0015,F5,0,L048_S03_T002,0.20844222
L048,L048_S03,L048_S03_Q02,6,Q0014,F5,0,L048_S03_T007,0.24084309
L048,L048_S03,L048_S03_Q03,6,Q0003,F1,1,L048_S03_T012,0.23245707
L048,L048_S03,L048_S03_Q04,6,Q0018,F6,1,L048_S03_T017,0.25678215
L048,L048_S03,L048_S03_Q05,6,Q0023,F8,0,L048_S03_T022,0.30677183
L048,L048_S04,L048_S04_Q01,8,Q0006,F2,0,L048_S04_T002,0.21737534
L048,L048_S04,L048_S04_Q02,8,Q0018,F6,0,L048_S04_T007,0.39304285
L048,L048_S04,L048_S04_Q03,8,Q0005,F2,0,L048_S04_T012,0.24941055
L048,L048_S04,L048_S04_Q04,8,Q0022,F8,0,L048_S04_T017,0.32215624
L048,L048_S04,L048_S04_Q05,8,Q0009,F3,0,L048_S04_T022,0.2297212
L048,L048_S05,L048_S05_Q01,11,Q0022,F8,0,L048_S05_T002,0.3297557
L048,L048_S05,L048_S05_Q02,11,Q0021,F7,1,L048_S05_T007,0.32629416
L048,L048_S05,L048_S05_Q03,11,Q0013,F5,1,L048_S05_T012,0.24632757
L048,L048_S05,L048_S05_Q04,11,Q0022,F8,0,L048_S05_T017,0.35719084
L048,L048_S05,L048_S05_Q05,11,Q0020,F7,0,L048_S05_T022,0.46417832
L048,L048_S06,L048_S06_Q01,13,Q0012,F4,0,L048_S06_T002,0.22132739
L048,L048_S06,L048_S06_Q02,13,Q0011,F4,1,L048_S06_T007,0.25320083
L048,L048_S06,L048_S06_Q03,13,Q0018,F6,1,L048_S06_T012,0.37856013
L048,L048_S06,L048_S06_Q04,13,Q0009,F3,0,L048_S06_T017,0.23666476
L048,L048_S06,L048_S06_Q05,13,Q0009,F3,0,L048_S06_T022,0.2679104
L048,L048_S07,L048_S07_Q01,16,Q0009,F3,1,L048_S07_T002,0.28072583
L048,L048_S07,L048_S07_Q02,16,Q0004,F2,1,L048_S07_T007,0.23915937
L048,L048_S07,L048_S07_Q03,16,Q0001,F1,0,L048_S07_T012,0.31967619
L048,L048_S07,L048_S07_Q04,16,Q0003,F1,1,L048_S07_T017,0.34752392
L048,L048_S07,L048_S07_Q05,16,Q0017,F6,0,L048_S07_T022,0.47662724
L048,L048_S08,L048_S08_Q01,18,Q0023,F8,0,L048_S08_T002,0.33394465
L048,L048_S08,L048_S08_Q02,18,Q0015,F5,0,L048_S08_T007,0.34881324
L048,L048_S08,L048_S08_Q03,18,Q0006,F2,1,L048_S08_T012,0.37957014
L048,L048_S08,L048_S08_Q04,18,Q0024,F8,1,L048_S08_T017,0.36120833
L048,L048_S08,L048_S08_Q05,18,Q0005,F2,0,L048_S08_T022,0.50655056
L049,L049_S01,L049_S01_Q01,1,Q0009,F3,0,L049_S01_T002,0.2398734
L049,L049_S01,L049_S01_Q02,1,Q0022,F8,0,L049_S01_T007,0.26822637
L049,L049_S01,L049_S01_Q03,1,Q0006,F2,1,L049_S01_T012,0.25116014
L049,L049_S01,L049_S01_Q04,1,Q0011,F4,1,L049_S01_T017,0.2092176
L049,L049_S01,L049_S01_Q05,1,Q0016,F6,1,L049_S01_T022,0.16334752
L049,L049_S02,L049_S02_Q01,3,Q0021,F7,0,L049_S02_T002,0.24842443
L049,L049_S02,L049_S02_Q02,3,Q0014,F5,0,L049_S02_T007,0.31043719
L049,L049_S02,L049_S02_Q03,3,Q0010,F4,0,L049_S02_T012,0.43470026
L049,L049_S02,L049_S02_Q04,3,Q0019,F7,0,L049_S02_T017,0.29328213
L049,L049_S02,L049_S02_Q05,3,Q0016,F6,0,L049_S02_T022,0.40327836
L049,L049_S03,L049_S03_Q01,6,Q0001,F1,0,L049_S03_T002,0.26712819
L049,L049_S03,L049_S03_Q02,6,Q0024,F8,0,L049_S03_T007,0.29382575
L049,L049_S03,L049_S03_Q03,6,Q0006,F2,0,L049_S03_T012,0.44712466
L049,L049_S03,L049_S03_Q04,6,Q0008,F3,1,L049_S03_T017,0.26871016
L049,L049_S03,L049_S03_Q05,6,Q0020,F7,0,L049_S03_T022,0.32365836
L049,L049_S04,L049_S04_Q01,8,Q0013,F5,0,L049_S04_T002,0.33121688
L049,L049_S04,L049_S04_Q02,8,Q0002,F1,0,L049_S04_T007,0.30353359
L049,L049_S04,L049_S04_Q03,8,Q0023,F8,0,L049_S04_T012,0.32804529
L049,L049_S04,L049_S04_Q04,8,Q0002,F1,0,L049_S04_T017,0.3451021
L049,L049_S04,L049_S04_Q05,8,Q0017,F6,1,L049_S04_T022,0.41345732
L049,L049_S05,L049_S05_Q01,11,Q0024,F8,1,L049_S05_T002,0.35519647
L049,L049_S05,L049_S05_Q02,11,Q0012,F4,1,L049_S05_T007,0.42576343
L049,L049_S05,L049_S05_Q03,11,Q0021,F7,0,L049_S05_T012,0.34292844
L049,L049_S05,L049_S05_Q04,11,Q0004,F2,0,L049_S05_T017,0.4522972
L049,L049_S05,L049_S05_Q05,11,Q0011,F4,1,L049_S05_T022,0.59712961
L049,L049_S06,L049_S06_Q01,13,Q0013,F5,0,L049_S06_T002,0.34962392
L049,L049_S06,L049_S06_Q02,13,Q0018,F6,0,L049_S06_T007,0.55438938
L049,L049_S06,L049_S06_Q03,13,Q0007,F3,1,L049_S06_T012,0.44789869
L049,L049_S06,L049_S06_Q04,13,Q0016,F6,1,L049_S06_T017,0.5809856
L049,L049_S06,L049_S06_Q05,13,Q0006,F2,0,L049_S06_T022,0.47354196
L049,L049_S07,L049_S07_Q01,16,Q0002,F1,1,L049_S07_T002,0.34918846
L049,L049_S07,L049_S07_Q02,16,Q0022,F8,1,L049_S07_T007,0.51588388
L049,L049_S07,L049_S07_Q03,16,Q0001,F1,1,L049_S07_T012,0.54340648
L049,L049_S07,L049_S07_Q04,16,Q0008,F3,1,L049_S07_T017,0.59110114
L049,L049_S07,L049_S07_Q05,16,Q0021,F7,1,L049_S07_T022,0.35999823
L049,L049_S08,L049_S08_Q01,18,Q0014,F5,0,L049_S08_T002,0.36592922
L049,L049_S08,L049_S08_Q02,18,Q0013,F5,1,L049_S08_T007,0.40377365
L049,L049_S08,L049_S08_Q03,18,Q0004,F2,0,L049_S08_T012,0.47569813
L049,L049_S08,L049_S08_Q04,18,Q0013,F5,1,L049_S08_T017,0.58170212
L049,L049_S08,L049_S08_Q05,18,Q0020,F7,0,L049_S08_T022,0.53798797
L050,L050_S01,L050_S01_Q01,1,Q0008,F3,1,L050_S01_T002,0.34359024
L050,L050_S01,L050_S01_Q02,1,Q0010,F4,1,L050_S01_T007,0.13348366
L050,L050_S01,L050_S01_Q03,1,Q0003,F1,0,L050_S01_T012,0.32053872
L050,L050_S01,L050_S01_Q04,1,Q0020,F7,0,L050_S01_T017,0.28141876
L050,L050_S01,L050_S01_Q05,1,Q0016,F6,1,L050_S01_T022,0.1748396
L050,L050_S02,L050_S02_Q01,3,Q0019,F7,1,L050_S02_T002,0.30069908
L050,L050_S02,L050_S02_Q02,3,Q0018,F6,0,L050_S02_T007,0.31792259
L050,L050_S02,L050_S02_Q03,3,Q0010,F4,0,L050_S02_T012,0.28486412
L050,L050_S02,L050_S02_Q04,3,Q0015,F5,0,L050_S02_T017,0.29083885
L050,L050_S02,L050_S02_Q05,3,Q0017,F6,1,L050_S02_T022,0.3427854
L050,L050_S03,L050_S03_Q01,6,Q0004,F2,0,L050_S03_T002,0.22148056
L050,L050_S03,L050_S03_Q02,6,Q0022,F8,0,L050_S03_T007,0.20753633
L050,L050_S03,L050_S03_Q03,6,Q0006,F2,1,L050_S03_T012,0.24985884
L050,L050_S03,L050_S03_Q04,6,Q0002,F1,0,L050_S03_T017,0.32623137
L050,L050_S03,L050_S03_Q05,6,Q0013,F5,0,L050_S03_T022,0.30607346
L050,L050_S04,L050_S04_Q01,8,Q0024,F8,0,L050_S04_T002,0.23110966
L050,L050_S04,L050_S04_Q02,8,Q0024,F8,0,L050_S04_T007,0.25913694
L050,L050_S04,L050_S04_Q03,8,Q0008,F3,1,L050_S04_T012,0.4278022
L050,L050_S04,L050_S04_Q04,8,Q0010,F4,0,L050_S04_T017,0.293756
L050,L050_S04,L050_S04_Q05,8,Q0023,F8,1,L050_S04_T022,0.28614258
L050,L050_S05,L050_S05_Q01,11,Q0004,F2,0,L050_S05_T002,0.36522338
L050,L050_S05,L050_S05_Q02,11,Q0005,F2,0,L050_S05_T007,0.388362
L050,L050_S05,L050_S05_Q03,11,Q0003,F1,0,L050_S05_T012,0.33141351
L050,L050_S05,L050_S05_Q04,11,Q0012,F4,1,L050_S05_T017,0.30879006
L050,L050_S05,L050_S05_Q05,11,Q0013,F5,0,L050_S05_T022,0.31306333
L050,L050_S06,L050_S06_Q01,13,Q0015,F5,0,L050_S06_T002,0.33050492
L050,L050_S06,L050_S06_Q02,13,Q0024,F8,0,L050_S06_T007,0.3932551
L050,L050_S06,L050_S06_Q03,13,Q0017,F6,1,L050_S06_T012,0.41287478
L050,L050_S06,L050_S06_Q04,13,Q0003,F1,0,L050_S06_T017,0.34778884
L050,L050_S06,L050_S06_Q05,13,Q0024,F8,0,L050_S06_T022,0.41537192
L050,L050_S07,L050_S07_Q01,16,Q0015,F5,0,L050_S07_T002,0.34301249
L050,L050_S07,L050_S07_Q02,16,Q0009,F3,1,L050_S07_T007,0.48584659
L050,L050_S07,L050_S07_Q03,16,Q0021,F7,0,L050_S07_T012,0.36934637
L050,L050_S07,L050_S07_Q04,16,Q0012,F4,1,L050_S07_T017,0.41075186
L050,L050_S07,L050_S07_Q05,16,Q0019,F7,1,L050_S07_T022,0.3923347
L050,L050_S08,L050_S08_Q01,18,Q0008,F3,0,L050_S08_T002,0.56653053
L050,L050_S08,L050_S08_Q02,18,Q0017,F6,0,L050_S08_T007,0.49116457
L050,L050_S08,L050_S08_Q03,18,Q0011,F4,0,L050_S08_T012,0.50650248
L050,L050_S08,L050_S08_Q04,18,Q0001,F1,1,L050_S08_T017,0.35103775
L050,L050_S08,L050_S08_Q05,18,Q0013,F5,0,L050_S08_T022,0.35871386
L051,L051_S01,L051_S01_Q01,1,Q0016,F6,0,L051_S01_T002,0.26102088
L051,L051_S01,L051_S01_Q02,1,Q0017,F6,0,L051_S01_T007,0.29318475
L051,L051_S01,L051_S01_Q03,1,Q0001,F1,0,L051_S01_T012,0.21881057
L051,L051_S01,L051_S01_Q04,1,Q0008,F3,1,L051_S01_T017,0.28252459
L051,L051_S01,L051_S01_Q05,1,Q0015,F5,0,L051_S01_T022,0.22406908
L051,L051_S02,L051_S02_Q01,3,Q0012,F4,0,L051_S02_T002,0.26055454
L051,L051_S02,L051_S02_Q02,3,Q0023,F8,0,L051_S02_T007,0.26551338
L051,L051_S02,L051_S02_Q03,3,Q0020,F7,0,L051_S02_T012,0.09664883
L051,L051_S02,L051_S02_Q04,3,Q0008,F3,0,L051_S02_T017,0.42740629
L051,L051_S02,L051_S02_Q05,3,Q0019,F7,0,L051_S02_T022,0.13596695
L051,L051_S03,L051_S03_Q01,6,Q0011,F4,0,L051_S03_T002,0.28154198
L051,L051_S03,L051_S03_Q02,6,Q0020,F7,1,L051_S03_T007,0.16693488
L051,L051_S03,L051_S03_Q03,6,Q0024,F8,0,L051_S03_T012,0.28610357
L051,L051_S03,L051_S03_Q04,6,Q0021,F7,0,L051_S03_T017,0.34822959
L051,L051_S03,L051_S03_Q05,6,Q0002,F1,0,L051_S03_T022,0.236902
L051,L051_S04,L051_S04_Q01,8,Q0014,F5,0,L051_S04_T002,0.23541426
L051,L051_S04,L051_S04_Q02,8,Q0005,F2,0,L051_S04_T007,0.28092624
L051,L051_S04,L051_S04_Q03,8,Q0015,F5,1,L051_S04_T012,0.26869265
L051,L051_S04,L051_S04_Q04,8,Q0001,F1,0,L051_S04_T017,0.26318334
L051,L051_S04,L051_S04_Q05,8,Q0006,F2,0,L051_S04_T022,0.31222374
L051,L051_S05,L051_S05_Q01,11,Q0001,F1,0,L051_S05_T002,0.28396019
L051,L051_S05,L051_S05_Q02,11,Q0012,F4,1,L051_S05_T007,0.29312713
L051,L051_S05,L051_S05_Q03,11,Q0015,F5,1,L051_S05_T012,0.41147825
L051,L051_S05,L051_S05_Q04,11,Q0023,F8,0,L051_S05_T017,0.29721561
L051,L051_S05,L051_S05_Q05,11,Q0001,F1,1,L051_S05_T022,0.31512564
L051,L051_S06,L051_S06_Q01,13,Q0019,F7,0,L051_S06_T002,0.34384129
L051,L051_S06,L051_S06_Q02,13,Q0018,F6,0,L051_S06_T007,0.27715853
L051,L051_S06,L051_S06_Q03,13,Q0022,F8,1,L051_S06_T012,0.31939129
L051,L051_S06,L051_S06_Q04,13,Q0016,F6,0,L051_S06_T017,0.30862001
L051,L051_S06,L051_S06_Q05,13,Q0006,F2,0,L051_S06_T022,0.32062668
L051,L051_S07,L051_S07_Q01,16,Q0005,F2,1,L051_S07_T002,0.33680185
L051,L051_S07,L051_S07_Q02,16,Q0009,F3,0,L051_S07_T007,0.38199711
L051,L051_S07,L051_S07_Q03,16,Q0006,F2,1,L051_S07_T012,0.48112948
L051,L051_S07,L051_S07_Q04,16,Q0009,F3,1,L051_S07_T017,0.40889552
L051,L051_S07,L051_S07_Q05,16,Q0018,F6,1,L051_S07_T022,0.32575701
L051,L051_S08,L051_S08_Q01,18,Q0003,F1,0,L051_S08_T002,0.42379702
L051,L051_S08,L051_S08_Q02,18,Q0021,F7,1,L051_S08_T007,0.34896497
L051,L051_S08,L051_S08_Q03,18,Q0015,F5,0,L051_S08_T012,0.49262413
L051,L051_S08,L051_S08_Q04,18,Q0011,F4,0,L051_S08_T017,0.40808292
L051,L051_S08,L051_S08_Q05,18,Q0011,F4,1,L051_S08_T022,0.43384596
L052,L052_S01,L052_S01_Q01,1,Q0003,F1,0,L052_S01_T002,0.20807225
L052,L052_S01,L052_S01_Q02,1,Q0011,F4,0,L052_S01_T007,0.27489902
L052,L052_S01,L052_S01_Q03,1,Q0023,F8,0,L052_S01_T012,0.15013701
L052,L052_S01,L052_S01_Q04,1,Q0018,F6,0,L052_S01_T017,0.16801965
L052,L052_S01,L052_S01_Q05,1,Q0016,F6,0,L052_S01_T022,0.20952995
L052,L052_S02,L052_S02_Q01,3,Q0001,F1,0,L052_S02_T002,0.24177802
L052,L052_S02,L052_S02_Q02,3,Q0008,F3,0,L052_S02_T007,0.16574773
L052,L052_S02,L052_S02_Q03,3,Q0014,F5,0,L052_S02_T012,0.26265454
L052,L052_S02,L052_S02_Q04,3,Q0024,F8,0,L052_S02_T017,0.18802423
L052,L052_S02,L052_S02_Q05,3,Q0008,F3,0,L052_S02_T022,0.20737138
L052,L052_S03,L052_S03_Q01,6,Q0014,F5,1,L052_S03_T002,0.28897168
L052,L052_S03,L052_S03_Q02,6,Q0017,F6,1,L052_S03_T007,0.23462826
L052,L052_S03,L052_S03_Q03,6,Q0011,F4,1,L052_S03_T012,0.29315839
L052,L052_S03,L052_S03_Q04,6,Q0009,F3,0,L052_S03_T017,0.23828358
L052,L052_S03,L052_S03_Q05,6,Q0023,F8,0,L052_S03_T022,0.22054453
L052,L052_S04,L052_S04_Q01,8,Q0020,F7,0,L052_S04_T002,0.30179962
L052,L052_S04,L052_S04_Q02,8,Q0024,F8,0,L052_S04_T007,0.25335012
L052,L052_S04,L052_S04_Q03,8,Q0005,F2,1,L052_S04_T012,0.27953809
L052,L052_S04,L052_S04_Q04,8,Q0006,F2,1,L052_S04_T017,0.45926941
L052,L052_S04,L052_S04_Q05,8,Q0020,F7,0,L052_S04_T022,0.33663518
L052,L052_S05,L052_S05_Q01,11,Q0001,F1,0,L052_S05_T002,0.25428786
L052,L052_S05,L052_S05_Q02,11,Q0003,F1,1,L052_S05_T007,0.29149395
L052,L052_S05,L052_S05_Q03,11,Q0007,F3,0,L052_S05_T012,0.26037367
L052,L052_S05,L052_S05_Q04,11,Q0024,F8,0,L052_S05_T017,0.28044063
L052,L052_S05,L052_S05_Q05,11,Q0020,F7,0,L052_S05_T022,0.35680317
L052,L052_S06,L052_S06_Q01,13,Q0020,F7,1,L052_S06_T002,0.37977434
L052,L052_S06,L052_S06_Q02,13,Q0007,F3,1,L052_S06_T007,0.2903046
L052,L052_S06,L052_S06_Q03,13,Q0022,F8,1,L052_S06_T012,0.30892324
L052,L052_S06,L052_S06_Q04,13,Q0012,F4,1,L052_S06_T017,0.43207266
L052,L052_S06,L052_S06_Q05,13,Q0015,F5,0,L052_S06_T022,0.42918084
L052,L052_S07,L052_S07_Q01,16,Q0018,F6,1,L052_S07_T002,0.37794926
L052,L052_S07,L052_S07_Q02,16,Q0011,F4,1,L052_S07_T007,0.55368764
L052,L052_S07,L052_S07_Q03,16,Q0003,F1,0,L052_S07_T012,0.44127139
L052,L052_S07,L052_S07_Q04,16,Q0004,F2,0,L052_S07_T017,0.54035824
L052,L052_S07,L052_S07_Q05,16,Q0001,F1,0,L052_S07_T022,0.46914824
L052,L052_S08,L052_S08_Q01,18,Q0015,F5,0,L052_S08_T002,0.43129916
L052,L052_S08,L052_S08_Q02,18,Q0007,F3,0,L052_S08_T007,0.44043016
L052,L052_S08,L052_S08_Q03,18,Q0007,F3,0,L052_S08_T012,0.46834898
L052,L052_S08,L052_S08_Q04,18,Q0006,F2,1,L052_S08_T017,0.55008141
L052,L052_S08,L052_S08_Q05,18,Q0017,F6,0,L052_S08_T022,0.52062767
L053,L053_S01,L053_S01_Q01,1,Q0015,F5,0,L053_S01_T002,0.10639143
L053,L053_S01,L053_S01_Q02,1,Q0011,F4,0,L053_S01_T007,0.32271376
L053,L053_S01,L053_S01_Q03,1,Q0013,F5,0,L053_S01_T012,0.13985578
L053,L053_S01,L053_S01_Q04,1,Q0018,F6,0,L053_S01_T017,0.20636066
L053,L053_S01,L053_S01_Q05,1,Q0006,F2,1,L053_S01_T022,0.3324805
L053,L053_S02,L053_S02_Q01,3,Q0002,F1,0,L053_S02_T002,0.29593593
L053,L053_S02,L053_S02_Q02,3,Q0024,F8,0,L053_S02_T007,0.27544009
L053,L053_S02,L053_S02_Q03,3,Q0010,F4,1,L053_S02_T012,0.33707295
L053,L053_S02,L053_S02_Q04,3,Q0017,F6,0,L053_S02_T017,0.22861777
L053,L053_S02,L053_S02_Q05,3,Q0019,F7,0,L053_S02_T022,0.2323579
L053,L053_S03,L053_S03_Q01,6,Q0021,F7,0,L053_S03_T002,0.24882141
L053,L053_S03,L053_S03_Q02,6,Q0004,F2,0,L053_S03_T007,0.42216513
L053,L053_S03,L053_S03_Q03,6,Q0013,F5,1,L053_S03_T012,0.15878826
L053,L053_S03,L053_S03_Q04,6,Q0008,F3,0,L053_S03_T017,0.17220071
L053,L053_S03,L053_S03_Q05,6,Q0008,F3,0,L053_S03_T022,0.20320059
L053,L053_S04,L053_S04_Q01,8,Q0022,F8,0,L053_S04_T002,0.27922373
L053,L053_S04,L053_S04_Q02,8,Q0001,F1,1,L053_S04_T007,0.29742957
L053,L053_S04,L053_S04_Q03,8,Q0007,F3,0,L053_S04_T012,0.2256722
L053,L053_S04,L053_S04_Q04,8,Q0008,F3,1,L053_S04_T017,0.25466965
L053,L053_S04,L053_S04_Q05,8,Q0014,F5,0,L053_S04_T022,0.30629949
L053,L053_S05,L053_S05_Q01,11,Q0017,F6,0,L053_S05_T002,0.22645355
L053,L053_S05,L053_S05_Q02,11,Q0024,F8,0,L053_S05_T007,0.29180998
L053,L053_S05,L053_S05_Q03,11,Q0018,F6,0,L053_S05_T012,0.25542174
L053,L053_S05,L053_S05_Q04,11,Q0019,F7,0,L053_S05_T017,0.25557916
L053,L053_S05,L053_S05_Q05,11,Q0005,F2,0,L053_S05_T022,0.40955517
L053,L053_S06,L053_S06_Q01,13,Q0019,F7,1,L053_S06_T002,0.27449538
L053,L053_S06,L053_S06_Q02,13,Q0007,F3,0,L053_S06_T007,0.36380422
L053,L053_S06,L053_S06_Q03,13,Q0013,F5,0,L053_S06_T012,0.30663521
L053,L053_S06,L053_S06_Q04,13,Q0014,F5,0,L053_S06_T017,0.33260071
L053,L053_S06,L053_S06_Q05,13,Q0010,F4,0,L053_S06_T022,0.3927647
L053,L053_S07,L053_S07_Q01,16,Q0006,F2,1,L053_S07_T002,0.39835413
L053,L053_S07,L053_S07_Q02,16,Q0017,F6,0,L053_S07_T007,0.26144203
L053,L053_S07,L053_S07_Q03,16,Q0020,F7,1,L053_S07_T012,0.39103654
L053,L053_S07,L053_S07_Q04,16,Q0008,F3,1,L053_S07_T017,0.36939301
L053,L053_S07,L053_S07_Q05,16,Q0001,F1,0,L053_S07_T022,0.37725189
L053,L053_S08,L053_S08_Q01,18,Q0018,F6,0,L053_S08_T002,0.27996028
L053,L053_S08,L053_S08_Q02,18,Q0003,F1,0,L053_S08_T007,0.3879091
L053,L053_S08,L053_S08_Q03,18,Q0018,F6,0,L053_S08_T012,0.30692472
L053,L053_S08,L053_S08_Q04,18,Q0012,F4,0,L053_S08_T017,0.38343966
L053,L053_S08,L053_S08_Q05,18,Q0023,F8,0,L053_S08_T022,0.28447747
L054,L054_S01,L054_S01_Q01,1,Q0024,F8,0,L054_S01_T002,0.15891178
L054,L054_S01,L054_S01_Q02,1,Q0021,F7,1,L054_S01_T007,0.29302278
L054,L054_S01,L054_S01_Q03,1,Q0005,F2,0,L054_S01_T012,0.15162546
L054,L054_S01,L054_S01_Q04,1,Q0022,F8,1,L054_S01_T017,0.19168537
L054,L054_S01,L054_S01_Q05,1,Q0009,F3,0,L054_S01_T022,0.12546843
L054,L054_S02,L054_S02_Q01,3,Q0017,F6,0,L054_S02_T002,0.19685772
L054,L054_S02,L054_S02_Q02,3,Q0010,F4,0,L054_S02_T007,0.32646601
L054,L054_S02,L054_S02_Q03,3,Q0007,F3,0,L054_S02_T012,0.15467759
L054,L054_S02,L054_S02_Q04,3,Q0006,F2,0,L054_S02_T017,0.17904846
L054,L054_S02,L054_S02_Q05,3,Q0020,F7,1,L054_S02_T022,0.41761994
L054,L054_S03,L054_S03_Q01,6,Q0005,F2,0,L054_S03_T002,0.20145363
L054,L054_S03,L054_S03_Q02,6,Q0007,F3,1,L054_S03_T007,0.17909601
L054,L054_S03,L054_S03_Q03,6,Q0003,F1,0,L054_S03_T012,0.28168186
L054,L054_S03,L054_S03_Q04,6,Q0015,F5,0,L054_S03_T017,0.17966259
L054,L054_S03,L054_S03_Q05,6,Q0008,F3,1,L054_S03_T022,0.3390315
L054,L054_S04,L054_S04_Q01,8,Q0012,F4,1,L054_S04_T002,0.32642098
L054,L054_S04,L054_S04_Q02,8,Q0015,F5,0,L054_S04_T007,0.20517106
L054,L054_S04,L054_S04_Q03,8,Q0002,F1,0,L054_S04_T012,0.30022384
L054,L054_S04,L054_S04_Q04,8,Q0017,F6,0,L054_S04_T017,0.21114706
L054,L054_S04,L054_S04_Q05,8,Q0004,F2,1,L054_S04_T022,0.22547407
L054,L054_S05,L054_S05_Q01,11,Q0013,F5,0,L054_S05_T002,0.22541826
L054,L054_S05,L054_S05_Q02,11,Q0007,F3,0,L054_S05_T007,0.4329384
L054,L054_S05,L054_S05_Q03,11,Q0017,F6,1,L054_S05_T012,0.2309006
L054,L054_S05,L054_S05_Q04,11,Q0005,F2,0,L054_S05_T017,0.35928163
L054,L054_S05,L054_S05_Q05,11,Q0016,F6,0,L054_S05_T022,0.38074308
L054,L054_S06,L054_S06_Q01,13,Q0020,F7,0,L054_S06_T002,0.4548646
L054,L054_S06,L054_S06_Q02,13,Q0015,F5,0,L054_S06_T007,0.24780225
L054,L054_S06,L054_S06_Q03,13,Q0013,F5,0,L054_S06_T012,0.27711217
L054,L054_S06,L054_S06_Q04,13,Q0012,F4,1,L054_S06_T017,0.42354158
L054,L054_S06,L054_S06_Q05,13,Q0020,F7,1,L054_S06_T022,0.47610618
L054,L054_S07,L054_S07_Q01,16,Q0024,F8,0,L054_S07_T002,0.27676599
L054,L054_S07,L054_S07_Q02,16,Q0017,F6,0,L054_S07_T007,0.37469514
L054,L054_S07,L054_S07_Q03,16,Q0003,F1,0,L054_S07_T012,0.28931739
L054,L054_S07,L054_S07_Q04,16,Q0024,F8,0,L054_S07_T017,0.30494731
L054,L054_S07,L054_S07_Q05,16,Q0005,F2,0,L054_S07_T022,0.35560727
L054,L054_S08,L054_S08_Q01,18,Q0010,F4,1,L054_S08_T002,0.49591168
L054,L054_S08,L054_S08_Q02,18,Q0001,F1,0,L054_S08_T007,0.30733797
L054,L054_S08,L054_S08_Q03,18,Q0009,F3,0,L054_S08_T012,0.40826987
L054,L054_S08,L054_S08_Q04,18,Q0015,F5,0,L054_S08_T017,0.28252555
L054,L054_S08,L054_S08_Q05,18,Q0001,F1,1,L054_S08_T022,0.33432803
L055,L055_S01,L055_S01_Q01,1,Q0024,F8,0,L055_S01_T002,0.13074979
L055,L055_S01,L055_S01_Q02,1,Q0003,F1,0,L055_S01_T007,0.2697555
L055,L055_S01,L055_S01_Q03,1,Q0010,F4,0,L055_S01_T012,0.14214928
L055,L055_S01,L055_S01_Q04,1,Q0019,F7,0,L055_S01_T017,0.13087789
L055,L055_S01,L055_S01_Q05,1,Q0008,F3,0,L055_S01_T022,0.19600578
L055,L055_S02,L055_S02_Q01,3,Q0020,F7,0,L055_S02_T002,0.17538761
L055,L055_S02,L055_S02_Q02,3,Q0024,F8,1,L055_S02_T007,0.17527185
L055,L055_S02,L055_S02_Q03,3,Q0005,F2,1,L055_S02_T012,0.24710213
L055,L055_S02,L055_S02_Q04,3,Q0021,F7,0,L055_S02_T017,0.22439867
L055,L055_S02,L055_S02_Q05,3,Q0010,F4,0,L055_S02_T022,0.18557401
L055,L055_S03,L055_S03_Q01,6,Q0011,F4,0,L055_S03_T002,0.2203735
L055,L055_S03,L055_S03_Q02,6,Q0004,F2,1,L055_S03_T007,0.44346546
L055,L055_S03,L055_S03_Q03,6,Q0013,F5,1,L055_S03_T012,0.2466176
L055,L055_S03,L055_S03_Q04,6,Q0009,F3,0,L055_S03_T017,0.22062458
L055,L055_S03,L055_S03_Q05,6,Q0017,F6,0,L055_S03_T022,0.26825573
L055,L055_S04,L055_S04_Q01,8,Q0017,F6,0,L055_S04_T002,0.29954129
L055,L055_S04,L055_S04_Q02,8,Q0021,F7,0,L055_S04_T007,0.24479219
L055,L055_S04,L055_S04_Q03,8,Q0007,F3,0,L055_S04_T012,0.25649517
L055,L055_S04,L055_S04_Q04,8,Q0003,F1,0,L055_S04_T017,0.27230331
L055,L055_S04,L055_S04_Q05,8,Q0014,F5,0,L055_S04_T022,0.45208332
L055,L055_S05,L055_S05_Q01,11,Q0012,F4,0,L055_S05_T002,0.24136603
L055,L055_S05,L055_S05_Q02,11,Q0019,F7,0,L055_S05_T007,0.27283312
L055,L055_S05,L055_S05_Q03,11,Q0018,F6,1,L055_S05_T012,0.3213337
L055,L055_S05,L055_S05_Q04,11,Q0007,F3,1,L055_S05_T017,0.28320043
L055,L055_S05,L055_S05_Q05,11,Q0017,F6,0,L055_S05_T022,0.52301728
L055,L055_S06,L055_S06_Q01,13,Q0021,F7,1,L055_S06_T002,0.30367805
L055,L055_S06,L055_S06_Q02,13,Q0023,F8,1,L055_S06_T007,0.34426591
L055,L055_S06,L055_S06_Q03,13,Q0008,F3,0,L055_S06_T012,0.47678793
L055,L055_S06,L055_S06_Q04,13,Q0011,F4,0,L055_S06_T017,0.27524002
L055,L055_S06,L055_S06_Q05,13,Q0015,F5,1,L055_S06_T022,0.43859406
L055,L055_S07,L055_S07_Q01,16,Q0001,F1,0,L055_S07_T002,0.26896188
L055,L055_S07,L055_S07_Q02,16,Q0011,F4,0,L055_S07_T007,0.29980594
L055,L055_S07,L055_S07_Q03,16,Q0010,F4,0,L055_S07_T012,0.34142216
L055,L055_S07,L055_S07_Q04,16,Q0024,F8,0,L055_S07_T017,0.5077834
L055,L055_S07,L055_S07_Q05,16,Q0004,F2,0,L055_S07_T022,0.49863694
L055,L055_S08,L055_S08_Q01,18,Q0003,F1,1,L055_S08_T002,0.30017946
L055,L055_S08,L055_S08_Q02,18,Q0005,F2,0,L055_S08_T007,0.50774572
L055,L055_S08,L055_S08_Q03,18,Q0010,F4,0,L055_S08_T012,0.36566463
L055,L055_S08,L055_S08_Q04,18,Q0014,F5,0,L055_S08_T017,0.54789824
L055,L055_S08,L055_S08_Q05,18,Q0003,F1,1,L055_S08_T022,0.50814958
L056,L056_S01,L056_S01_Q01,1,Q0014,F5,0,L056_S01_T002,0.1753919
L056,L056_S01,L056_S01_Q02,1,Q0020,F7,0,L056_S01_T007,0.0983022
L056,L056_S01,L056_S01_Q03,1,Q0019,F7,0,L056_S01_T012,0.14433253
L056,L056_S01,L056_S01_Q04,1,Q0003,F1,0,L056_S01_T017,0.29135723
L056,L056_S01,L056_S01_Q05,1,Q0007,F3,1,L056_S01_T022,0.23083839
L056,L056_S02,L056_S02_Q01,3,Q0011,F4,0,L056_S02_T002,0.20276615
L056,L056_S02,L056_S02_Q02,3,Q0010,F4,0,L056_S02_T007,0.24346375
L056,L056_S02,L056_S02_Q03,3,Q0017,F6,1,L056_S02_T012,0.28714275
L056,L056_S02,L056_S02_Q04,3,Q0020,F7,0,L056_S02_T017,0.18139416
L056,L056_S02,L056_S02_Q05,3,Q0016,F6,0,L056_S02_T022,0.46909427
L056,L056_S03,L056_S03_Q01,6,Q0005,F2,0,L056_S03_T002,0.26829692
L056,L056_S03,L056_S03_Q02,6,Q0015,F5,0,L056_S03_T007,0.198848
L056,L056_S03,L056_S03_Q03,6,Q0003,F1,1,L056_S03_T012,0.29946243
L056,L056_S03,L056_S03_Q04,6,Q0008,F3,0,L056_S03_T017,0.39055289
L056,L056_S03,L056_S03_Q05,6,Q0021,F7,0,L056_S03_T022,0.21150153
L056,L056_S04,L056_S04_Q01,8,Q0023,F8,0,L056_S04_T002,0.20899516
L056,L056_S04,L056_S04_Q02,8,Q0022,F8,1,L056_S04_T007,0.24937478
L056,L056_S04,L056_S04_Q03,8,Q0005,F2,0,L056_S04_T012,0.29488902
L056,L056_S04,L056_S04_Q04,8,Q0020,F7,0,L056_S04_T017,0.24289034
L056,L056_S04,L056_S04_Q05,8,Q0013,F5,0,L056_S04_T022,0.23130547
L056,L056_S05,L056_S05_Q01,11,Q0010,F4,0,L056_S05_T002,0.24441006
L056,L056_S05,L056_S05_Q02,11,Q0015,F5,1,L056_S05_T007,0.25638597
L056,L056_S05,L056_S05_Q03,11,Q0021,F7,0,L056_S05_T012,0.26680406
L056,L056_S05,L056_S05_Q04,11,Q0020,F7,1,L056_S05_T017,0.30423262
L056,L056_S05,L056_S05_Q05,11,Q0002,F1,0,L056_S05_T022,0.43728111
L056,L056_S06,L056_S06_Q01,13,Q0011,F4,0,L056_S06_T002,0.27301955
L056,L056_S06,L056_S06_Q02,13,Q0023,F8,0,L056_S06_T007,0.40317489
L056,L056_S06,L056_S06_Q03,13,Q0022,F8,1,L056_S06_T012,0.43364192
L056,L056_S06,L056_S06_Q04,13,Q0004,F2,1,L056_S06_T017,0.30252669
L056,L056_S06,L056_S06_Q05,13,Q0020,F7,0,L056_S06_T022,0.46485973
L056,L056_S07,L056_S07_Q01,16,Q0011,F4,0,L056_S07_T002,0.29389878
L056,L056_S07,L056_S07_Q02,16,Q0012,F4,1,L056_S07_T007,0.3299442
L056,L056_S07,L056_S07_Q03,16,Q0017,F6,1,L056_S07_T012,0.39308137
L056,L056_S07,L056_S07_Q04,16,Q0014,F5,0,L056_S07_T017,0.40794903
L056,L056_S07,L056_S07_Q05,16,Q0005,F2,0,L056_S07_T022,0.45539982
L056,L056_S08,L056_S08_Q01,18,Q0009,F3,0,L056_S08_T002,0.34007773
L056,L056_S08,L056_S08_Q02,18,Q0017,F6,1,L056_S08_T007,0.52870098
L056,L056_S08,L056_S08_Q03,18,Q0002,F1,0,L056_S08_T012,0.41107004
L056,L056_S08,L056_S08_Q04,18,Q0006,F2,0,L056_S08_T017,0.46618996
L056,L056_S08,L056_S08_Q05,18,Q0008,F3,0,L056_S08_T022,0.37376578
L057,L057_S01,L057_S01_Q01,1,Q0009,F3,0,L057_S01_T002,0.2328014
L057,L057_S01,L057_S01_Q02,1,Q0005,F2,0,L057_S01_T007,0.19653793
L057,L057_S01,L057_S01_Q03,1,Q0001,F1,0,L057_S01_T012,0.22004657
L057,L057_S01,L057_S01_Q04,1,Q0014,F5,1,L057_S01_T017,0.33446812
L057,L057_S01,L057_S01_Q05,1,Q0012,F4,0,L057_S01_T022,0.33889161
L057,L057_S02,L057_S02_Q01,3,Q0007,F3,0,L057_S02_T002,0.25770776
L057,L057_S02,L057_S02_Q02,3,Q0022,F8,1,L057_S02_T007,0.3253434
L057,L057_S02,L057_S02_Q03,3,Q0019,F7,0,L057_S02_T012,0.21854964
L057,L057_S02,L057_S02_Q04,3,Q0018,F6,0,L057_S02_T017,0.24418311
L057,L057_S02,L057_S02_Q05,3,Q0006,F2,0,L057_S02_T022,0.22441325
L057,L057_S03,L057_S03_Q01,6,Q0001,F1,1,L057_S03_T002,0.23214361
L057,L057_S03,L057_S03_Q02,6,Q0021,F7,0,L057_S03_T007,0.23994175
L057,L057_S03,L057_S03_Q03,6,Q0004,F2,0,L057_S03_T012,0.24522228
L057,L057_S03,L057_S03_Q04,6,Q0016,F6,1,L057_S03_T017,0.26302621
L057,L057_S03,L057_S03_Q05,6,Q0024,F8,0,L057_S03_T022,0.45249378
L057,L057_S04,L057_S04_Q01,8,Q0021,F7,1,L057_S04_T002,0.26426352
L057,L057_S04,L057_S04_Q02,8,Q0014,F5,0,L057_S04_T007,0.42498918
L057,L057_S04,L057_S04_Q03,8,Q0012,F4,0,L057_S04_T012,0.32241104
L057,L057_S04,L057_S04_Q04,8,Q0009,F3,0,L057_S04_T017,0.26477413
L057,L057_S04,L057_S04_Q05,8,Q0006,F2,0,L057_S04_T022,0.26911172
L057,L057_S05,L057_S05_Q01,11,Q0006,F2,0,L057_S05_T002,0.28547589
L057,L057_S05,L057_S05_Q02,11,Q0005,F2,1,L057_S05_T007,0.31812852
L057,L057_S05,L057_S05_Q03,11,Q0021,F7,0,L057_S05_T012,0.40802399
L057,L057_S05,L057_S05_Q04,11,Q0010,F4,0,L057_S05_T017,0.33347508
L057,L057_S05,L057_S05_Q05,11,Q0003,F1,0,L057_S05_T022,0.37005885
L057,L057_S06,L057_S06_Q01,13,Q0007,F3,0,L057_S06_T002,0.2708966
L057,L057_S06,L057_S06_Q02,13,Q0019,F7,0,L057_S06_T007,0.41858457
L057,L057_S06,L057_S06_Q03,13,Q0008,F3,1,L057_S06_T012,0.30421548
L057,L057_S06,L057_S06_Q04,13,Q0016,F6,1,L057_S06_T017,0.3768437
L057,L057_S06,L057_S06_Q05,13,Q0018,F6,0,L057_S06_T022,0.51923002
L057,L057_S07,L057_S07_Q01,16,Q0024,F8,0,L057_S07_T002,0.3936178
L057,L057_S07,L057_S07_Q02,16,Q0015,F5,0,L057_S07_T007,0.38663734
L057,L057_S07,L057_S07_Q03,16,Q0002,F1,0,L057_S07_T012,0.3621177
L057,L057_S07,L057_S07_Q04,16,Q0010,F4,1,L057_S07_T017,0.33042069
L057,L057_S07,L057_S07_Q05,16,Q0003,F1,0,L057_S07_T022,0.39126792
L057,L057_S08,L057_S08_Q01,18,Q0015,F5,0,L057_S08_T002,0.39894889
L057,L057_S08,L057_S08_Q02,18,Q0022,F8,1,L057_S08_T007,0.40535784
L057,L057_S08,L057_S08_Q03,18,Q0001,F1,0,L057_S08_T012,0.40320036
L057,L057_S08,L057_S08_Q04,18,Q0020,F7,1,L057_S08_T017,0.4041615
L057,L057_S08,L057_S08_Q05,18,Q0007,F3,0,L057_S08_T022,0.42054247
L058,L058_S01,L058_S01_Q01,1,Q0006,F2,0,L058_S01_T002,0.24326941
L058,L058_S01,L058_S01_Q02,1,Q0022,F8,0,L058_S01_T007,0.12176899
L058,L058_S01,L058_S01_Q03,1,Q0017,F6,0,L058_S01_T012,0.32525007
L058,L058_S01,L058_S01_Q04,1,Q0013,F5,0,L058_S01_T017,0.33894128
L058,L058_S01,L058_S01_Q05,1,Q0017,F6,1,L058_S01_T022,0.35197232
L058,L058_S02,L058_S02_Q01,3,Q0007,F3,0,L058_S02_T002,0.32765426
L058,L058_S02,L058_S02_Q02,3,Q0022,F8,0,L058_S02_T007,0.15005549
L058,L058_S02,L058_S02_Q03,3,Q0024,F8,0,L058_S02_T012,0.18371601
L058,L058_S02,L058_S02_Q04,3,Q0006,F2,0,L058_S02_T017,0.26190344
L058,L058_S02,L058_S02_Q05,3,Q0024,F8,0,L058_S02_T022,0.21604346
L058,L058_S03,L058_S03_Q01,6,Q0009,F3,0,L058_S03_T002,0.33246623
L058,L058_S03,L058_S03_Q02,6,Q0012,F4,1,L058_S03_T007,0.20981715
L058,L058_S03,L058_S03_Q03,6,Q0019,F7,1,L058_S03_T012,0.225646
L058,L058_S03,L058_S03_Q04,6,Q0010,F4,0,L058_S03_T017,0.36628596
L058,L058_S03,L058_S03_Q05,6,Q0013,F5,1,L058_S03_T022,0.32842488
L058,L058_S04,L058_S04_Q01,8,Q0019,F7,0,L058_S04_T002,0.36325896
L058,L058_S04,L058_S04_Q02,8,Q0021,F7,0,L058_S04_T007,0.38847594
L058,L058_S04,L058_S04_Q03,8,Q0002,F1,1,L058_S04_T012,0.27366251
L058,L058_S04,L058_S04_Q04,8,Q0023,F8,1,L058_S04_T017,0.22225685
L058,L058_S04,L058_S04_Q05,8,Q0002,F1,1,L058_S04_T022,0.41748892
L058,L058_S05,L058_S05_Q01,11,Q0005,F2,1,L058_S05_T002,0.24574898
L058,L058_S05,L058_S05_Q02,11,Q0016,F6,1,L058_S05_T007,0.38860036
L058,L058_S05,L058_S05_Q03,11,Q0009,F3,1,L058_S05_T012,0.32283126
L058,L058_S05,L058_S05_Q04,11,Q0005,F2,0,L058_S05_T017,0.39510271
L058,L058_S05,L058_S05_Q05,11,Q0005,F2,0,L058_S05_T022,0.41905858
L058,L058_S06,L058_S06_Q01,13,Q0008,F3,1,L058_S06_T002,0.43796672
L058,L058_S06,L058_S06_Q02,13,Q0022,F8,0,L058_S06_T007,0.33844623
L058,L058_S06,L058_S06_Q03,13,Q0012,F4,1,L058_S06_T012,0.337443
L058,L058_S06,L058_S06_Q04,13,Q0015,F5,1,L058_S06_T017,0.39781671
L058,L058_S06,L058_S06_Q05,13,Q0012,F4,1,L058_S06_T022,0.46863985
L058,L058_S07,L058_S07_Q01,16,Q0019,F7,0,L058_S07_T002,0.34835864
L058,L058_S07,L058_S07_Q02,16,Q0001,F1,1,L058_S07_T007,0.44977079
L058,L058_S07,L058_S07_Q03,16,Q0003,F1,0,L058_S07_T012,0.55872495
L058,L058_S07,L058_S07_Q04,16,Q0020,F7,0,L058_S07_T017,0.37416572
L058,L058_S07,L058_S07_Q05,16,Q0008,F3,0,L058_S07_T022,0.51543739
L058,L058_S08,L058_S08_Q01,18,Q0022,F8,0,L058_S08_T002,0.32799721
L058,L058_S08,L058_S08_Q02,18,Q0016,F6,1,L058_S08_T007,0.43942536
L058,L058_S08,L058_S08_Q03,18,Q0023,F8,0,L058_S08_T012,0.35461067
L058,L058_S08,L058_S08_Q04,18,Q0024,F8,1,L058_S08_T017,0.38017014
L058,L058_S08,L058_S08_Q05,18,Q0014,F5,1,L058_S08_T022,0.46509174
L059,L059_S01,L059_S01_Q01,1,Q0021,F7,0,L059_S01_T002,0.25175463
L059,L059_S01,L059_S01_Q02,1,Q0004,F2,0,L059_S01_T007,0.17832238
L059,L059_S01,L059_S01_Q03,1,Q0014,F5,0,L059_S01_T012,0.29506586
L059,L059_S01,L059_S01_Q04,1,Q0017,F6,0,L059_S01_T017,0.24803608
L059,L059_S01,L059_S01_Q05,1,Q0002,F1,0,L059_S01_T022,0.16250767
L059,L059_S02,L059_S02_Q01,3,Q0010,F4,1,L059_S02_T002,0.1857142
L059,L059_S02,L059_S02_Q02,3,Q0012,F4,0,L059_S02_T007,0.34737477
L059,L059_S02,L059_S02_Q03,3,Q0009,F3,1,L059_S02_T012,0.2584781
L059,L059_S02,L059_S02_Q04,3,Q0003,F1,0,L059_S02_T017,0.19148985
L059,L059_S02,L059_S02_Q05,3,Q0020,F7,0,L059_S02_T022,0.27532317
L059,L059_S03,L059_S03_Q01,6,Q0004,F2,0,L059_S03_T002,0.19962875
L059,L059_S03,L059_S03_Q02,6,Q0024,F8,1,L059_S03_T007,0.19755939
L059,L059_S03,L059_S03_Q03,6,Q0001,F1,0,L059_S03_T012,0.21631474
L059,L059_S03,L059_S03_Q04,6,Q0022,F8,0,L059_S03_T017,0.35686833
L059,L059_S03,L059_S03_Q05,6,Q0008,F3,0,L059_S03_T022,0.39248759
L059,L059_S04,L059_S04_Q01,8,Q0011,F4,0,L059_S04_T002,0.35325774
L059,L059_S04,L059_S04_Q02,8,Q0022,F8,1,L059_S04_T007,0.37406077
L059,L059_S04,L059_S04_Q03,8,Q0013,F5,0,L059_S04_T012,0.29905058
L059,L059_S04,L059_S04_Q04,8,Q0018,F6,0,L059_S04_T017,0.25724407
L059,L059_S04,L059_S04_Q05,8,Q0005,F2,1,L059_S04_T022,0.2263592
L059,L059_S05,L059_S05_Q01,11,Q0018,F6,1,L059_S05_T002,0.27740281
L059,L059_S05,L059_S05_Q02,11,Q0003,F1,0,L059_S05_T007,0.2341549
L059,L059_S05,L059_S05_Q03,11,Q0001,F1,1,L059_S05_T012,0.26456362
L059,L059_S05,L059_S05_Q04,11,Q0020,F7,1,L059_S05_T017,0.27841256
L059,L059_S05,L059_S05_Q05,11,Q0014,F5,0,L059_S05_T022,0.31624258
L059,L059_S06,L059_S06_Q01,13,Q0002,F1,0,L059_S06_T002,0.40161181
L059,L059_S06,L059_S06_Q02,13,Q0012,F4,0,L059_S06_T007,0.35860399
L059,L059_S06,L059_S06_Q03,13,Q0023,F8,1,L059_S06_T012,0.47158901
L059,L059_S06,L059_S06_Q04,13,Q0004,F2,0,L059_S06_T017,0.35956276
L059,L059_S06,L059_S06_Q05,13,Q0015,F5,0,L059_S06_T022,0.33589934
L059,L059_S07,L059_S07_Q01,16,Q0011,F4,0,L059_S07_T002,0.37156987
L059,L059_S07,L059_S07_Q02,16,Q0022,F8,1,L059_S07_T007,0.55772992
L059,L059_S07,L059_S07_Q03,16,Q0005,F2,1,L059_S07_T012,0.37246061
L059,L059_S07,L059_S07_Q04,16,Q0014,F5,0,L059_S07_T017,0.35047643
L059,L059_S07,L059_S07_Q05,16,Q0007,F3,1,L059_S07_T022,0.37309944
L059,L059_S08,L059_S08_Q01,18,Q0019,F7,0,L059_S08_T002,0.39033648
L059,L059_S08,L059_S08_Q02,18,Q0009,F3,1,L059_S08_T007,0.48670193
L059,L059_S08,L059_S08_Q03,18,Q0020,F7,1,L059_S08_T012,0.41454384
L059,L059_S08,L059_S08_Q04,18,Q0008,F3,0,L059_S08_T017,0.58860726
L059,L059_S08,L059_S08_Q05,18,Q0018,F6,0,L059_S08_T022,0.38958733
L060,L060_S01,L060_S01_Q01,1,Q0015,F5,0,L060_S01_T002,0.30724057
L060,L060_S01,L060_S01_Q02,1,Q0005,F2,0,L060_S01_T007,0.25728377
L060,L060_S01,L060_S01_Q03,1,Q0023,F8,1,L060_S01_T012,0.23572391
L060,L060_S01,L060_S01_Q04,1,Q0023,F8,1,L060_S01_T017,0.39327351
L060,L060_S01,L060_S01_Q05,1,Q0002,F1,0,L060_S01_T022,0.15318786
L060,L060_S02,L060_S02_Q01,3,Q0011,F4,0,L060_S02_T002,0.101927
L060,L060_S02,L060_S02_Q02,3,Q0018,F6,0,L060_S02_T007,0.22396846
L060,L060_S02,L060_S02_Q03,3,Q0007,F3,0,L060_S02_T012,0.13304459
L060,L060_S02,L060_S02_Q04,3,Q0021,F7,0,L060_S02_T017,0.19281433
L060,L060_S02,L060_S02_Q05,3,Q0002,F1,0,L060_S02_T022,0.18078518
L060,L060_S03,L060_S03_Q01,6,Q0011,F4,0,L060_S03_T002,0.13092644
L060,L060_S03,L060_S03_Q02,6,Q0010,F4,0,L060_S03_T007,0.166757
L060,L060_S03,L060_S03_Q03,6,Q0009,F3,0,L060_S03_T012,0.15903768
L060,L060_S03,L060_S03_Q04,6,Q0008,F3,0,L060_S03_T017,0.19370926
L060,L060_S03,L060_S03_Q05,6,Q0018,F6,0,L060_S03_T022,0.24117717
L060,L060_S04,L060_S04_Q01,8,Q0010,F4,1,L060_S04_T002,0.19328893
L060,L060_S04,L060_S04_Q02,8,Q0013,F5,0,L060_S04_T007,0.29227215
L060,L060_S04,L060_S04_Q03,8,Q0009,F3,0,L060_S04_T012,0.218125
L060,L060_S04,L060_S04_Q04,8,Q0021,F7,1,L060_S04_T017,0.20474784
L060,L060_S04,L060_S04_Q05,8,Q0004,F2,0,L060_S04_T022,0.25058386
L060,L060_S05,L060_S05_Q01,11,Q0014,F5,0,L060_S05_T002,0.30288187
L060,L060_S05,L060_S05_Q02,11,Q0005,F2,1,L060_S05_T007,0.26522119
L060,L060_S05,L060_S05_Q03,11,Q0024,F8,1,L060_S05_T012,0.42509151
L060,L060_S05,L060_S05_Q04,11,Q0002,F1,1,L060_S05_T017,0.18307943
L060,L060_S05,L060_S05_Q05,11,Q0007,F3,0,L060_S05_T022,0.23589826
L060,L060_S06,L060_S06_Q01,13,Q0024,F8,1,L060_S06_T002,0.5224631
L060,L060_S06,L060_S06_Q02,13,Q0002,F1,0,L060_S06_T007,0.3378118
L060,L060_S06,L060_S06_Q03,13,Q0016,F6,1,L060_S06_T012,0.23714312
L060,L060_S06,L060_S06_Q04,13,Q0016,F6,0,L060_S06_T017,0.39440016
L060,L060_S06,L060_S06_Q05,13,Q0017,F6,1,L060_S06_T022,0.4193681
L060,L060_S07,L060_S07_Q01,16,Q0020,F7,0,L060_S07_T002,0.31458898
L060,L060_S07,L060_S07_Q02,16,Q0006,F2,0,L060_S07_T007,0.37735039
L060,L060_S07,L060_S07_Q03,16,Q0012,F4,1,L060_S07_T012,0.30682693
L060,L060_S07,L060_S07_Q04,16,Q0009,F3,0,L060_S07_T017,0.24215563
L060,L060_S07,L060_S07_Q05,16,Q0009,F3,0,L060_S07_T022,0.27340038
L060,L060_S08,L060_S08_Q01,18,Q0008,F3,0,L060_S08_T002,0.29155909
L060,L060_S08,L060_S08_Q02,18,Q0010,F4,0,L060_S08_T007,0.43222914
L060,L060_S08,L060_S08_Q03,18,Q0019,F7,0,L060_S08_T012,0.32951373
L060,L060_S08,L060_S08_Q04,18,Q0013,F5,0,L060_S08_T017,0.28863486
L060,L060_S08,L060_S08_Q05,18,Q0003,F1,0,L060_S08_T022,0.33064245
L061,L061_S01,L061_S01_Q01,1,Q0007,F3,0,L061_S01_T002,0.15074144
L061,L061_S01,L061_S01_Q02,1,Q0002,F1,0,L061_S01_T007,0.12184443
L061,L061_S01,L061_S01_Q03,1,Q0014,F5,0,L061_S01_T012,0.14232517
L061,L061_S01,L061_S01_Q04,1,Q0018,F6,1,L061_S01_T017,0.32676719
L061,L061_S01,L061_S01_Q05,1,Q0006,F2,0,L061_S01_T022,0.28951326
L061,L061_S02,L061_S02_Q01,3,Q0005,F2,1,L061_S02_T002,0.32274174
L061,L061_S02,L061_S02_Q02,3,Q0012,F4,0,L061_S02_T007,0.14399723
L061,L061_S02,L061_S02_Q03,3,Q0001,F1,0,L061_S02_T012,0.16898857
L061,L061_S02,L061_S02_Q04,3,Q0010,F4,0,L061_S02_T017,0.19430386
L061,L061_S02,L061_S02_Q05,3,Q0015,F5,0,L061_S02_T022,0.18776951
L061,L061_S03,L061_S03_Q01,6,Q0019,F7,0,L061_S03_T002,0.22213577
L061,L061_S03,L061_S03_Q02,6,Q0017,F6,1,L061_S03_T007,0.49148744
L061,L061_S03,L061_S03_Q03,6,Q0009,F3,0,L061_S03_T012,0.18798878
L061,L061_S03,L061_S03_Q04,6,Q0001,F1,0,L061_S03_T017,0.20947109
L061,L061_S03,L061_S03_Q05,6,Q0002,F1,0,L061_S03_T022,0.25592986
L061,L061_S04,L061_S04_Q01,8,Q0020,F7,0,L061_S04_T002,0.26095624
L061,L061_S04,L061_S04_Q02,8,Q0024,F8,0,L061_S04_T007,0.26775835
L061,L061_S04,L061_S04_Q03,8,Q0013,F5,0,L061_S04_T012,0.22064127
L061,L061_S04,L061_S04_Q04,8,Q0010,F4,0,L061_S04_T017,0.22640345
L061,L061_S04,L061_S04_Q05,8,Q0023,F8,0,L061_S04_T022,0.31079162
L061,L061_S05,L061_S05_Q01,11,Q0005,F2,1,L061_S05_T002,0.47007394
L061,L061_S05,L061_S05_Q02,11,Q0016,F6,1,L061_S05_T007,0.60046457
L061,L061_S05,L061_S05_Q03,11,Q0016,F6,0,L061_S05_T012,0.71786652
L061,L061_S05,L061_S05_Q04,11,Q0020,F7,1,L061_S05_T017,0.29271352
L061,L061_S05,L061_S05_Q05,11,Q0020,F7,1,L061_S05_T022,0.50054692
L061,L061_S06,L061_S06_Q01,13,Q0008,F3,0,L061_S06_T002,0.21515071
L061,L061_S06,L061_S06_Q02,13,Q0001,F1,0,L061_S06_T007,0.27352119
L061,L061_S06,L061_S06_Q03,13,Q0022,F8,0,L061_S06_T012,0.32912593
L061,L061_S06,L061_S06_Q04,13,Q0009,F3,1,L061_S06_T017,0.2612757
L061,L061_S06,L061_S06_Q05,13,Q0014,F5,0,L061_S06_T022,0.24962859
L061,L061_S07,L061_S07_Q01,16,Q0022,F8,0,L061_S07_T002,0.35441575
L061,L061_S07,L061_S07_Q02,16,Q0014,F5,0,L061_S07_T007,0.28246055
L061,L061_S07,L061_S07_Q03,16,Q0008,F3,1,L061_S07_T012,0.45999857
L061,L061_S07,L061_S07_Q04,16,Q0012,F4,1,L061_S07_T017,0.2449397
L061,L061_S07,L061_S07_Q05,16,Q0003,F1,0,L061_S07_T022,0.3040864
L061,L061_S08,L061_S08_Q01,18,Q0005,F2,0,L061_S08_T002,0.57120732
L061,L061_S08,L061_S08_Q02,18,Q0014,F5,0,L061_S08_T007,0.31627437
L061,L061_S08,L061_S08_Q03,18,Q0002,F1,1,L061_S08_T012,0.33610538
L061,L061_S08,L061_S08_Q04,18,Q0012,F4,0,L061_S08_T017,0.45479632
L061,L061_S08,L061_S08_Q05,18,Q0011,F4,0,L061_S08_T022,0.48683752
L062,L062_S01,L062_S01_Q01,1,Q0009,F3,0,L062_S01_T002,0.10571473
L062,L062_S01,L062_S01_Q02,1,Q0017,F6,0,L062_S01_T007,0.24598582
L062,L062_S01,L062_S01_Q03,1,Q0010,F4,1,L062_S01_T012,0.15291802
L062,L062_S01,L062_S01_Q04,1,Q0015,F5,0,L062_S01_T017,0.13991162
L062,L062_S01,L062_S01_Q05,1,Q0005,F2,1,L062_S01_T022,0.26278239
L062,L062_S02,L062_S02_Q01,3,Q0015,F5,0,L062_S02_T002,0.1756534
L062,L062_S02,L062_S02_Q02,3,Q0009,F3,0,L062_S02_T007,0.14456703
L062,L062_S02,L062_S02_Q03,3,Q0002,F1,0,L062_S02_T012,0.26418007
L062,L062_S02,L062_S02_Q04,3,Q0010,F4,0,L062_S02_T017,0.35170227
L062,L062_S02,L062_S02_Q05,3,Q0021,F7,0,L062_S02_T022,0.27188742
L062,L062_S03,L062_S03_Q01,6,Q0008,F3,0,L062_S03_T002,0.17602212
L062,L062_S03,L062_S03_Q02,6,Q0014,F5,0,L062_S03_T007,0.20367402
L062,L062_S03,L062_S03_Q03,6,Q0007,F3,0,L062_S03_T012,0.21773094
L062,L062_S03,L062_S03_Q04,6,Q0003,F1,1,L062_S03_T017,0.2824201
L062,L062_S03,L062_S03_Q05,6,Q0019,F7,0,L062_S03_T022,0.28927594
L062,L062_S04,L062_S04_Q01,8,Q0017,F6,0,L062_S04_T002,0.24409139
L062,L062_S04,L062_S04_Q02,8,Q0014,F5,0,L062_S04_T007,0.23361603
L062,L062_S04,L062_S04_Q03,8,Q0022,F8,0,L062_S04_T012,0.26783461
L062,L062_S04,L062_S04_Q04,8,Q0024,F8,0,L062_S04_T017,0.30489598
L062,L062_S04,L062_S04_Q05,8,Q0004,F2,1,L062_S04_T022,0.38601312
L062,L062_S05,L062_S05_Q01,11,Q0009,F3,0,L062_S05_T002,0.23085805
L062,L062_S05,L062_S05_Q02,11,Q0011,F4,1,L062_S05_T007,0.32321274
L062,L062_S05,L062_S05_Q03,11,Q0015,F5,0,L062_S05_T012,0.25523283
L062,L062_S05,L062_S05_Q04,11,Q0014,F5,1,L062_S05_T017,0.2929321
L062,L062_S05,L062_S05_Q05,11,Q0002,F1,1,L062_S05_T022,0.41630182
L062,L062_S06,L062_S06_Q01,13,Q0017,F6,1,L062_S06_T002,0.25330981
L062,L062_S06,L062_S06_Q02,13,Q0023,F8,0,L062_S06_T007,0.30509841
L062,L062_S06,L062_S06_Q03,13,Q0008,F3,0,L062_S06_T012,0.25832743
L062,L062_S06,L062_S06_Q04,13,Q0015,F5,0,L062_S06_T017,0.45183599
L062,L062_S06,L062_S06_Q05,13,Q0018,F6,1,L062_S06_T022,0.44229284
L062,L062_S07,L062_S07_Q01,16,Q0021,F7,0,L062_S07_T002,0.26177862
L062,L062_S07,L062_S07_Q02,16,Q0005,F2,0,L062_S07_T007,0.45509014
L062,L062_S07,L062_S07_Q03,16,Q0016,F6,0,L062_S07_T012,0.54665642
L062,L062_S07,L062_S07_Q04,16,Q0019,F7,0,L062_S07_T017,0.29914655
L062,L062_S07,L062_S07_Q05,16,Q0009,F3,0,L062_S07_T022,0.27721408
L062,L062_S08,L062_S08_Q01,18,Q0010,F4,0,L062_S08_T002,0.42478536
L062,L062_S08,L062_S08_Q02,18,Q0007,F3,0,L062_S08_T007,0.30046696
L062,L062_S08,L062_S08_Q03,18,Q0005,F2,0,L062_S08_T012,0.46216358
L062,L062_S08,L062_S08_Q04,18,Q0001,F1,1,L062_S08_T017,0.48451151
L062,L062_S08,L062_S08_Q05,18,Q0023,F8,0,L062_S08_T022,0.30527082
L063,L063_S01,L063_S01_Q01,1,Q0002,F1,0,L063_S01_T002,0.1159295
L063,L063_S01,L063_S01_Q02,1,Q0012,F4,0,L063_S01_T007,0.33537572
L063,L063_S01,L063_S01_Q03,1,Q0023,F8,1,L063_S01_T012,0.32691936
L063,L063_S01,L063_S01_Q04,1,Q0003,F1,0,L063_S01_T017,0.14890976
L063,L063_S01,L063_S01_Q05,1,Q0006,F2,0,L063_S01_T022,0.15257748
L063,L063_S02,L063_S02_Q01,3,Q0024,F8,0,L063_S02_T002,0.4377669
L063,L063_S02,L063_S02_Q02,3,Q0005,F2,0,L063_S02_T007,0.17820695
L063,L063_S02,L063_S02_Q03,3,Q0003,F1,0,L063_S02_T012,0.17479076
L063,L063_S02,L063_S02_Q04,3,Q0019,F7,1,L063_S02_T017,0.31548028
L063,L063_S02,L063_S02_Q05,3,Q0019,F7,1,L063_S02_T022,0.44316035
L063,L063_S03,L063_S03_Q01,6,Q0015,F5,0,L063_S03_T002,0.15825457
L063,L063_S03,L063_S03_Q02,6,Q0018,F6,0,L063_S03_T007,0.28243512
L063,L063_S03,L063_S03_Q03,6,Q0014,F5,0,L063_S03_T012,0.18965589
L063,L063_S03,L063_S03_Q04,6,Q0002,F1,0,L063_S03_T017,0.19563949
L063,L063_S03,L063_S03_Q05,6,Q0009,F3,0,L063_S03_T022,0.19995016
L063,L063_S04,L063_S04_Q01,8,Q0010,F4,1,L063_S04_T002,0.32085381
L063,L063_S04,L063_S04_Q02,8,Q0017,F6,0,L063_S04_T007,0.29915905
L063,L063_S04,L063_S04_Q03,8,Q0004,F2,1,L063_S04_T012,0.19231205
L063,L063_S04,L063_S04_Q04,8,Q0007,F3,0,L063_S04_T017,0.22233084
L063,L063_S04,L063_S04_Q05,8,Q0014,F5,0,L063_S04_T022,0.21274255
L063,L063_S05,L063_S05_Q01,11,Q0014,F5,0,L063_S05_T002,0.23040966
L063,L063_S05,L063_S05_Q02,11,Q0003,F1,0,L063_S05_T007,0.20776432
L063,L063_S05,L063_S05_Q03,11,Q0013,F5,0,L063_S05_T012,0.25911924
L063,L063_S05,L063_S05_Q04,11,Q0003,F1,0,L063_S05_T017,0.23731868
L063,L063_S05,L063_S05_Q05,11,Q0007,F3,1,L063_S05_T022,0.23919413
L063,L063_S06,L063_S06_Q01,13,Q0001,F1,1,L063_S06_T002,0.25713666
L063,L063_S06,L063_S06_Q02,13,Q0011,F4,0,L063_S06_T007,0.41206593
L063,L063_S06,L063_S06_Q03,13,Q0019,F7,0,L063_S06_T012,0.46375982
L063,L063_S06,L063_S06_Q04,13,Q0007,F3,0,L063_S06_T017,0.36872291
L063,L063_S06,L063_S06_Q05,13,Q0006,F2,0,L063_S06_T022,0.31578696
L063,L063_S07,L063_S07_Q01,16,Q0011,F4,0,L063_S07_T002,0.41302311
L063,L063_S07,L063_S07_Q02,16,Q0023,F8,1,L063_S07_T007,0.37011732
L063,L063_S07,L063_S07_Q03,16,Q0017,F6,0,L063_S07_T012,0.28504809
L063,L063_S07,L063_S07_Q04,16,Q0013,F5,0,L063_S07_T017,0.26403303
L063,L063_S07,L063_S07_Q05,16,Q0024,F8,0,L063_S07_T022,0.48760622
L063,L063_S08,L063_S08_Q01,18,Q0020,F7,0,L063_S08_T002,0.44542727
L063,L063_S08,L063_S08_Q02,18,Q0017,F6,1,L063_S08_T007,0.30159283
L063,L063_S08,L063_S08_Q03,18,Q0001,F1,0,L063_S08_T012,0.3643412
L063,L063_S08,L063_S08_Q04,18,Q0005,F2,0,L063_S08_T017,0.31426352
L063,L063_S08,L063_S08_Q05,18,Q0013,F5,0,L063_S08_T022,0.28201896
L064,L064_S01,L064_S01_Q01,1,Q0015,F5,1,L064_S01_T002,0.09916631
L064,L064_S01,L064_S01_Q02,1,Q0007,F3,0,L064_S01_T007,0.21526576
L064,L064_S01,L064_S01_Q03,1,Q0024,F8,1,L064_S01_T012,0.15045487
L064,L064_S01,L064_S01_Q04,1,Q0017,F6,0,L064_S01_T017,0.12929031
L064,L064_S01,L064_S01_Q05,1,Q0001,F1,0,L064_S01_T022,0.13669792
L064,L064_S02,L064_S02_Q01,3,Q0021,F7,0,L064_S02_T002,0.18419729
L064,L064_S02,L064_S02_Q02,3,Q0004,F2,0,L064_S02_T007,0.14834579
L064,L064_S02,L064_S02_Q03,3,Q0022,F8,0,L064_S02_T012,0.36458192
L064,L064_S02,L064_S02_Q04,3,Q0021,F7,0,L064_S02_T017,0.22791804
L064,L064_S02,L064_S02_Q05,3,Q0012,F4,0,L064_S02_T022,0.31998704
L064,L064_S03,L064_S03_Q01,6,Q0007,F3,0,L064_S03_T002,0.23493424
L064,L064_S03,L064_S03_Q02,6,Q0002,F1,0,L064_S03_T007,0.16704619
L064,L064_S03,L064_S03_Q03,6,Q0014,F5,0,L064_S03_T012,0.31092645
L064,L064_S03,L064_S03_Q04,6,Q0018,F6,0,L064_S03_T017,0.1606455
L064,L064_S03,L064_S03_Q05,6,Q0005,F2,1,L064_S03_T022,0.18367786
L064,L064_S04,L064_S04_Q01,8,Q0003,F1,0,L064_S04_T002,0.20411761
L064,L064_S04,L064_S04_Q02,8,Q0004,F2,0,L064_S04_T007,0.38803289
L064,L064_S04,L064_S04_Q03,8,Q0014,F5,0,L064_S04_T012,0.33541848
L064,L064_S04,L064_S04_Q04,8,Q0012,F4,1,L064_S04_T017,0.32542068
L064,L064_S04,L064_S04_Q05,8,Q0017,F6,0,L064_S04_T022,0.19827653
L064,L064_S05,L064_S05_Q01,11,Q0019,F7,0,L064_S05_T002,0.23279941
L064,L064_S05,L064_S05_Q02,11,Q0022,F8,1,L064_S05_T007,0.34461039
L064,L064_S05,L064_S05_Q03,11,Q0024,F8,1,L064_S05_T012,0.5202296
L064,L064_S05,L064_S05_Q04,11,Q0018,F6,0,L064_S05_T017,0.22842121
L064,L064_S05,L064_S05_Q05,11,Q0002,F1,0,L064_S05_T022,0.23365545
L064,L064_S06,L064_S06_Q01,13,Q0009,F3,0,L064_S06_T002,0.24292185
L064,L064_S06,L064_S06_Q02,13,Q0017,F6,1,L064_S06_T007,0.26012663
L064,L064_S06,L064_S06_Q03,13,Q0002,F1,0,L064_S06_T012,0.26490325
L064,L064_S06,L064_S06_Q04,13,Q0015,F5,0,L064_S06_T017,0.33875451
L064,L064_S06,L064_S06_Q05,13,Q0007,F3,0,L064_S06_T022,0.28349542
L064,L064_S07,L064_S07_Q01,16,Q0014,F5,0,L064_S07_T002,0.35430467
L064,L064_S07,L064_S07_Q02,16,Q0021,F7,0,L064_S07_T007,0.25008453
L064,L064_S07,L064_S07_Q03,16,Q0010,F4,0,L064_S07_T012,0.43758169
L064,L064_S07,L064_S07_Q04,16,Q0011,F4,1,L064_S07_T017,0.46772299
L064,L064_S07,L064_S07_Q05,16,Q0002,F1,0,L064_S07_T022,0.28812595
L064,L064_S08,L064_S08_Q01,18,Q0021,F7,0,L064_S08_T002,0.27989594
L064,L064_S08,L064_S08_Q02,18,Q0004,F2,1,L064_S08_T007,0.35078973
L064,L064_S08,L064_S08_Q03,18,Q0018,F6,1,L064_S08_T012,0.41850434
L064,L064_S08,L064_S08_Q04,18,Q0005,F2,0,L064_S08_T017,0.52475312
L064,L064_S08,L064_S08_Q05,18,Q0001,F1,1,L064_S08_T022,0.31461142
L065,L065_S01,L065_S01_Q01,1,Q0016,F6,0,L065_S01_T002,0.13730806
L065,L065_S01,L065_S01_Q02,1,Q0019,F7,0,L065_S01_T007,0.1976974
L065,L065_S01,L065_S01_Q03,1,Q0009,F3,1,L065_S01_T012,0.26058118
L065,L065_S01,L065_S01_Q04,1,Q0011,F4,0,L065_S01_T017,0.26341441
L065,L065_S01,L065_S01_Q05,1,Q0003,F1,0,L065_S01_T022,0.26755143
L065,L065_S02,L065_S02_Q01,3,Q0016,F6,0,L065_S02_T002,0.17493315
L065,L065_S02,L065_S02_Q02,3,Q0001,F1,0,L065_S02_T007,0.29566
L065,L065_S02,L065_S02_Q03,3,Q0022,F8,0,L065_S02_T012,0.23640172
L065,L065_S02,L065_S02_Q04,3,Q0004,F2,0,L065_S02_T017,0.17069103
L065,L065_S02,L065_S02_Q05,3,Q0005,F2,0,L065_S02_T022,0.21124453
L065,L065_S03,L065_S03_Q01,6,Q0016,F6,0,L065_S03_T002,0.20712637
L065,L065_S03,L065_S03_Q02,6,Q0019,F7,1,L065_S03_T007,0.22216522
L065,L065_S03,L065_S03_Q03,6,Q0014,F5,0,L065_S03_T012,0.22030577
L065,L065_S03,L065_S03_Q04,6,Q0024,F8,0,L065_S03_T017,0.26337507
L065,L065_S03,L065_S03_Q05,6,Q0009,F3,1,L065_S03_T022,0.41386498
L065,L065_S04,L065_S04_Q01,8,Q0005,F2,0,L065_S04_T002,0.23424694
L065,L065_S04,L065_S04_Q02,8,Q0016,F6,0,L065_S04_T007,0.23965004
L065,L065_S04,L065_S04_Q03,8,Q0005,F2,1,L065_S04_T012,0.27169253
L065,L065_S04,L065_S04_Q04,8,Q0013,F5,0,L065_S04_T017,0.25186645
L065,L065_S04,L065_S04_Q05,8,Q0012,F4,1,L065_S04_T022,0.27363927
L065,L065_S05,L065_S05_Q01,11,Q0023,F8,1,L065_S05_T002,0.28073847
L065,L065_S05,L065_S05_Q02,11,Q0016,F6,0,L065_S05_T007,0.26634754
L065,L065_S05,L065_S05_Q03,11,Q0013,F5,0,L065_S05_T012,0.27752654
L065,L065_S05,L065_S05_Q04,11,Q0005,F2,0,L065_S05_T017,0.43273192
L065,L065_S05,L065_S05_Q05,11,Q0001,F1,0,L065_S05_T022,0.29780886
L065,L065_S06,L065_S06_Q01,13,Q0005,F2,1,L065_S06_T002,0.44877121
L065,L065_S06,L065_S06_Q02,13,Q0017,F6,1,L065_S06_T007,0.29454407
L065,L065_S06,L065_S06_Q03,13,Q0019,F7,1,L065_S06_T012,0.3768259
L065,L065_S06,L065_S06_Q04,13,Q0001,F1,0,L065_S06_T017,0.3237066
L065,L065_S06,L065_S06_Q05,13,Q0001,F1,0,L065_S06_T022,0.35677758
L065,L065_S07,L065_S07_Q01,16,Q0012,F4,0,L065_S07_T002,0.40709175
L065,L065_S07,L065_S07_Q02,16,Q0014,F5,0,L065_S07_T007,0.29335916
L065,L065_S07,L065_S07_Q03,16,Q0020,F7,1,L065_S07_T012,0.50915198
L065,L065_S07,L065_S07_Q04,16,Q0022,F8,0,L065_S07_T017,0.42814475
L065,L065_S07,L065_S07_Q05,16,Q0012,F4,1,L065_S07_T022,0.43608517
L065,L065_S08,L065_S08_Q01,18,Q0016,F6,0,L065_S08_T002,0.43792488
L065,L065_S08,L065_S08_Q02,18,Q0007,F3,1,L065_S08_T007,0.47744755
L065,L065_S08,L065_S08_Q03,18,Q0008,F3,0,L065_S08_T012,0.60521252
L065,L065_S08,L065_S08_Q04,18,Q0014,F5,1,L065_S08_T017,0.31958203
L065,L065_S08,L065_S08_Q05,18,Q0013,F5,1,L065_S08_T022,0.48594539
L066,L066_S01,L066_S01_Q01,1,Q0021,F7,0,L066_S01_T002,0.15147278
L066,L066_S01,L066_S01_Q02,1,Q0013,F5,0,L066_S01_T007,0.33109886
L066,L066_S01,L066_S01_Q03,1,Q0004,F2,0,L066_S01_T012,0.27028948
L066,L066_S01,L066_S01_Q04,1,Q0011,F4,0,L066_S01_T017,0.13885331
L066,L066_S01,L066_S01_Q05,1,Q0010,F4,0,L066_S01_T022,0.17020818
L066,L066_S02,L066_S02_Q01,3,Q0022,F8,0,L066_S02_T002,0.16259871
L066,L066_S02,L066_S02_Q02,3,Q0005,F2,1,L066_S02_T007,0.28920476
L066,L066_S02,L066_S02_Q03,3,Q0019,F7,0,L066_S02_T012,0.17766617
L066,L066_S02,L066_S02_Q04,3,Q0017,F6,0,L066_S02_T017,0.18549423
L066,L066_S02,L066_S02_Q05,3,Q0023,F8,0,L066_S02_T022,0.19308899
L066,L066_S03,L066_S03_Q01,6,Q0017,F6,0,L066_S03_T002,0.20688388
L066,L066_S03,L066_S03_Q02,6,Q0008,F3,0,L066_S03_T007,0.3026906
L066,L066_S03,L066_S03_Q03,6,Q0014,F5,0,L066_S03_T012,0.3329834
L066,L066_S03,L066_S03_Q04,6,Q0011,F4,0,L066_S03_T017,0.18775146
L066,L066_S03,L066_S03_Q05,6,Q0002,F1,0,L066_S03_T022,0.25400207
L066,L066_S04,L066_S04_Q01,8,Q0016,F6,1,L066_S04_T002,0.22968307
L066,L066_S04,L066_S04_Q02,8,Q0023,F8,1,L066_S04_T007,0.20840539
L066,L066_S04,L066_S04_Q03,8,Q0007,F3,1,L066_S04_T012,0.31962116
L066,L066_S04,L066_S04_Q04,8,Q0003,F1,1,L066_S04_T017,0.27391504
L066,L066_S04,L066_S04_Q05,8,Q0024,F8,0,L066_S04_T022,0.35251757
L066,L066_S05,L066_S05_Q01,11,Q0010,F4,0,L066_S05_T002,0.20358733
L066,L066_S05,L066_S05_Q02,11,Q0015,F5,1,L066_S05_T007,0.33468453
L066,L066_S05,L066_S05_Q03,11,Q0013,F5,1,L066_S05_T012,0.45580721
L066,L066_S05,L066_S05_Q04,11,Q0001,F1,0,L066_S05_T017,0.3904969
L066,L066_S05,L066_S05_Q05,11,Q0003,F1,0,L066_S05_T022,0.41268928
L066,L066_S06,L066_S06_Q01,13,Q0021,F7,0,L066_S06_T002,0.18218903
L066,L066_S06,L066_S06_Q02,13,Q0022,F8,0,L066_S06_T007,0.35231753
L066,L066_S06,L066_S06_Q03,13,Q0009,F3,0,L066_S06_T012,0.41545053
L066,L066_S06,L066_S06_Q04,13,Q0023,F8,1,L066_S06_T017,0.37590004
L066,L066_S06,L066_S06_Q05,13,Q0005,F2,0,L066_S06_T022,0.36735431
L066,L066_S07,L066_S07_Q01,16,Q0019,F7,1,L066_S07_T002,0.2038214
L066,L066_S07,L066_S07_Q02,16,Q0016,F6,0,L066_S07_T007,0.33322106
L066,L066_S07,L066_S07_Q03,16,Q0010,F4,0,L066_S07_T012,0.21788198
L066,L066_S07,L066_S07_Q04,16,Q0006,F2,0,L066_S07_T017,0.37538893
L066,L066_S07,L066_S07_Q05,16,Q0021,F7,1,L066_S07_T022,0.34876811
L066,L066_S08,L066_S08_Q01,18,Q0011,F4,1,L066_S08_T002,0.24000748
L066,L066_S08,L066_S08_Q02,18,Q0009,F3,1,L066_S08_T007,0.40912551
L066,L066_S08,L066_S08_Q03,18,Q0017,F6,0,L066_S08_T012,0.34828148
L066,L066_S08,L066_S08_Q04,18,Q0020,F7,0,L066_S08_T017,0.45527774
L066,L066_S08,L066_S08_Q05,18,Q0018,F6,1,L066_S08_T022,0.37201095
L067,L067_S01,L067_S01_Q01,1,Q0024,F8,1,L067_S01_T002,0.33913703
L067,L067_S01,L067_S01_Q02,1,Q0006,F2,0,L067_S01_T007,0.1396958
L067,L067_S01,L067_S01_Q03,1,Q0021,F7,0,L067_S01_T012,0.15016978
L067,L067_S01,L067_S01_Q04,1,Q0015,F5,0,L067_S01_T017,0.15166974
L067,L067_S01,L067_S01_Q05,1,Q0007,F3,0,L067_S01_T022,0.26881945
L067,L067_S02,L067_S02_Q01,3,Q0005,F2,0,L067_S02_T002,0.17056849
L067,L067_S02,L067_S02_Q02,3,Q0009,F3,1,L067_S02_T007,0.2891094
L067,L067_S02,L067_S02_Q03,3,Q0010,F4,0,L067_S02_T012,0.30279696
L067,L067_S02,L067_S02_Q04,3,Q0015,F5,0,L067_S02_T017,0.18156107
L067,L067_S02,L067_S02_Q05,3,Q0002,F1,0,L067_S02_T022,0.28462657
L067,L067_S03,L067_S03_Q01,6,Q0021,F7,1,L067_S03_T002,0.16957817
L067,L067_S03,L067_S03_Q02,6,Q0016,F6,0,L067_S03_T007,0.25006696
L067,L067_S03,L067_S03_Q03,6,Q0003,F1,0,L067_S03_T012,0.29754296
L067,L067_S03,L067_S03_Q04,6,Q0013,F5,0,L067_S03_T017,0.20481864
L067,L067_S03,L067_S03_Q05,6,Q0023,F8,1,L067_S03_T022,0.4381375
L067,L067_S04,L067_S04_Q01,8,Q0020,F7,0,L067_S04_T002,0.33858185
L067,L067_S04,L067_S04_Q02,8,Q0006,F2,0,L067_S04_T007,0.18720275
L067,L067_S04,L067_S04_Q03,8,Q0018,F6,0,L067_S04_T012,0.27189383
L067,L067_S04,L067_S04_Q04,8,Q0011,F4,0,L067_S04_T017,0.30144878
L067,L067_S04,L067_S04_Q05,8,Q0006,F2,1,L067_S04_T022,0.2230216
L067,L067_S05,L067_S05_Q01,11,Q0017,F6,0,L067_S05_T002,0.28608778
L067,L067_S05,L067_S05_Q02,11,Q0013,F5,0,L067_S05_T007,0.21679504
L067,L067_S05,L067_S05_Q03,11,Q0002,F1,1,L067_S05_T012,0.2969093
L067,L067_S05,L067_S05_Q04,11,Q0005,F2,0,L067_S05_T017,0.37101888
L067,L067_S05,L067_S05_Q05,11,Q0019,F7,0,L067_S05_T022,0.34608459
L067,L067_S06,L067_S06_Q01,13,Q0015,F5,0,L067_S06_T002,0.24134882
L067,L067_S06,L067_S06_Q02,13,Q0014,F5,0,L067_S06_T007,0.27478152
L067,L067_S06,L067_S06_Q03,13,Q0022,F8,1,L067_S06_T012,0.48777001
L067,L067_S06,L067_S06_Q04,13,Q0024,F8,1,L067_S06_T017,0.60063632
L067,L067_S06,L067_S06_Q05,13,Q0007,F3,1,L067_S06_T022,0.36414082
L067,L067_S07,L067_S07_Q01,16,Q0012,F4,0,L067_S07_T002,0.28260885
L067,L067_S07,L067_S07_Q02,16,Q0017,F6,1,L067_S07_T007,0.28701197
L067,L067_S07,L067_S07_Q03,16,Q0003,F1,0,L067_S07_T012,0.4083804
L067,L067_S07,L067_S07_Q04,16,Q0008,F3,0,L067_S07_T017,0.47456728
L067,L067_S07,L067_S07_Q05,16,Q0014,F5,0,L067_S07_T022,0.28868573
L067,L067_S08,L067_S08_Q01,18,Q0011,F4,1,L067_S08_T002,0.30176865
L067,L067_S08,L067_S08_Q02,18,Q0015,F5,1,L067_S08_T007,0.30734747
L067,L067_S08,L067_S08_Q03,18,Q0014,F5,0,L067_S08_T012,0.45996863
L067,L067_S08,L067_S08_Q04,18,Q0005,F2,0,L067_S08_T017,0.34610822
L067,L067_S08,L067_S08_Q05,18,Q0019,F7,0,L067_S08_T022,0.32541877
L068,L068_S01,L068_S01_Q01,1,Q0002,F1,0,L068_S01_T002,0.29749524
L068,L068_S01,L068_S01_Q02,1,Q0006,F2,0,L068_S01_T007,0.30383346
L068,L068_S01,L068_S01_Q03,1,Q0024,F8,0,L068_S01_T012,0.26531463
L068,L068_S01,L068_S01_Q04,1,Q0014,F5,0,L068_S01_T017,0.19715769
L068,L068_S01,L068_S01_Q05,1,Q0022,F8,0,L068_S01_T022,0.3077804
L068,L068_S02,L068_S02_Q01,3,Q0013,F5,0,L068_S02_T002,0.2395529
L068,L068_S02,L068_S02_Q02,3,Q0008,F3,0,L068_S02_T007,0.17999665
L068,L068_S02,L068_S02_Q03,3,Q0020,F7,0,L068_S02_T012,0.18139784
L068,L068_S02,L068_S02_Q04,3,Q0021,F7,1,L068_S02_T017,0.22871411
L068,L068_S02,L068_S02_Q05,3,Q0017,F6,1,L068_S02_T022,0.28818801
L068,L068_S03,L068_S03_Q01,6,Q0007,F3,0,L068_S03_T002,0.22180124
L068,L068_S03,L068_S03_Q02,6,Q0009,F3,1,L068_S03_T007,0.26678214
L068,L068_S03,L068_S03_Q03,6,Q0010,F4,0,L068_S03_T012,0.26902801
L068,L068_S03,L068_S03_Q04,6,Q0017,F6,0,L068_S03_T017,0.48175886
L068,L068_S03,L068_S03_Q05,6,Q0011,F4,0,L068_S03_T022,0.31127914
L068,L068_S04,L068_S04_Q01,8,Q0020,F7,1,L068_S04_T002,0.43326053
L068,L068_S04,L068_S04_Q02,8,Q0003,F1,1,L068_S04_T007,0.31901542
L068,L068_S04,L068_S04_Q03,8,Q0005,F2,0,L068_S04_T012,0.32465018
L068,L068_S04,L068_S04_Q04,8,Q0007,F3,1,L068_S04_T017,0.4708056
L068,L068_S04,L068_S04_Q05,8,Q0013,F5,0,L068_S04_T022,0.27198199
L068,L068_S05,L068_S05_Q01,11,Q0007,F3,0,L068_S05_T002,0.60840541
L068,L068_S05,L068_S05_Q02,11,Q0009,F3,1,L068_S05_T007,0.63104009
L068,L068_S05,L068_S05_Q03,11,Q0003,F1,1,L068_S05_T012,0.50313788
L068,L068_S05,L068_S05_Q04,11,Q0015,F5,0,L068_S05_T017,0.30633812
L068,L068_S05,L068_S05_Q05,11,Q0005,F2,0,L068_S05_T022,0.35474155
L068,L068_S06,L068_S06_Q01,13,Q0010,F4,0,L068_S06_T002,0.33126948
L068,L068_S06,L068_S06_Q02,13,Q0005,F2,0,L068_S06_T007,0.38558366
L068,L068_S06,L068_S06_Q03,13,Q0024,F8,1,L068_S06_T012,0.31481805
L068,L068_S06,L068_S06_Q04,13,Q0015,F5,0,L068_S06_T017,0.34072888
L068,L068_S06,L068_S06_Q05,13,Q0010,F4,0,L068_S06_T022,0.36992298
L068,L068_S07,L068_S07_Q01,16,Q0002,F1,0,L068_S07_T002,0.62044188
L068,L068_S07,L068_S07_Q02,16,Q0019,F7,0,L068_S07_T007,0.55869202
L068,L068_S07,L068_S07_Q03,16,Q0016,F6,1,L068_S07_T012,0.47095308
L068,L068_S07,L068_S07_Q04,16,Q0023,F8,1,L068_S07_T017,0.50022698
L068,L068_S07,L068_S07_Q05,16,Q0015,F5,0,L068_S07_T022,0.36951828
L068,L068_S08,L068_S08_Q01,18,Q0023,F8,1,L068_S08_T002,0.63405063
L068,L068_S08,L068_S08_Q02,18,Q0011,F4,0,L068_S08_T007,0.38982277
L068,L068_S08,L068_S08_Q03,18,Q0010,F4,0,L068_S08_T012,0.42509181
L068,L068_S08,L068_S08_Q04,18,Q0020,F7,1,L068_S08_T017,0.57458169
L068,L068_S08,L068_S08_Q05,18,Q0018,F6,0,L068_S08_T022,0.61357976
L069,L069_S01,L069_S01_Q01,1,Q0006,F2,0,L069_S01_T002,0.11547797
L069,L069_S01,L069_S01_Q02,1,Q0015,F5,0,L069_S01_T007,0.23988841
L069,L069_S01,L069_S01_Q03,1,Q0019,F7,1,L069_S01_T012,0.32219712
L069,L069_S01,L069_S01_Q04,1,Q0001,F1,0,L069_S01_T017,0.2803135
L069,L069_S01,L069_S01_Q05,1,Q0009,F3,1,L069_S01_T022,0.23218609
L069,L069_S02,L069_S02_Q01,3,Q0003,F1,0,L069_S02_T002,0.31139933
L069,L069_S02,L069_S02_Q02,3,Q0005,F2,0,L069_S02_T007,0.15944476
L069,L069_S02,L069_S02_Q03,3,Q0006,F2,0,L069_S02_T012,0.20513569
L069,L069_S02,L069_S02_Q04,3,Q0019,F7,1,L069_S02_T017,0.49367908
L069,L069_S02,L069_S02_Q05,3,Q0013,F5,1,L069_S02_T022,0.27413322
L069,L069_S03,L069_S03_Q01,6,Q0011,F4,0,L069_S03_T002,0.16342201
L069,L069_S03,L069_S03_Q02,6,Q0006,F2,0,L069_S03_T007,0.23903205
L069,L069_S03,L069_S03_Q03,6,Q0007,F3,1,L069_S03_T012,0.41366751
L069,L069_S03,L069_S03_Q04,6,Q0017,F6,0,L069_S03_T017,0.32376871
L069,L069_S03,L069_S03_Q05,6,Q0022,F8,0,L069_S03_T022,0.30222543
L069,L069_S04,L069_S04_Q01,8,Q0018,F6,0,L069_S04_T002,0.35145876
L069,L069_S04,L069_S04_Q02,8,Q0022,F8,0,L069_S04_T007,0.33159896
L069,L069_S04,L069_S04_Q03,8,Q0010,F4,0,L069_S04_T012,0.20364224
L069,L069_S04,L069_S04_Q04,8,Q0010,F4,0,L069_S04_T017,0.24693069
L069,L069_S04,L069_S04_Q05,8,Q0010,F4,0,L069_S04_T022,0.28786606
L069,L069_S05,L069_S05_Q01,11,Q0004,F2,0,L069_S05_T002,0.26309555
L069,L069_S05,L069_S05_Q02,11,Q0015,F5,0,L069_S05_T007,0.42574518
L069,L069_S05,L069_S05_Q03,11,Q0005,F2,0,L069_S05_T012,0.30315223
L069,L069_S05,L069_S05_Q04,11,Q0001,F1,1,L069_S05_T017,0.31503514
L069,L069_S05,L069_S05_Q05,11,Q0015,F5,1,L069_S05_T022,0.45696054
L069,L069_S06,L069_S06_Q01,13,Q0007,F3,1,L069_S06_T002,0.52414532
L069,L069_S06,L069_S06_Q02,13,Q0017,F6,1,L069_S06_T007,0.36285102
L069,L069_S06,L069_S06_Q03,13,Q0020,F7,1,L069_S06_T012,0.5557908
L069,L069_S06,L069_S06_Q04,13,Q0012,F4,0,L069_S06_T017,0.30642564
L069,L069_S06,L069_S06_Q05,13,Q0008,F3,1,L069_S06_T022,0.65347796
L069,L069_S07,L069_S07_Q01,16,Q0017,F6,0,L069_S07_T002,0.51592527
L069,L069_S07,L069_S07_Q02,16,Q0010,F4,0,L069_S07_T007,0.33122493
L069,L069_S07,L069_S07_Q03,16,Q0005,F2,0,L069_S07_T012,0.31998896
L069,L069_S07,L069_S07_Q04,16,Q0022,F8,1,L069_S07_T017,0.33228617
L069,L069_S07,L069_S07_Q05,16,Q0020,F7,0,L069_S07_T022,0.65115824
L069,L069_S08,L069_S08_Q01,18,Q0001,F1,0,L069_S08_T002,0.45844724
L069,L069_S08,L069_S08_Q02,18,Q0005,F2,1,L069_S08_T007,0.34797438
L069,L069_S08,L069_S08_Q03,18,Q0022,F8,0,L069_S08_T012,0.50084122
L069,L069_S08,L069_S08_Q04,18,Q0023,F8,0,L069_S08_T017,0.52797451
L069,L069_S08,L069_S08_Q05,18,Q0010,F4,0,L069_S08_T022,0.35833232
L070,L070_S01,L070_S01_Q01,1,Q0008,F3,0,L070_S01_T002,0.1587815
L070,L070_S01,L070_S01_Q02,1,Q0011,F4,0,L070_S01_T007,0.24105842
L070,L070_S01,L070_S01_Q03,1,Q0018,F6,0,L070_S01_T012,0.2824191
L070,L070_S01,L070_S01_Q04,1,Q0024,F8,1,L070_S01_T017,0.22991499
L070,L070_S01,L070_S01_Q05,1,Q0021,F7,0,L070_S01_T022,0.33038719
L070,L070_S02,L070_S02_Q01,3,Q0013,F5,0,L070_S02_T002,0.29607532
L070,L070_S02,L070_S02_Q02,3,Q0018,F6,0,L070_S02_T007,0.30292518
L070,L070_S02,L070_S02_Q03,3,Q0011,F4,0,L070_S02_T012,0.26513452
L070,L070_S02,L070_S02_Q04,3,Q0002,F1,1,L070_S02_T017,0.25183387
L070,L070_S02,L070_S02_Q05,3,Q0005,F2,0,L070_S02_T022,0.30024485
L070,L070_S03,L070_S03_Q01,6,Q0007,F3,0,L070_S03_T002,0.178277
L070,L070_S03,L070_S03_Q02,6,Q0002,F1,1,L070_S03_T007,0.40073065
L070,L070_S03,L070_S03_Q03,6,Q0007,F3,0,L070_S03_T012,0.21675237
L070,L070_S03,L070_S03_Q04,6,Q0021,F7,1,L070_S03_T017,0.32542805
L070,L070_S03,L070_S03_Q05,6,Q0022,F8,0,L070_S03_T022,0.36902562
L070,L070_S04,L070_S04_Q01,8,Q0007,F3,1,L070_S04_T002,0.24292642
L070,L070_S04,L070_S04_Q02,8,Q0013,F5,0,L070_S04_T007,0.29600578
L070,L070_S04,L070_S04_Q03,8,Q0012,F4,0,L070_S04_T012,0.2694742
L070,L070_S04,L070_S04_Q04,8,Q0006,F2,1,L070_S04_T017,0.29958114
L070,L070_S04,L070_S04_Q05,8,Q0016,F6,0,L070_S04_T022,0.3018795
L070,L070_S05,L070_S05_Q01,11,Q0008,F3,0,L070_S05_T002,0.39432811
L070,L070_S05,L070_S05_Q02,11,Q0010,F4,0,L070_S05_T007,0.28500353
L070,L070_S05,L070_S05_Q03,11,Q0007,F3,0,L070_S05_T012,0.42268736
L070,L070_S05,L070_S05_Q04,11,Q0012,F4,1,L070_S05_T017,0.31848167
L070,L070_S05,L070_S05_Q05,11,Q0015,F5,0,L070_S05_T022,0.30873757
L070,L070_S06,L070_S06_Q01,13,Q0013,F5,1,L070_S06_T002,0.326972
L070,L070_S06,L070_S06_Q02,13,Q0019,F7,0,L070_S06_T007,0.41681878
L070,L070_S06,L070_S06_Q03,13,Q0017,F6,0,L070_S06_T012,0.30098285
L070,L070_S06,L070_S06_Q04,13,Q0013,F5,1,L070_S06_T017,0.48453726
L070,L070_S06,L070_S06_Q05,13,Q0001,F1,1,L070_S06_T022,0.46655301
L070,L070_S07,L070_S07_Q01,16,Q0011,F4,0,L070_S07_T002,0.43004848
L070,L070_S07,L070_S07_Q02,16,Q0023,F8,1,L070_S07_T007,0.32256725
L070,L070_S07,L070_S07_Q03,16,Q0018,F6,0,L070_S07_T012,0.31318984
L070,L070_S07,L070_S07_Q04,16,Q0024,F8,0,L070_S07_T017,0.48116373
L070,L070_S07,L070_S07_Q05,16,Q0018,F6,1,L070_S07_T022,0.34534822
L070,L070_S08,L070_S08_Q01,18,Q0001,F1,1,L070_S08_T002,0.53207033
L070,L070_S08,L070_S08_Q02,18,Q0004,F2,0,L070_S08_T007,0.37516395
L070,L070_S08,L070_S08_Q03,18,Q0017,F6,0,L070_S08_T012,0.47795321
L070,L070_S08,L070_S08_Q04,18,Q0005,F2,0,L070_S08_T017,0.40442052
L070,L070_S08,L070_S08_Q05,18,Q0020,F7,1,L070_S08_T022,0.39954272
L071,L071_S01,L071_S01_Q01,1,Q0010,F4,1,L071_S01_T002,0.25412009
L071,L071_S01,L071_S01_Q02,1,Q0015,F5,1,L071_S01_T007,0.23711864
L071,L071_S01,L071_S01_Q03,1,Q0003,F1,1,L071_S01_T012,0.25350707
L071,L071_S01,L071_S01_Q04,1,Q0005,F2,0,L071_S01_T017,0.13142003
L071,L071_S01,L071_S01_Q05,1,Q0019,F7,0,L071_S01_T022,0.27941752
L071,L071_S02,L071_S02_Q01,3,Q0004,F2,0,L071_S02_T002,0.15760886
L071,L071_S02,L071_S02_Q02,3,Q0006,F2,0,L071_S02_T007,0.18867109
L071,L071_S02,L071_S02_Q03,3,Q0014,F5,1,L071_S02_T012,0.36427499
L071,L071_S02,L071_S02_Q04,3,Q0008,F3,0,L071_S02_T017,0.30190914
L071,L071_S02,L071_S02_Q05,3,Q0016,F6,0,L071_S02_T022,0.31330037
L071,L071_S03,L071_S03_Q01,6,Q0004,F2,0,L071_S03_T002,0.2069798
L071,L071_S03,L071_S03_Q02,6,Q0020,F7,0,L071_S03_T007,0.27938791
L071,L071_S03,L071_S03_Q03,6,Q0006,F2,0,L071_S03_T012,0.23622153
L071,L071_S03,L071_S03_Q04,6,Q0017,F6,0,L071_S03_T017,0.3206391
L071,L071_S03,L071_S03_Q05,6,Q0024,F8,0,L071_S03_T022,0.30605794
L071,L071_S04,L071_S04_Q01,8,Q0001,F1,0,L071_S04_T002,0.34437657
L071,L071_S04,L071_S04_Q02,8,Q0006,F2,0,L071_S04_T007,0.25494
L071,L071_S04,L071_S04_Q03,8,Q0009,F3,0,L071_S04_T012,0.29916702
L071,L071_S04,L071_S04_Q04,8,Q0012,F4,0,L071_S04_T017,0.34481679
L071,L071_S04,L071_S04_Q05,8,Q0023,F8,0,L071_S04_T022,0.31979841
L071,L071_S05,L071_S05_Q01,11,Q0017,F6,0,L071_S05_T002,0.31563813
L071,L071_S05,L071_S05_Q02,11,Q0018,F6,0,L071_S05_T007,0.34087321
L071,L071_S05,L071_S05_Q03,11,Q0024,F8,0,L071_S05_T012,0.32656518
L071,L071_S05,L071_S05_Q04,11,Q0006,F2,0,L071_S05_T017,0.26741566
L071,L071_S05,L071_S05_Q05,11,Q0019,F7,0,L071_S05_T022,0.27936186
L071,L071_S06,L071_S06_Q01,13,Q0008,F3,0,L071_S06_T002,0.2967556
L071,L071_S06,L071_S06_Q02,13,Q0023,F8,0,L071_S06_T007,0.33884387
L071,L071_S06,L071_S06_Q03,13,Q0005,F2,0,L071_S06_T012,0.28391059
L071,L071_S06,L071_S06_Q04,13,Q0003,F1,0,L071_S06_T017,0.33651284
L071,L071_S06,L071_S06_Q05,13,Q0020,F7,1,L071_S06_T022,0.29500526
L071,L071_S07,L071_S07_Q01,16,Q0012,F4,0,L071_S07_T002,0.31900886
L071,L071_S07,L071_S07_Q02,16,Q0004,F2,0,L071_S07_T007,0.29383623
L071,L071_S07,L071_S07_Q03,16,Q0012,F4,0,L071_S07_T012,0.34411964
L071,L071_S07,L071_S07_Q04,16,Q0015,F5,0,L071_S07_T017,0.38009206
L071,L071_S07,L071_S07_Q05,16,Q0003,F1,0,L071_S07_T022,0.34180839
L071,L071_S08,L071_S08_Q01,18,Q0005,F2,0,L071_S08_T002,0.30844788
L071,L071_S08,L071_S08_Q02,18,Q0007,F3,0,L071_S08_T007,0.294635
L071,L071_S08,L071_S08_Q03,18,Q0019,F7,0,L071_S08_T012,0.38803977
L071,L071_S08,L071_S08_Q04,18,Q0008,F3,0,L071_S08_T017,0.32064455
L071,L071_S08,L071_S08_Q05,18,Q0015,F5,1,L071_S08_T022,0.3885553
L072,L072_S01,L072_S01_Q01,1,Q0008,F3,1,L072_S01_T002,0.10896258
L072,L072_S01,L072_S01_Q02,1,Q0015,F5,0,L072_S01_T007,0.22208546
L072,L072_S01,L072_S01_Q03,1,Q0020,F7,0,L072_S01_T012,0.2252116
L072,L072_S01,L072_S01_Q04,1,Q0023,F8,0,L072_S01_T017,0.27293205
L072,L072_S01,L072_S01_Q05,1,Q0011,F4,0,L072_S01_T022,0.13032882
L072,L072_S02,L072_S02_Q01,3,Q0024,F8,1,L072_S02_T002,0.29267616
L072,L072_S02,L072_S02_Q02,3,Q0013,F5,0,L072_S02_T007,0.24515446
L072,L072_S02,L072_S02_Q03,3,Q0010,F4,0,L072_S02_T012,0.15939783
L072,L072_S02,L072_S02_Q04,3,Q0017,F6,1,L072_S02_T017,0.32602879
L072,L072_S02,L072_S02_Q05,3,Q0012,F4,0,L072_S02_T022,0.1919007
L072,L072_S03,L072_S03_Q01,6,Q0018,F6,1,L072_S03_T002,0.43743271
L072,L072_S03,L072_S03_Q02,6,Q0009,F3,0,L072_S03_T007,0.26208842
L072,L072_S03,L072_S03_Q03,6,Q0006,F2,0,L072_S03_T012,0.21651434
L072,L072_S03,L072_S03_Q04,6,Q0011,F4,1,L072_S03_T017,0.2139068
L072,L072_S03,L072_S03_Q05,6,Q0019,F7,0,L072_S03_T022,0.23780391
L072,L072_S04,L072_S04_Q01,8,Q0001,F1,1,L072_S04_T002,0.19993175
L072,L072_S04,L072_S04_Q02,8,Q0006,F2,0,L072_S04_T007,0.23994764
L072,L072_S04,L072_S04_Q03,8,Q0001,F1,0,L072_S04_T012,0.35460964
L072,L072_S04,L072_S04_Q04,8,Q0014,F5,0,L072_S04_T017,0.2556709
L072,L072_S04,L072_S04_Q05,8,Q0006,F2,0,L072_S04_T022,0.26933595
L072,L072_S05,L072_S05_Q01,11,Q0019,F7,0,L072_S05_T002,0.24908547
L072,L072_S05,L072_S05_Q02,11,Q0018,F6,1,L072_S05_T007,0.50902261
L072,L072_S05,L072_S05_Q03,11,Q0009,F3,0,L072_S05_T012,0.2708422
L072,L072_S05,L072_S05_Q04,11,Q0024,F8,1,L072_S05_T017,0.38362757
L072,L072_S05,L072_S05_Q05,11,Q0006,F2,0,L072_S05_T022,0.2852655
L072,L072_S06,L072_S06_Q01,13,Q0010,F4,1,L072_S06_T002,0.33150335
L072,L072_S06,L072_S06_Q02,13,Q0007,F3,1,L072_S06_T007,0.29072297
L072,L072_S06,L072_S06_Q03,13,Q0002,F1,1,L072_S06_T012,0.35373283
L072,L072_S06,L072_S06_Q04,13,Q0024,F8,1,L072_S06_T017,0.48881416
L072,L072_S06,L072_S06_Q05,13,Q0005,F2,0,L072_S06_T022,0.30420312
L072,L072_S07,L072_S07_Q01,16,Q0020,F7,0,L072_S07_T002,0.25919274
L072,L072_S07,L072_S07_Q02,16,Q0015,F5,0,L072_S07_T007,0.2541158
L072,L072_S07,L072_S07_Q03,16,Q0001,F1,1,L072_S07_T012,0.45885533
L072,L072_S07,L072_S07_Q04,16,Q0007,F3,1,L072_S07_T017,0.4101319
L072,L072_S07,L072_S07_Q05,16,Q0015,F5,0,L072_S07_T022,0.28295629
L072,L072_S08,L072_S08_Q01,18,Q0017,F6,1,L072_S08_T002,0.5471952
L072,L072_S08,L072_S08_Q02,18,Q0020,F7,0,L072_S08_T007,0.27983527
L072,L072_S08,L072_S08_Q03,18,Q0015,F5,1,L072_S08_T012,0.30204491
L072,L072_S08,L072_S08_Q04,18,Q0012,F4,0,L072_S08_T017,0.42938803
L072,L072_S08,L072_S08_Q05,18,Q0019,F7,0,L072_S08_T022,0.30768128
L073,L073_S01,L073_S01_Q01,1,Q0021,F7,0,L073_S01_T002,0.14520144
L073,L073_S01,L073_S01_Q02,1,Q0014,F5,0,L073_S01_T007,0.11943104
L073,L073_S01,L073_S01_Q03,1,Q0015,F5,0,L073_S01_T012,0.17080142
L073,L073_S01,L073_S01_Q04,1,Q0001,F1,0,L073_S01_T017,0.11158768
L073,L073_S01,L073_S01_Q05,1,Q0004,F2,0,L073_S01_T022,0.11410437
L073,L073_S02,L073_S02_Q01,3,Q0019,F7,0,L073_S02_T002,0.18694508
L073,L073_S02,L073_S02_Q02,3,Q0012,F4,0,L073_S02_T007,0.14116852
L073,L073_S02,L073_S02_Q03,3,Q0010,F4,0,L073_S02_T012,0.19127078
L073,L073_S02,L073_S02_Q04,3,Q0003,F1,0,L073_S02_T017,0.1566104
L073,L073_S02,L073_S02_Q05,3,Q0018,F6,0,L073_S02_T022,0.15943635
L073,L073_S03,L073_S03_Q01,6,Q0004,F2,1,L073_S03_T002,0.14906104
L073,L073_S03,L073_S03_Q02,6,Q0008,F3,0,L073_S03_T007,0.21276418
L073,L073_S03,L073_S03_Q03,6,Q0002,F1,0,L073_S03_T012,0.19309049
L073,L073_S03,L073_S03_Q04,6,Q0023,F8,0,L073_S03_T017,0.28806392
L073,L073_S03,L073_S03_Q05,6,Q0005,F2,1,L073_S03_T022,0.39727017
L073,L073_S04,L073_S04_Q01,8,Q0009,F3,0,L073_S04_T002,0.24791694
L073,L073_S04,L073_S04_Q02,8,Q0017,F6,1,L073_S04_T007,0.18744214
L073,L073_S04,L073_S04_Q03,8,Q0022,F8,1,L073_S04_T012,0.31587104
L073,L073_S04,L073_S04_Q04,8,Q0002,F1,0,L073_S04_T017,0.23016245
L073,L073_S04,L073_S04_Q05,8,Q0016,F6,0,L073_S04_T022,0.42445594
L073,L073_S05,L073_S05_Q01,11,Q0001,F1,0,L073_S05_T002,0.25807061
L073,L073_S05,L073_S05_Q02,11,Q0006,F2,1,L073_S05_T007,0.51526723
L073,L073_S05,L073_S05_Q03,11,Q0017,F6,0,L073_S05_T012,0.42972069
L073,L073_S05,L073_S05_Q04,11,Q0013,F5,0,L073_S05_T017,0.17718468
L073,L073_S05,L073_S05_Q05,11,Q0009,F3,1,L073_S05_T022,0.27375595
L073,L073_S06,L073_S06_Q01,13,Q0010,F4,0,L073_S06_T002,0.19276709
L073,L073_S06,L073_S06_Q02,13,Q0002,F1,0,L073_S06_T007,0.28880364
L073,L073_S06,L073_S06_Q03,13,Q0021,F7,0,L073_S06_T012,0.18947413
L073,L073_S06,L073_S06_Q04,13,Q0014,F5,1,L073_S06_T017,0.21580829
L073,L073_S06,L073_S06_Q05,13,Q0019,F7,0,L073_S06_T022,0.23675835
L073,L073_S07,L073_S07_Q01,16,Q0017,F6,1,L073_S07_T002,0.41628305
L073,L073_S07,L073_S07_Q02,16,Q0010,F4,1,L073_S07_T007,0.22503339
L073,L073_S07,L073_S07_Q03,16,Q0020,F7,0,L073_S07_T012,0.2638978
L073,L073_S07,L073_S07_Q04,16,Q0012,F4,1,L073_S07_T017,0.45108226
L073,L073_S07,L073_S07_Q05,16,Q0009,F3,0,L073_S07_T022,0.43660634
L073,L073_S08,L073_S08_Q01,18,Q0020,F7,1,L073_S08_T002,0.29406238
L073,L073_S08,L073_S08_Q02,18,Q0004,F2,0,L073_S08_T007,0.56582749
L073,L073_S08,L073_S08_Q03,18,Q0015,F5,0,L073_S08_T012,0.39970197
L073,L073_S08,L073_S08_Q04,18,Q0023,F8,1,L073_S08_T017,0.41667701
L073,L073_S08,L073_S08_Q05,18,Q0022,F8,1,L073_S08_T022,0.58682563
L074,L074_S01,L074_S01_Q01,1,Q0021,F7,0,L074_S01_T002,0.14055449
L074,L074_S01,L074_S01_Q02,1,Q0001,F1,0,L074_S01_T007,0.22498301
L074,L074_S01,L074_S01_Q03,1,Q0021,F7,0,L074_S01_T012,0.18999145
L074,L074_S01,L074_S01_Q04,1,Q0010,F4,0,L074_S01_T017,0.11745562
L074,L074_S01,L074_S01_Q05,1,Q0013,F5,0,L074_S01_T022,0.23308578
L074,L074_S02,L074_S02_Q01,3,Q0009,F3,0,L074_S02_T002,0.19320406
L074,L074_S02,L074_S02_Q02,3,Q0017,F6,0,L074_S02_T007,0.32619141
L074,L074_S02,L074_S02_Q03,3,Q0006,F2,1,L074_S02_T012,0.13575932
L074,L074_S02,L074_S02_Q04,3,Q0009,F3,1,L074_S02_T017,0.23961251
L074,L074_S02,L074_S02_Q05,3,Q0022,F8,1,L074_S02_T022,0.27293172
L074,L074_S03,L074_S03_Q01,6,Q0010,F4,0,L074_S03_T002,0.15411807
L074,L074_S03,L074_S03_Q02,6,Q0003,F1,0,L074_S03_T007,0.24696404
L074,L074_S03,L074_S03_Q03,6,Q0011,F4,0,L074_S03_T012,0.20277482
L074,L074_S03,L074_S03_Q04,6,Q0018,F6,0,L074_S03_T017,0.34627185
L074,L074_S03,L074_S03_Q05,6,Q0024,F8,1,L074_S03_T022,0.4573723
L074,L074_S04,L074_S04_Q01,8,Q0004,F2,0,L074_S04_T002,0.35210266
L074,L074_S04,L074_S04_Q02,8,Q0020,F7,0,L074_S04_T007,0.20928996
L074,L074_S04,L074_S04_Q03,8,Q0012,F4,0,L074_S04_T012,0.24007525
L074,L074_S04,L074_S04_Q04,8,Q0006,F2,1,L074_S04_T017,0.38937095
L074,L074_S04,L074_S04_Q05,8,Q0014,F5,0,L074_S04_T022,0.24521962
L074,L074_S05,L074_S05_Q01,11,Q0021,F7,1,L074_S05_T002,0.2417337
L074,L074_S05,L074_S05_Q02,11,Q0002,F1,0,L074_S05_T007,0.26594386
L074,L074_S05,L074_S05_Q03,11,Q0004,F2,0,L074_S05_T012,0.53607706
L074,L074_S05,L074_S05_Q04,11,Q0024,F8,1,L074_S05_T017,0.5620084
L074,L074_S05,L074_S05_Q05,11,Q0010,F4,0,L074_S05_T022,0.26926319
L074,L074_S06,L074_S06_Q01,13,Q0009,F3,0,L074_S06_T002,0.38468218
L074,L074_S06,L074_S06_Q02,13,Q0009,F3,0,L074_S06_T007,0.42007644
L074,L074_S06,L074_S06_Q03,13,Q0010,F4,1,L074_S06_T012,0.3005823
L074,L074_S06,L074_S06_Q04,13,Q0017,F6,0,L074_S06_T017,0.33958789
L074,L074_S06,L074_S06_Q05,13,Q0022,F8,0,L074_S06_T022,0.66429998
L074,L074_S07,L074_S07_Q01,16,Q0016,F6,0,L074_S07_T002,0.35825153
L074,L074_S07,L074_S07_Q02,16,Q0006,F2,1,L074_S07_T007,0.51558237
L074,L074_S07,L074_S07_Q03,16,Q0013,F5,0,L074_S07_T012,0.25090356
L074,L074_S07,L074_S07_Q04,16,Q0002,F1,1,L074_S07_T017,0.28233223
L074,L074_S07,L074_S07_Q05,16,Q0003,F1,0,L074_S07_T022,0.48874036
L074,L074_S08,L074_S08_Q01,18,Q0012,F4,0,L074_S08_T002,0.45967695
L074,L074_S08,L074_S08_Q02,18,Q0019,F7,1,L074_S08_T007,0.40676919
L074,L074_S08,L074_S08_Q03,18,Q0001,F1,0,L074_S08_T012,0.50031523
L074,L074_S08,L074_S08_Q04,18,Q0015,F5,0,L074_S08_T017,0.28387432
L074,L074_S08,L074_S08_Q05,18,Q0013,F5,0,L074_S08_T022,0.32506724
L075,L075_S01,L075_S01_Q01,1,Q0008,F3,1,L075_S01_T002,0.27167155
L075,L075_S01,L075_S01_Q02,1,Q0014,F5,1,L075_S01_T007,0.20152206
L075,L075_S01,L075_S01_Q03,1,Q0016,F6,0,L075_S01_T012,0.11050667
L075,L075_S01,L075_S01_Q04,1,Q0005,F2,1,L075_S01_T017,0.32102443
L075,L075_S01,L075_S01_Q05,1,Q0008,F3,0,L075_S01_T022,0.47042161
L075,L075_S02,L075_S02_Q01,3,Q0001,F1,1,L075_S02_T002,0.22386225
L075,L075_S02,L075_S02_Q02,3,Q0018,F6,0,L075_S02_T007,0.15596741
L075,L075_S02,L075_S02_Q03,3,Q0024,F8,0,L075_S02_T012,0.28289408
L075,L075_S02,L075_S02_Q04,3,Q0019,F7,1,L075_S02_T017,0.16734825
L075,L075_S02,L075_S02_Q05,3,Q0022,F8,1,L075_S02_T022,0.3220316
L075,L075_S03,L075_S03_Q01,6,Q0011,F4,0,L075_S03_T002,0.15934695
L075,L075_S03,L075_S03_Q02,6,Q0016,F6,0,L075_S03_T007,0.19618253
L075,L075_S03,L075_S03_Q03,6,Q0013,F5,1,L075_S03_T012,0.39937114
L075,L075_S03,L075_S03_Q04,6,Q0005,F2,0,L075_S03_T017,0.48211055
L075,L075_S03,L075_S03_Q05,6,Q0012,F4,1,L075_S03_T022,0.2052273
L075,L075_S04,L075_S04_Q01,8,Q0019,F7,1,L075_S04_T002,0.37571035
L075,L075_S04,L075_S04_Q02,8,Q0016,F6,1,L075_S04_T007,0.23539617
L075,L075_S04,L075_S04_Q03,8,Q0001,F1,1,L075_S04_T012,0.41483874
L075,L075_S04,L075_S04_Q04,8,Q0010,F4,0,L075_S04_T017,0.41392129
L075,L075_S04,L075_S04_Q05,8,Q0010,F4,1,L075_S04_T022,0.44590773
L075,L075_S05,L075_S05_Q01,11,Q0020,F7,0,L075_S05_T002,0.53025874
L075,L075_S05,L075_S05_Q02,11,Q0016,F6,1,L075_S05_T007,0.43118826
L075,L075_S05,L075_S05_Q03,11,Q0009,F3,0,L075_S05_T012,0.45273964
L075,L075_S05,L075_S05_Q04,11,Q0024,F8,1,L075_S05_T017,0.46882855
L075,L075_S05,L075_S05_Q05,11,Q0014,F5,1,L075_S05_T022,0.53635516
L075,L075_S06,L075_S06_Q01,13,Q0009,F3,0,L075_S06_T002,0.47324627
L075,L075_S06,L075_S06_Q02,13,Q0010,F4,0,L075_S06_T007,0.56857551
L075,L075_S06,L075_S06_Q03,13,Q0016,F6,1,L075_S06_T012,0.5750339
L075,L075_S06,L075_S06_Q04,13,Q0006,F2,0,L075_S06_T017,0.47655798
L075,L075_S06,L075_S06_Q05,13,Q0022,F8,0,L075_S06_T022,0.60187184
L075,L075_S07,L075_S07_Q01,16,Q0022,F8,0,L075_S07_T002,0.60554464
L075,L075_S07,L075_S07_Q02,16,Q0005,F2,1,L075_S07_T007,0.49050038
L075,L075_S07,L075_S07_Q03,16,Q0005,F2,1,L075_S07_T012,0.62953528
L075,L075_S07,L075_S07_Q04,16,Q0012,F4,0,L075_S07_T017,0.57497698
L075,L075_S07,L075_S07_Q05,16,Q0002,F1,0,L075_S07_T022,0.53122458
L075,L075_S08,L075_S08_Q01,18,Q0009,F3,1,L075_S08_T002,0.47800472
L075,L075_S08,L075_S08_Q02,18,Q0014,F5,1,L075_S08_T007,0.61895479
L075,L075_S08,L075_S08_Q03,18,Q0020,F7,0,L075_S08_T012,0.51906221
L075,L075_S08,L075_S08_Q04,18,Q0021,F7,1,L075_S08_T017,0.54531037
L075,L075_S08,L075_S08_Q05,18,Q0003,F1,1,L075_S08_T022,0.54600844
L076,L076_S01,L076_S01_Q01,1,Q0007,F3,0,L076_S01_T002,0.29980646
L076,L076_S01,L076_S01_Q02,1,Q0020,F7,0,L076_S01_T007,0.19312881
L076,L076_S01,L076_S01_Q03,1,Q0016,F6,0,L076_S01_T012,0.1959927
L076,L076_S01,L076_S01_Q04,1,Q0010,F4,1,L076_S01_T017,0.29130913
L076,L076_S01,L076_S01_Q05,1,Q0017,F6,0,L076_S01_T022,0.23115078
L076,L076_S02,L076_S02_Q01,3,Q0004,F2,0,L076_S02_T002,0.1476734
L076,L076_S02,L076_S02_Q02,3,Q0012,F4,0,L076_S02_T007,0.4362299
L076,L076_S02,L076_S02_Q03,3,Q0013,F5,1,L076_S02_T012,0.26217748
L076,L076_S02,L076_S02_Q04,3,Q0001,F1,0,L076_S02_T017,0.19252705
L076,L076_S02,L076_S02_Q05,3,Q0006,F2,0,L076_S02_T022,0.18494442
L076,L076_S03,L076_S03_Q01,6,Q0024,F8,1,L076_S03_T002,0.18338059
L076,L076_S03,L076_S03_Q02,6,Q0004,F2,1,L076_S03_T007,0.21319128
L076,L076_S03,L076_S03_Q03,6,Q0013,F5,1,L076_S03_T012,0.40930084
L076,L076_S03,L076_S03_Q04,6,Q0020,F7,0,L076_S03_T017,0.21579408
L076,L076_S03,L076_S03_Q05,6,Q0022,F8,0,L076_S03_T022,0.36192856
L076,L076_S04,L076_S04_Q01,8,Q0004,F2,0,L076_S04_T002,0.37656374
L076,L076_S04,L076_S04_Q02,8,Q0008,F3,0,L076_S04_T007,0.30515557
L076,L076_S04,L076_S04_Q03,8,Q0021,F7,1,L076_S04_T012,0.24446574
L076,L076_S04,L076_S04_Q04,8,Q0023,F8,0,L076_S04_T017,0.3810693
L076,L076_S04,L076_S04_Q05,8,Q0002,F1,0,L076_S04_T022,0.21525042
L076,L076_S05,L076_S05_Q01,11,Q0012,F4,1,L076_S05_T002,0.42082647
L076,L076_S05,L076_S05_Q02,11,Q0013,F5,0,L076_S05_T007,0.5087075
L076,L076_S05,L076_S05_Q03,11,Q0005,F2,0,L076_S05_T012,0.39028889
L076,L076_S05,L076_S05_Q04,11,Q0002,F1,0,L076_S05_T017,0.24120057
L076,L076_S05,L076_S05_Q05,11,Q0003,F1,1,L076_S05_T022,0.27438177
L076,L076_S06,L076_S06_Q01,13,Q0023,F8,0,L076_S06_T002,0.38558792
L076,L076_S06,L076_S06_Q02,13,Q0008,F3,0,L076_S06_T007,0.31700406
L076,L076_S06,L076_S06_Q03,13,Q0010,F4,1,L076_S06_T012,0.53515481
L076,L076_S06,L076_S06_Q04,13,Q0005,F2,0,L076_S06_T017,0.40757997
L076,L076_S06,L076_S06_Q05,13,Q0019,F7,0,L076_S06_T022,0.38702737
L076,L076_S07,L076_S07_Q01,16,Q0017,F6,0,L076_S07_T002,0.22327098
L076,L076_S07,L076_S07_Q02,16,Q0018,F6,0,L076_S07_T007,0.25723622
L076,L076_S07,L076_S07_Q03,16,Q0018,F6,1,L076_S07_T012,0.28971621
L076,L076_S07,L076_S07_Q04,16,Q0007,F3,0,L076_S07_T017,0.33524289
L076,L076_S07,L076_S07_Q05,16,Q0019,F7,0,L076_S07_T022,0.39995955
L076,L076_S08,L076_S08_Q01,18,Q0008,F3,0,L076_S08_T002,0.35612408
L076,L076_S08,L076_S08_Q02,18,Q0017,F6,0,L076_S08_T007,0.43501323
L076,L076_S08,L076_S08_Q03,18,Q0024,F8,0,L076_S08_T012,0.38967023
L076,L076_S08,L076_S08_Q04,18,Q0008,F3,1,L076_S08_T017,0.38427985
L076,L076_S08,L076_S08_Q05,18,Q0014,F5,1,L076_S08_T022,0.48964451
L077,L077_S01,L077_S01_Q01,1,Q0015,F5,0,L077_S01_T002,0.17932195
L077,L077_S01,L077_S01_Q02,1,Q0019,F7,0,L077_S01_T007,0.19473582
L077,L077_S01,L077_S01_Q03,1,Q0024,F8,0,L077_S01_T012,0.23864798
L077,L077_S01,L077_S01_Q04,1,Q0019,F7,1,L077_S01_T017,0.24072338
L077,L077_S01,L077_S01_Q05,1,Q0016,F6,0,L077_S01_T022,0.33528552
L077,L077_S02,L077_S02_Q01,3,Q0009,F3,0,L077_S02_T002,0.19112224
L077,L077_S02,L077_S02_Q02,3,Q0016,F6,0,L077_S02_T007,0.3602109
L077,L077_S02,L077_S02_Q03,3,Q0002,F1,0,L077_S02_T012,0.29448219
L077,L077_S02,L077_S02_Q04,3,Q0003,F1,0,L077_S02_T017,0.33477336
L077,L077_S02,L077_S02_Q05,3,Q0012,F4,0,L077_S02_T022,0.21072882
L077,L077_S03,L077_S03_Q01,6,Q0007,F3,0,L077_S03_T002,0.224993
L077,L077_S03,L077_S03_Q02,6,Q0015,F5,0,L077_S03_T007,0.20695494
L077,L077_S03,L077_S03_Q03,6,Q0015,F5,1,L077_S03_T012,0.25224468
L077,L077_S03,L077_S03_Q04,6,Q0022,F8,0,L077_S03_T017,0.25813606
L077,L077_S03,L077_S03_Q05,6,Q0005,F2,0,L077_S03_T022,0.25119394
L077,L077_S04,L077_S04_Q01,8,Q0012,F4,0,L077_S04_T002,0.23404993
L077,L077_S04,L077_S04_Q02,8,Q0008,F3,0,L077_S04_T007,0.25984901
L077,L077_S04,L077_S04_Q03,8,Q0006,F2,0,L077_S04_T012,0.28369084
L077,L077_S04,L077_S04_Q04,8,Q0019,F7,1,L077_S04_T017,0.40400178
L077,L077_S04,L077_S04_Q05,8,Q0010,F4,0,L077_S04_T022,0.27779231
L077,L077_S05,L077_S05_Q01,11,Q0017,F6,1,L077_S05_T002,0.34415946
L077,L077_S05,L077_S05_Q02,11,Q0015,F5,0,L077_S05_T007,0.42615357
L077,L077_S05,L077_S05_Q03,11,Q0024,F8,0,L077_S05_T012,0.2749486
L077,L077_S05,L077_S05_Q04,11,Q0011,F4,0,L077_S05_T017,0.30246995
L077,L077_S05,L077_S05_Q05,11,Q0019,F7,1,L077_S05_T022,0.54436926
L077,L077_S06,L077_S06_Q01,13,Q0002,F1,1,L077_S06_T002,0.31206073
L077,L077_S06,L077_S06_Q02,13,Q0009,F3,0,L077_S06_T007,0.27642638
L077,L077_S06,L077_S06_Q03,13,Q0012,F4,0,L077_S06_T012,0.33035001
L077,L077_S06,L077_S06_Q04,13,Q0004,F2,1,L077_S06_T017,0.29699495
L077,L077_S06,L077_S06_Q05,13,Q0022,F8,0,L077_S06_T022,0.30530665
L077,L077_S07,L077_S07_Q01,16,Q0020,F7,0,L077_S07_T002,0.61711553
L077,L077_S07,L077_S07_Q02,16,Q0001,F1,0,L077_S07_T007,0.48209235
L077,L077_S07,L077_S07_Q03,16,Q0007,F3,1,L077_S07_T012,0.3012489
L077,L077_S07,L077_S07_Q04,16,Q0022,F8,0,L077_S07_T017,0.32706584
L077,L077_S07,L077_S07_Q05,16,Q0016,F6,0,L077_S07_T022,0.4862383
L077,L077_S08,L077_S08_Q01,18,Q0024,F8,1,L077_S08_T002,0.35273131
L077,L077_S08,L077_S08_Q02,18,Q0014,F5,0,L077_S08_T007,0.40523397
L077,L077_S08,L077_S08_Q03,18,Q0024,F8,0,L077_S08_T012,0.53755454
L077,L077_S08,L077_S08_Q04,18,Q0012,F4,1,L077_S08_T017,0.33724825
L077,L077_S08,L077_S08_Q05,18,Q0004,F2,1,L077_S08_T022,0.45540684
L078,L078_S01,L078_S01_Q01,1,Q0008,F3,0,L078_S01_T002,0.30592917
L078,L078_S01,L078_S01_Q02,1,Q0019,F7,0,L078_S01_T007,0.11478487
L078,L078_S01,L078_S01_Q03,1,Q0005,F2,1,L078_S01_T012,0.23963684
L078,L078_S01,L078_S01_Q04,1,Q0013,F5,1,L078_S01_T017,0.23443203
L078,L078_S01,L078_S01_Q05,1,Q0014,F5,0,L078_S01_T022,0.40385505
L078,L078_S02,L078_S02_Q01,3,Q0012,F4,0,L078_S02_T002,0.13478477
L078,L078_S02,L078_S02_Q02,3,Q0020,F7,0,L078_S02_T007,0.14883033
L078,L078_S02,L078_S02_Q03,3,Q0018,F6,0,L078_S02_T012,0.28182526
L078,L078_S02,L078_S02_Q04,3,Q0018,F6,1,L078_S02_T017,0.3136122
L078,L078_S02,L078_S02_Q05,3,Q0009,F3,0,L078_S02_T022,0.32542184
L078,L078_S03,L078_S03_Q01,6,Q0012,F4,0,L078_S03_T002,0.16449398
L078,L078_S03,L078_S03_Q02,6,Q0001,F1,0,L078_S03_T007,0.17576223
L078,L078_S03,L078_S03_Q03,6,Q0004,F2,0,L078_S03_T012,0.37474412
L078,L078_S03,L078_S03_Q04,6,Q0019,F7,0,L078_S03_T017,0.17725197
L078,L078_S03,L078_S03_Q05,6,Q0019,F7,1,L078_S03_T022,0.21366741
L078,L078_S04,L078_S04_Q01,8,Q0012,F4,1,L078_S04_T002,0.19475484
L078,L078_S04,L078_S04_Q02,8,Q0024,F8,0,L078_S04_T007,0.27795017
L078,L078_S04,L078_S04_Q03,8,Q0021,F7,0,L078_S04_T012,0.37475621
L078,L078_S04,L078_S04_Q04,8,Q0003,F1,0,L078_S04_T017,0.20516518
L078,L078_S04,L078_S04_Q05,8,Q0023,F8,0,L078_S04_T022,0.30990863
L078,L078_S05,L078_S05_Q01,11,Q0005,F2,0,L078_S05_T002,0.36970083
L078,L078_S05,L078_S05_Q02,11,Q0002,F1,0,L078_S05_T007,0.22842252
L078,L078_S05,L078_S05_Q03,11,Q0015,F5,0,L078_S05_T012,0.36312558
L078,L078_S05,L078_S05_Q04,11,Q0014,F5,1,L078_S05_T017,0.39131411
L078,L078_S05,L078_S05_Q05,11,Q0005,F2,1,L078_S05_T022,0.39759834
L078,L078_S06,L078_S06_Q01,13,Q0021,F7,0,L078_S06_T002,0.36971145
L078,L078_S06,L078_S06_Q02,13,Q0009,F3,0,L078_S06_T007,0.2998575
L078,L078_S06,L078_S06_Q03,13,Q0009,F3,0,L078_S06_T012,0.33084633
L078,L078_S06,L078_S06_Q04,13,Q0001,F1,0,L078_S06_T017,0.25381617
L078,L078_S06,L078_S06_Q05,13,Q0018,F6,0,L078_S06_T022,0.3928949
L078,L078_S07,L078_S07_Q01,16,Q0022,F8,0,L078_S07_T002,0.29725747
L078,L078_S07,L078_S07_Q02,16,Q0012,F4,0,L078_S07_T007,0.32563924
L078,L078_S07,L078_S07_Q03,16,Q0003,F1,0,L078_S07_T012,0.27261361
L078,L078_S07,L078_S07_Q04,16,Q0012,F4,0,L078_S07_T017,0.35548695
L078,L078_S07,L078_S07_Q05,16,Q0003,F1,0,L078_S07_T022,0.30480827
L078,L078_S08,L078_S08_Q01,18,Q0019,F7,0,L078_S08_T002,0.36528197
L078,L078_S08,L078_S08_Q02,18,Q0024,F8,1,L078_S08_T007,0.31741036
L078,L078_S08,L078_S08_Q03,18,Q0018,F6,1,L078_S08_T012,0.38563786
L078,L078_S08,L078_S08_Q04,18,Q0002,F1,0,L078_S08_T017,0.32438628
L078,L078_S08,L078_S08_Q05,18,Q0008,F3,1,L078_S08_T022,0.33115702
L079,L079_S01,L079_S01_Q01,1,Q0010,F4,0,L079_S01_T002,0.27336012
L079,L079_S01,L079_S01_Q02,1,Q0006,F2,0,L079_S01_T007,0.256557
L079,L079_S01,L079_S01_Q03,1,Q0023,F8,0,L079_S01_T012,0.11494468
L079,L079_S01,L079_S01_Q04,1,Q0008,F3,0,L079_S01_T017,0.13133879
L079,L079_S01,L079_S01_Q05,1,Q0016,F6,0,L079_S01_T022,0.15981204
L079,L079_S02,L079_S02_Q01,3,Q0007,F3,1,L079_S02_T002,0.16736213
L079,L079_S02,L079_S02_Q02,3,Q0011,F4,0,L079_S02_T007,0.29954981
L079,L079_S02,L079_S02_Q03,3,Q0004,F2,0,L079_S02_T012,0.28391015
L079,L079_S02,L079_S02_Q04,3,Q0016,F6,0,L079_S02_T017,0.19386387
L079,L079_S02,L079_S02_Q05,3,Q0024,F8,0,L079_S02_T022,0.15210316
L079,L079_S03,L079_S03_Q01,6,Q0015,F5,0,L079_S03_T002,0.32302715
L079,L079_S03,L079_S03_Q02,6,Q0002,F1,1,L079_S03_T007,0.21198703
L079,L079_S03,L079_S03_Q03,6,Q0022,F8,1,L079_S03_T012,0.18442323
L079,L079_S03,L079_S03_Q04,6,Q0020,F7,0,L079_S03_T017,0.26454089
L079,L079_S03,L079_S03_Q05,6,Q0013,F5,1,L079_S03_T022,0.35432537
L079,L079_S04,L079_S04_Q01,8,Q0016,F6,0,L079_S04_T002,0.21744553
L079,L079_S04,L079_S04_Q02,8,Q0024,F8,0,L079_S04_T007,0.36395755
L079,L079_S04,L079_S04_Q03,8,Q0003,F1,0,L079_S04_T012,0.38463838
L079,L079_S04,L079_S04_Q04,8,Q0008,F3,1,L079_S04_T017,0.33852709
L079,L079_S04,L079_S04_Q05,8,Q0021,F7,0,L079_S04_T022,0.29134122
L079,L079_S05,L079_S05_Q01,11,Q0007,F3,1,L079_S05_T002,0.47376027
L079,L079_S05,L079_S05_Q02,11,Q0016,F6,0,L079_S05_T007,0.2445032
L079,L079_S05,L079_S05_Q03,11,Q0016,F6,0,L079_S05_T012,0.2794318
L079,L079_S05,L079_S05_Q04,11,Q0022,F8,0,L079_S05_T017,0.37921577
L079,L079_S05,L079_S05_Q05,11,Q0006,F2,0,L079_S05_T022,0.28751601
L079,L079_S06,L079_S06_Q01,13,Q0018,F6,0,L079_S06_T002,0.30520107
L079,L079_S06,L079_S06_Q02,13,Q0010,F4,0,L079_S06_T007,0.2937823
L079,L079_S06,L079_S06_Q03,13,Q0001,F1,0,L079_S06_T012,0.38862438
L079,L079_S06,L079_S06_Q04,13,Q0014,F5,0,L079_S06_T017,0.46232991
L079,L079_S06,L079_S06_Q05,13,Q0011,F4,0,L079_S06_T022,0.32643259
L079,L079_S07,L079_S07_Q01,16,Q0014,F5,1,L079_S07_T002,0.46966564
L079,L079_S07,L079_S07_Q02,16,Q0005,F2,0,L079_S07_T007,0.30147806
L079,L079_S07,L079_S07_Q03,16,Q0010,F4,0,L079_S07_T012,0.34471291
L079,L079_S07,L079_S07_Q04,16,Q0020,F7,0,L079_S07_T017,0.29394398
L079,L079_S07,L079_S07_Q05,16,Q0024,F8,0,L079_S07_T022,0.38375876
L079,L079_S08,L079_S08_Q01,18,Q0016,F6,0,L079_S08_T002,0.31734658
L079,L079_S08,L079_S08_Q02,18,Q0020,F7,1,L079_S08_T007,0.31870842
L079,L079_S08,L079_S08_Q03,18,Q0020,F7,0,L079_S08_T012,0.47619787
L079,L079_S08,L079_S08_Q04,18,Q0009,F3,1,L079_S08_T017,0.54663381
L079,L079_S08,L079_S08_Q05,18,Q0003,F1,1,L079_S08_T022,0.39220096
L080,L080_S01,L080_S01_Q01,1,Q0022,F8,0,L080_S01_T002,0.1761104
L080,L080_S01,L080_S01_Q02,1,Q0014,F5,1,L080_S01_T007,0.21599128
L080,L080_S01,L080_S01_Q03,1,Q0020,F7,0,L080_S01_T012,0.26488288
L080,L080_S01,L080_S01_Q04,1,Q0017,F6,0,L080_S01_T017,0.32483379
L080,L080_S01,L080_S01_Q05,1,Q0023,F8,0,L080_S01_T022,0.20817425
L080,L080_S02,L080_S02_Q01,3,Q0013,F5,0,L080_S02_T002,0.35574559
L080,L080_S02,L080_S02_Q02,3,Q0023,F8,1,L080_S02_T007,0.23068697
L080,L080_S02,L080_S02_Q03,3,Q0001,F1,0,L080_S02_T012,0.330868
L080,L080_S02,L080_S02_Q04,3,Q0022,F8,0,L080_S02_T017,0.38038628
L080,L080_S02,L080_S02_Q05,3,Q0012,F4,0,L080_S02_T022,0.32669579
L080,L080_S03,L080_S03_Q01,6,Q0024,F8,0,L080_S03_T002,0.38360393
L080,L080_S03,L080_S03_Q02,6,Q0008,F3,0,L080_S03_T007,0.27311201
L080,L080_S03,L080_S03_Q03,6,Q0005,F2,0,L080_S03_T012,0.28279946
L080,L080_S03,L080_S03_Q04,6,Q0020,F7,1,L080_S03_T017,0.2686602
L080,L080_S03,L080_S03_Q05,6,Q0016,F6,0,L080_S03_T022,0.32140305
L080,L080_S04,L080_S04_Q01,8,Q0004,F2,0,L080_S04_T002,0.29991613
L080,L080_S04,L080_S04_Q02,8,Q0007,F3,1,L080_S04_T007,0.29092916
L080,L080_S04,L080_S04_Q03,8,Q0021,F7,0,L080_S04_T012,0.39669195
L080,L080_S04,L080_S04_Q04,8,Q0003,F1,0,L080_S04_T017,0.32671175
L080,L080_S04,L080_S04_Q05,8,Q0011,F4,0,L080_S04_T022,0.32304117
L080,L080_S05,L080_S05_Q01,11,Q0016,F6,0,L080_S05_T002,0.31838479
L080,L080_S05,L080_S05_Q02,11,Q0011,F4,1,L080_S05_T007,0.33133769
L080,L080_S05,L080_S05_Q03,11,Q0009,F3,0,L080_S05_T012,0.40674899
L080,L080_S05,L080_S05_Q04,11,Q0021,F7,0,L080_S05_T017,0.39846546
L080,L080_S05,L080_S05_Q05,11,Q0004,F2,0,L080_S05_T022,0.31026075
L080,L080_S06,L080_S06_Q01,13,Q0013,F5,0,L080_S06_T002,0.31910409
L080,L080_S06,L080_S06_Q02,13,Q0001,F1,0,L080_S06_T007,0.32305522
L080,L080_S06,L080_S06_Q03,13,Q0021,F7,1,L080_S06_T012,0.40721847
L080,L080_S06,L080_S06_Q04,13,Q0007,F3,0,L080_S06_T017,0.41490303
L080,L080_S06,L080_S06_Q05,13,Q0022,F8,1,L080_S06_T022,0.36014416
L080,L080_S07,L080_S07_Q01,16,Q0004,F2,0,L080_S07_T002,0.30858217
L080,L080_S07,L080_S07_Q02,16,Q0018,F6,0,L080_S07_T007,0.31572943
L080,L080_S07,L080_S07_Q03,16,Q0002,F1,1,L080_S07_T012,0.33135049
L080,L080_S07,L080_S07_Q04,16,Q0005,F2,1,L080_S07_T017,0.33549053
L080,L080_S07,L080_S07_Q05,16,Q0014,F5,0,L080_S07_T022,0.3277493
L080,L080_S08,L080_S08_Q01,18,Q0005,F2,0,L080_S08_T002,0.44864779
L080,L080_S08,L080_S08_Q02,18,Q0011,F4,0,L080_S08_T007,0.40773329
L080,L080_S08,L080_S08_Q03,18,Q0013,F5,0,L080_S08_T012,0.3416157
L080,L080_S08,L080_S08_Q04,18,Q0023,F8,0,L080_S08_T017,0.44364721
L080,L080_S08,L080_S08_Q05,18,Q0018,F6,0,L080_S08_T022,0.33046497
L081,L081_S01,L081_S01_Q01,1,Q0013,F5,1,L081_S01_T002,0.1640879
L081,L081_S01,L081_S01_Q02,1,Q0008,F3,0,L081_S01_T007,0.12213824
L081,L081_S01,L081_S01_Q03,1,Q0017,F6,0,L081_S01_T012,0.18815181
L081,L081_S01,L081_S01_Q04,1,Q0023,F8,0,L081_S01_T017,0.11459405
L081,L081_S01,L081_S01_Q05,1,Q0002,F1,1,L081_S01_T022,0.16532893
L081,L081_S02,L081_S02_Q01,3,Q0021,F7,0,L081_S02_T002,0.23158209
L081,L081_S02,L081_S02_Q02,3,Q0010,F4,0,L081_S02_T007,0.14659053
L081,L081_S02,L081_S02_Q03,3,Q0001,F1,0,L081_S02_T012,0.35572986
L081,L081_S02,L081_S02_Q04,3,Q0015,F5,0,L081_S02_T017,0.35483358
L081,L081_S02,L081_S02_Q05,3,Q0022,F8,0,L081_S02_T022,0.15169143
L081,L081_S03,L081_S03_Q01,6,Q0004,F2,1,L081_S03_T002,0.23453926
L081,L081_S03,L081_S03_Q02,6,Q0007,F3,0,L081_S03_T007,0.14880599
L081,L081_S03,L081_S03_Q03,6,Q0010,F4,0,L081_S03_T012,0.1770593
L081,L081_S03,L081_S03_Q04,6,Q0022,F8,0,L081_S03_T017,0.18161018
L081,L081_S03,L081_S03_Q05,6,Q0010,F4,0,L081_S03_T022,0.21763899
L081,L081_S04,L081_S04_Q01,8,Q0012,F4,0,L081_S04_T002,0.24559278
L081,L081_S04,L081_S04_Q02,8,Q0006,F2,0,L081_S04_T007,0.40571376
L081,L081_S04,L081_S04_Q03,8,Q0017,F6,0,L081_S04_T012,0.19674742
L081,L081_S04,L081_S04_Q04,8,Q0020,F7,0,L081_S04_T017,0.24239963
L081,L081_S04,L081_S04_Q05,8,Q0007,F3,0,L081_S04_T022,0.18286761
L081,L081_S05,L081_S05_Q01,11,Q0024,F8,0,L081_S05_T002,0.1996649
L081,L081_S05,L081_S05_Q02,11,Q0017,F6,0,L081_S05_T007,0.22180786
L081,L081_S05,L081_S05_Q03,11,Q0024,F8,0,L081_S05_T012,0.23912989
L081,L081_S05,L081_S05_Q04,11,Q0007,F3,0,L081_S05_T017,0.20942469
L081,L081_S05,L081_S05_Q05,11,Q0020,F7,0,L081_S05_T022,0.26253748
L081,L081_S06,L081_S06_Q01,13,Q0002,F1,1,L081_S06_T002,0.3135476
L081,L081_S06,L081_S06_Q02,13,Q0005,F2,1,L081_S06_T007,0.39131269
L081,L081_S06,L081_S06_Q03,13,Q0003,F1,0,L081_S06_T012,0.48279443
L081,L081_S06,L081_S06_Q04,13,Q0006,F2,1,L081_S06_T017,0.54138631
L081,L081_S06,L081_S06_Q05,13,Q0008,F3,0,L081_S06_T022,0.23810737
L081,L081_S07,L081_S07_Q01,16,Q0017,F6,0,L081_S07_T002,0.23404096
L081,L081_S07,L081_S07_Q02,16,Q0021,F7,0,L081_S07_T007,0.26887191
L081,L081_S07,L081_S07_Q03,16,Q0010,F4,1,L081_S07_T012,0.23872333
L081,L081_S07,L081_S07_Q04,16,Q0009,F3,0,L081_S07_T017,0.25870804
L081,L081_S07,L081_S07_Q05,16,Q0007,F3,0,L081_S07_T022,0.29526158
L081,L081_S08,L081_S08_Q01,18,Q0023,F8,0,L081_S08_T002,0.23853479
L081,L081_S08,L081_S08_Q02,18,Q0011,F4,0,L081_S08_T007,0.40873551
L081,L081_S08,L081_S08_Q03,18,Q0015,F5,0,L081_S08_T012,0.28142572
L081,L081_S08,L081_S08_Q04,18,Q0023,F8,0,L081_S08_T017,0.27608308
L081,L081_S08,L081_S08_Q05,18,Q0014,F5,0,L081_S08_T022,0.31685904
L082,L082_S01,L082_S01_Q01,1,Q0010,F4,0,L082_S01_T002,0.16134309
L082,L082_S01,L082_S01_Q02,1,Q0004,F2,0,L082_S01_T007,0.17331972
L082,L082_S01,L082_S01_Q03,1,Q0014,F5,0,L082_S01_T012,0.1243261
L082,L082_S01,L082_S01_Q04,1,Q0001,F1,0,L082_S01_T017,0.14713936
L082,L082_S01,L082_S01_Q05,1,Q0007,F3,0,L082_S01_T022,0.25220077
L082,L082_S02,L082_S02_Q01,3,Q0024,F8,0,L082_S02_T002,0.17771288
L082,L082_S02,L082_S02_Q02,3,Q0001,F1,0,L082_S02_T007,0.18803791
L082,L082_S02,L082_S02_Q03,3,Q0015,F5,1,L082_S02_T012,0.16714633
L082,L082_S02,L082_S02_Q04,3,Q0007,F3,0,L082_S02_T017,0.28424947
L082,L082_S02,L082_S02_Q05,3,Q0010,F4,0,L082_S02_T022,0.20104519
L082,L082_S03,L082_S03_Q01,6,Q0019,F7,0,L082_S03_T002,0.28041382
L082,L082_S03,L082_S03_Q02,6,Q0006,F2,0,L082_S03_T007,0.20224927
L082,L082_S03,L082_S03_Q03,6,Q0014,F5,0,L082_S03_T012,0.37791414
L082,L082_S03,L082_S03_Q04,6,Q0023,F8,0,L082_S03_T017,0.21266749
L082,L082_S03,L082_S03_Q05,6,Q0022,F8,0,L082_S03_T022,0.25596645
L082,L082_S04,L082_S04_Q01,8,Q0017,F6,1,L082_S04_T002,0.26850513
L082,L082_S04,L082_S04_Q02,8,Q0005,F2,0,L082_S04_T007,0.23850563
L082,L082_S04,L082_S04_Q03,8,Q0016,F6,0,L082_S04_T012,0.46964609
L082,L082_S04,L082_S04_Q04,8,Q0001,F1,0,L082_S04_T017,0.21510695
L082,L082_S04,L082_S04_Q05,8,Q0019,F7,0,L082_S04_T022,0.31008599
L082,L082_S05,L082_S05_Q01,11,Q0006,F2,0,L082_S05_T002,0.26747129
L082,L082_S05,L082_S05_Q02,11,Q0019,F7,0,L082_S05_T007,0.33199996
L082,L082_S05,L082_S05_Q03,11,Q0001,F1,0,L082_S05_T012,0.24637772
L082,L082_S05,L082_S05_Q04,11,Q0022,F8,1,L082_S05_T017,0.27444877
L082,L082_S05,L082_S05_Q05,11,Q0010,F4,1,L082_S05_T022,0.21604052
L082,L082_S06,L082_S06_Q01,13,Q0002,F1,0,L082_S06_T002,0.27891692
L082,L082_S06,L082_S06_Q02,13,Q0005,F2,0,L082_S06_T007,0.29823368
L082,L082_S06,L082_S06_Q03,13,Q0009,F3,1,L082_S06_T012,0.27654943
L082,L082_S06,L082_S06_Q04,13,Q0003,F1,0,L082_S06_T017,0.31857252
L082,L082_S06,L082_S06_Q05,13,Q0008,F3,1,L082_S06_T022,0.47547843
L082,L082_S07,L082_S07_Q01,16,Q0006,F2,1,L082_S07_T002,0.32131527
L082,L082_S07,L082_S07_Q02,16,Q0015,F5,0,L082_S07_T007,0.35219064
L082,L082_S07,L082_S07_Q03,16,Q0018,F6,1,L082_S07_T012,0.43988197
L082,L082_S07,L082_S07_Q04,16,Q0024,F8,0,L082_S07_T017,0.43813875
L082,L082_S07,L082_S07_Q05,16,Q0019,F7,1,L082_S07_T022,0.34087102
L082,L082_S08,L082_S08_Q01,18,Q0015,F5,0,L082_S08_T002,0.37581669
L082,L082_S08,L082_S08_Q02,18,Q0002,F1,1,L082_S08_T007,0.32914092
L082,L082_S08,L082_S08_Q03,18,Q0012,F4,1,L082_S08_T012,0.38664568
L082,L082_S08,L082_S08_Q04,18,Q0017,F6,1,L082_S08_T017,0.57552247
L082,L082_S08,L082_S08_Q05,18,Q0010,F4,0,L082_S08_T022,0.55530124
L083,L083_S01,L083_S01_Q01,1,Q0006,F2,0,L083_S01_T002,0.11459112
L083,L083_S01,L083_S01_Q02,1,Q0005,F2,0,L083_S01_T007,0.16488491
L083,L083_S01,L083_S01_Q03,1,Q0024,F8,0,L083_S01_T012,0.29181555
L083,L083_S01,L083_S01_Q04,1,Q0013,F5,0,L083_S01_T017,0.26660151
L083,L083_S01,L083_S01_Q05,1,Q0024,F8,0,L083_S01_T022,0.33204247
L083,L083_S02,L083_S02_Q01,3,Q0009,F3,0,L083_S02_T002,0.16953892
L083,L083_S02,L083_S02_Q02,3,Q0010,F4,0,L083_S02_T007,0.25511099
L083,L083_S02,L083_S02_Q03,3,Q0005,F2,0,L083_S02_T012,0.20754557
L083,L083_S02,L083_S02_Q04,3,Q0004,F2,1,L083_S02_T017,0.25255928
L083,L083_S02,L083_S02_Q05,3,Q0008,F3,1,L083_S02_T022,0.21671152
L083,L083_S03,L083_S03_Q01,6,Q0018,F6,0,L083_S03_T002,0.25902245
L083,L083_S03,L083_S03_Q02,6,Q0003,F1,0,L083_S03_T007,0.24070488
L083,L083_S03,L083_S03_Q03,6,Q0003,F1,0,L083_S03_T012,0.28383504
L083,L083_S03,L083_S03_Q04,6,Q0021,F7,0,L083_S03_T017,0.29075136
L083,L083_S03,L083_S03_Q05,6,Q0004,F2,0,L083_S03_T022,0.44924648
L083,L083_S04,L083_S04_Q01,8,Q0011,F4,0,L083_S04_T002,0.2809773
L083,L083_S04,L083_S04_Q02,8,Q0019,F7,1,L083_S04_T007,0.32359185
L083,L083_S04,L083_S04_Q03,8,Q0014,F5,1,L083_S04_T012,0.28466482
L083,L083_S04,L083_S04_Q04,8,Q0007,F3,0,L083_S04_T017,0.41489317
L083,L083_S04,L083_S04_Q05,8,Q0016,F6,1,L083_S04_T022,0.29433845
L083,L083_S05,L083_S05_Q01,11,Q0023,F8,0,L083_S05_T002,0.33020012
L083,L083_S05,L083_S05_Q02,11,Q0002,F1,0,L083_S05_T007,0.30657171
L083,L083_S05,L083_S05_Q03,11,Q0018,F6,1,L083_S05_T012,0.47815609
L083,L083_S05,L083_S05_Q04,11,Q0021,F7,0,L083_S05_T017,0.49839834
L083,L083_S05,L083_S05_Q05,11,Q0013,F5,1,L083_S05_T022,0.4714623
L083,L083_S06,L083_S06_Q01,13,Q0006,F2,0,L083_S06_T002,0.44374858
L083,L083_S06,L083_S06_Q02,13,Q0016,F6,1,L083_S06_T007,0.61227686
L083,L083_S06,L083_S06_Q03,13,Q0011,F4,0,L083_S06_T012,0.30402533
L083,L083_S06,L083_S06_Q04,13,Q0003,F1,1,L083_S06_T017,0.33817789
L083,L083_S06,L083_S06_Q05,13,Q0003,F1,0,L083_S06_T022,0.52614494
L083,L083_S07,L083_S07_Q01,16,Q0012,F4,0,L083_S07_T002,0.33203136
L083,L083_S07,L083_S07_Q02,16,Q0014,F5,1,L083_S07_T007,0.58720563
L083,L083_S07,L083_S07_Q03,16,Q0006,F2,1,L083_S07_T012,0.45939612
L083,L083_S07,L083_S07_Q04,16,Q0007,F3,0,L083_S07_T017,0.40914575
L083,L083_S07,L083_S07_Q05,16,Q0008,F3,0,L083_S07_T022,0.44270798
L083,L083_S08,L083_S08_Q01,18,Q0024,F8,0,L083_S08_T002,0.34005921
L083,L083_S08,L083_S08_Q02,18,Q0020,F7,0,L083_S08_T007,0.48655985
L083,L083_S08,L083_S08_Q03,18,Q0010,F4,1,L083_S08_T012,0.36165116
L083,L083_S08,L083_S08_Q04,18,Q0024,F8,0,L083_S08_T017,0.37754575
L083,L083_S08,L083_S08_Q05,18,Q0010,F4,0,L083_S08_T022,0.54295147
L084,L084_S01,L084_S01_Q01,1,Q0011,F4,1,L084_S01_T002,0.33966884
L084,L084_S01,L084_S01_Q02,1,Q0007,F3,0,L084_S01_T007,0.12333372
L084,L084_S01,L084_S01_Q03,1,Q0007,F3,1,L084_S01_T012,0.15998793
L084,L084_S01,L084_S01_Q04,1,Q0016,F6,0,L084_S01_T017,0.12151483
L084,L084_S01,L084_S01_Q05,1,Q0013,F5,1,L084_S01_T022,0.13424709
L084,L084_S02,L084_S02_Q01,3,Q0003,F1,0,L084_S02_T002,0.23145739
L084,L084_S02,L084_S02_Q02,3,Q0011,F4,0,L084_S02_T007,0.46151674
L084,L084_S02,L084_S02_Q03,3,Q0004,F2,0,L084_S02_T012,0.09997402
L084,L084_S02,L084_S02_Q04,3,Q0019,F7,0,L084_S02_T017,0.2506857
L084,L084_S02,L084_S02_Q05,3,Q0005,F2,0,L084_S02_T022,0.13760492
L084,L084_S03,L084_S03_Q01,6,Q0016,F6,0,L084_S03_T002,0.14517065
L084,L084_S03,L084_S03_Q02,6,Q0002,F1,0,L084_S03_T007,0.25029921
L084,L084_S03,L084_S03_Q03,6,Q0004,F2,1,L084_S03_T012,0.16490546
L084,L084_S03,L084_S03_Q04,6,Q0019,F7,0,L084_S03_T017,0.26779451
L084,L084_S03,L084_S03_Q05,6,Q0024,F8,0,L084_S03_T022,0.21811956
L084,L084_S04,L084_S04_Q01,8,Q0017,F6,0,L084_S04_T002,0.17477786
L084,L084_S04,L084_S04_Q02,8,Q0004,F2,0,L084_S04_T007,0.32797519
L084,L084_S04,L084_S04_Q03,8,Q0023,F8,0,L084_S04_T012,0.24230673
L084,L084_S04,L084_S04_Q04,8,Q0013,F5,1,L084_S04_T017,0.27938605
L084,L084_S04,L084_S04_Q05,8,Q0017,F6,0,L084_S04_T022,0.20928115
L084,L084_S05,L084_S05_Q01,11,Q0018,F6,0,L084_S05_T002,0.23012166
L084,L084_S05,L084_S05_Q02,11,Q0017,F6,0,L084_S05_T007,0.26231097
L084,L084_S05,L084_S05_Q03,11,Q0005,F2,0,L084_S05_T012,0.33811807
L084,L084_S05,L084_S05_Q04,11,Q0023,F8,1,L084_S05_T017,0.26017072
L084,L084_S05,L084_S05_Q05,11,Q0001,F1,0,L084_S05_T022,0.25837497
L084,L084_S06,L084_S06_Q01,13,Q0015,F5,0,L084_S06_T002,0.39450365
L084,L084_S06,L084_S06_Q02,13,Q0005,F2,1,L084_S06_T007,0.35338945
L084,L084_S06,L084_S06_Q03,13,Q0020,F7,1,L084_S06_T012,0.26447186
L084,L084_S06,L084_S06_Q04,13,Q0015,F5,0,L084_S06_T017,0.41982
L084,L084_S06,L084_S06_Q05,13,Q0022,F8,0,L084_S06_T022,0.40077002
L084,L084_S07,L084_S07_Q01,16,Q0008,F3,1,L084_S07_T002,0.25909727
L084,L084_S07,L084_S07_Q02,16,Q0001,F1,0,L084_S07_T007,0.26547374
L084,L084_S07,L084_S07_Q03,16,Q0010,F4,1,L084_S07_T012,0.38681175
L084,L084_S07,L084_S07_Q04,16,Q0009,F3,1,L084_S07_T017,0.41398635
L084,L084_S07,L084_S07_Q05,16,Q0020,F7,0,L084_S07_T022,0.39714762
L084,L084_S08,L084_S08_Q01,18,Q0012,F4,1,L084_S08_T002,0.49753995
L084,L084_S08,L084_S08_Q02,18,Q0018,F6,0,L084_S08_T007,0.25981514
L084,L084_S08,L084_S08_Q03,18,Q0016,F6,0,L084_S08_T012,0.29076294
L084,L084_S08,L084_S08_Q04,18,Q0001,F1,0,L084_S08_T017,0.28614253
L084,L084_S08,L084_S08_Q05,18,Q0008,F3,1,L084_S08_T022,0.51830481
L085,L085_S01,L085_S01_Q01,1,Q0002,F1,1,L085_S01_T002,0.1300554
L085,L085_S01,L085_S01_Q02,1,Q0020,F7,0,L085_S01_T007,0.26955163
L085,L085_S01,L085_S01_Q03,1,Q0015,F5,0,L085_S01_T012,0.16876975
L085,L085_S01,L085_S01_Q04,1,Q0012,F4,0,L085_S01_T017,0.20835059
L085,L085_S01,L085_S01_Q05,1,Q0009,F3,0,L085_S01_T022,0.13874021
L085,L085_S02,L085_S02_Q01,3,Q0007,F3,0,L085_S02_T002,0.1730494
L085,L085_S02,L085_S02_Q02,3,Q0002,F1,0,L085_S02_T007,0.3264556
L085,L085_S02,L085_S02_Q03,3,Q0022,F8,0,L085_S02_T012,0.22967825
L085,L085_S02,L085_S02_Q04,3,Q0024,F8,1,L085_S02_T017,0.26690188
L085,L085_S02,L085_S02_Q05,3,Q0007,F3,0,L085_S02_T022,0.21300946
L085,L085_S03,L085_S03_Q01,6,Q0015,F5,0,L085_S03_T002,0.18840842
L085,L085_S03,L085_S03_Q02,6,Q0018,F6,0,L085_S03_T007,0.27688237
L085,L085_S03,L085_S03_Q03,6,Q0016,F6,0,L085_S03_T012,0.31182499
L085,L085_S03,L085_S03_Q04,6,Q0008,F3,1,L085_S03_T017,0.23593473
L085,L085_S03,L085_S03_Q05,6,Q0004,F2,0,L085_S03_T022,0.29450953
L085,L085_S04,L085_S04_Q01,8,Q0003,F1,1,L085_S04_T002,0.32373043
L085,L085_S04,L085_S04_Q02,8,Q0004,F2,0,L085_S04_T007,0.31528431
L085,L085_S04,L085_S04_Q03,8,Q0013,F5,0,L085_S04_T012,0.21840206
L085,L085_S04,L085_S04_Q04,8,Q0010,F4,0,L085_S04_T017,0.21336423
L085,L085_S04,L085_S04_Q05,8,Q0020,F7,1,L085_S04_T022,0.26375707
L085,L085_S05,L085_S05_Q01,11,Q0005,F2,1,L085_S05_T002,0.32741138
L085,L085_S05,L085_S05_Q02,11,Q0012,F4,1,L085_S05_T007,0.23625205
L085,L085_S05,L085_S05_Q03,11,Q0011,F4,0,L085_S05_T012,0.42078187
L085,L085_S05,L085_S05_Q04,11,Q0007,F3,0,L085_S05_T017,0.37922271
L085,L085_S05,L085_S05_Q05,11,Q0013,F5,0,L085_S05_T022,0.24075798
L085,L085_S06,L085_S06_Q01,13,Q0016,F6,0,L085_S06_T002,0.29856489
L085,L085_S06,L085_S06_Q02,13,Q0017,F6,0,L085_S06_T007,0.33245976
L085,L085_S06,L085_S06_Q03,13,Q0013,F5,0,L085_S06_T012,0.2662031
L085,L085_S06,L085_S06_Q04,13,Q0002,F1,1,L085_S06_T017,0.43926414
L085,L085_S06,L085_S06_Q05,13,Q0014,F5,1,L085_S06_T022,0.30166176
L085,L085_S07,L085_S07_Q01,16,Q0024,F8,0,L085_S07_T002,0.33933741
L085,L085_S07,L085_S07_Q02,16,Q0007,F3,0,L085_S07_T007,0.36901382
L085,L085_S07,L085_S07_Q03,16,Q0021,F7,1,L085_S07_T012,0.37428893
L085,L085_S07,L085_S07_Q04,16,Q0001,F1,0,L085_S07_T017,0.54016436
L085,L085_S07,L085_S07_Q05,16,Q0016,F6,1,L085_S07_T022,0.34277345
L085,L085_S08,L085_S08_Q01,18,Q0005,F2,0,L085_S08_T002,0.4238789
L085,L085_S08,L085_S08_Q02,18,Q0011,F4,0,L085_S08_T007,0.38827981
L085,L085_S08,L085_S08_Q03,18,Q0014,F5,0,L085_S08_T012,0.42417189
L085,L085_S08,L085_S08_Q04,18,Q0020,F7,0,L085_S08_T017,0.50417371
L085,L085_S08,L085_S08_Q05,18,Q0024,F8,0,L085_S08_T022,0.3562172
L086,L086_S01,L086_S01_Q01,1,Q0023,F8,0,L086_S01_T002,0.31061837
L086,L086_S01,L086_S01_Q02,1,Q0022,F8,1,L086_S01_T007,0.3414812
L086,L086_S01,L086_S01_Q03,1,Q0013,F5,0,L086_S01_T012,0.24305069
L086,L086_S01,L086_S01_Q04,1,Q0010,F4,0,L086_S01_T017,0.28921023
L086,L086_S01,L086_S01_Q05,1,Q0006,F2,1,L086_S01_T022,0.27453002
L086,L086_S02,L086_S02_Q01,3,Q0008,F3,0,L086_S02_T002,0.31360215
L086,L086_S02,L086_S02_Q02,3,Q0002,F1,0,L086_S02_T007,0.10194846
L086,L086_S02,L086_S02_Q03,3,Q0004,F2,1,L086_S02_T012,0.42501193
L086,L086_S02,L086_S02_Q04,3,Q0011,F4,0,L086_S02_T017,0.31228024
L086,L086_S02,L086_S02_Q05,3,Q0021,F7,0,L086_S02_T022,0.25738072
L086,L086_S03,L086_S03_Q01,6,Q0014,F5,1,L086_S03_T002,0.25844937
L086,L086_S03,L086_S03_Q02,6,Q0017,F6,0,L086_S03_T007,0.30012323
L086,L086_S03,L086_S03_Q03,6,Q0009,F3,0,L086_S03_T012,0.33034821
L086,L086_S03,L086_S03_Q04,6,Q0002,F1,0,L086_S03_T017,0.13638041
L086,L086_S03,L086_S03_Q05,6,Q0003,F1,0,L086_S03_T022,0.17504367
L086,L086_S04,L086_S04_Q01,8,Q0001,F1,1,L086_S04_T002,0.2061976
L086,L086_S04,L086_S04_Q02,8,Q0020,F7,1,L086_S04_T007,0.27122398
L086,L086_S04,L086_S04_Q03,8,Q0020,F7,0,L086_S04_T012,0.43435632
L086,L086_S04,L086_S04_Q04,8,Q0016,F6,1,L086_S04_T017,0.32242051
L086,L086_S04,L086_S04_Q05,8,Q0002,F1,0,L086_S04_T022,0.38388573
L086,L086_S05,L086_S05_Q01,11,Q0006,F2,0,L086_S05_T002,0.49576692
L086,L086_S05,L086_S05_Q02,11,Q0010,F4,0,L086_S05_T007,0.30716279
L086,L086_S05,L086_S05_Q03,11,Q0020,F7,0,L086_S05_T012,0.4410121
L086,L086_S05,L086_S05_Q04,11,Q0020,F7,1,L086_S05_T017,0.46603735
L086,L086_S05,L086_S05_Q05,11,Q0012,F4,0,L086_S05_T022,0.33818032
L086,L086_S06,L086_S06_Q01,13,Q0002,F1,0,L086_S06_T002,0.38399783
L086,L086_S06,L086_S06_Q02,13,Q0009,F3,0,L086_S06_T007,0.32710473
L086,L086_S06,L086_S06_Q03,13,Q0009,F3,0,L086_S06_T012,0.35722948
L086,L086_S06,L086_S06_Q04,13,Q0008,F3,1,L086_S06_T017,0.38600558
L086,L086_S06,L086_S06_Q05,13,Q0017,F6,1,L086_S06_T022,0.44244122
L086,L086_S07,L086_S07_Q01,16,Q0003,F1,0,L086_S07_T002,0.39486159
L086,L086_S07,L086_S07_Q02,16,Q0009,F3,1,L086_S07_T007,0.5021878
L086,L086_S07,L086_S07_Q03,16,Q0011,F4,0,L086_S07_T012,0.3432534
L086,L086_S07,L086_S07_Q04,16,Q0016,F6,0,L086_S07_T017,0.54421182
L086,L086_S07,L086_S07_Q05,16,Q0022,F8,0,L086_S07_T022,0.39736081
L086,L086_S08,L086_S08_Q01,18,Q0015,F5,0,L086_S08_T002,0.35958279
L086,L086_S08,L086_S08_Q02,18,Q0006,F2,0,L086_S08_T007,0.47054867
L086,L086_S08,L086_S08_Q03,18,Q0011,F4,0,L086_S08_T012,0.36249671
L086,L086_S08,L086_S08_Q04,18,Q0024,F8,0,L086_S08_T017,0.41277287
L086,L086_S08,L086_S08_Q05,18,Q0015,F5,0,L086_S08_T022,0.38825353
L087,L087_S01,L087_S01_Q01,1,Q0024,F8,1,L087_S01_T002,0.33130602
L087,L087_S01,L087_S01_Q02,1,Q0012,F4,0,L087_S01_T007,0.21495833
L087,L087_S01,L087_S01_Q03,1,Q0005,F2,0,L087_S01_T012,0.11227239
L087,L087_S01,L087_S01_Q04,1,Q0005,F2,0,L087_S01_T017,0.14494326
L087,L087_S01,L087_S01_Q05,1,Q0018,F6,1,L087_S01_T022,0.33176861
L087,L087_S02,L087_S02_Q01,3,Q0004,F2,1,L087_S02_T002,0.16990896
L087,L087_S02,L087_S02_Q02,3,Q0001,F1,0,L087_S02_T007,0.17997537
L087,L087_S02,L087_S02_Q03,3,Q0017,F6,1,L087_S02_T012,0.43797048
L087,L087_S02,L087_S02_Q04,3,Q0001,F1,1,L087_S02_T017,0.21015458
L087,L087_S02,L087_S02_Q05,3,Q0015,F5,0,L087_S02_T022,0.20531942
L087,L087_S03,L087_S03_Q01,6,Q0021,F7,0,L087_S03_T002,0.28852041
L087,L087_S03,L087_S03_Q02,6,Q0003,F1,1,L087_S03_T007,0.33602329
L087,L087_S03,L087_S03_Q03,6,Q0011,F4,0,L087_S03_T012,0.22199583
L087,L087_S03,L087_S03_Q04,6,Q0009,F3,0,L087_S03_T017,0.18582933
L087,L087_S03,L087_S03_Q05,6,Q0020,F7,0,L087_S03_T022,0.31470485
L087,L087_S04,L087_S04_Q01,8,Q0008,F3,0,L087_S04_T002,0.20783865
L087,L087_S04,L087_S04_Q02,8,Q0014,F5,0,L087_S04_T007,0.21354372
L087,L087_S04,L087_S04_Q03,8,Q0023,F8,0,L087_S04_T012,0.39838789
L087,L087_S04,L087_S04_Q04,8,Q0007,F3,1,L087_S04_T017,0.23699242
L087,L087_S04,L087_S04_Q05,8,Q0004,F2,1,L087_S04_T022,0.2937403
L087,L087_S05,L087_S05_Q01,11,Q0010,F4,0,L087_S05_T002,0.22816683
L087,L087_S05,L087_S05_Q02,11,Q0001,F1,0,L087_S05_T007,0.41713932
L087,L087_S05,L087_S05_Q03,11,Q0021,F7,0,L087_S05_T012,0.30946095
L087,L087_S05,L087_S05_Q04,11,Q0016,F6,0,L087_S05_T017,0.46587218
L087,L087_S05,L087_S05_Q05,11,Q0005,F2,0,L087_S05_T022,0.40049184
L087,L087_S06,L087_S06_Q01,13,Q0016,F6,0,L087_S06_T002,0.46763227
L087,L087_S06,L087_S06_Q02,13,Q0015,F5,1,L087_S06_T007,0.2207554
L087,L087_S06,L087_S06_Q03,13,Q0023,F8,0,L087_S06_T012,0.38284042
L087,L087_S06,L087_S06_Q04,13,Q0014,F5,0,L087_S06_T017,0.36414735
L087,L087_S06,L087_S06_Q05,13,Q0007,F3,1,L087_S06_T022,0.34357364
L087,L087_S07,L087_S07_Q01,16,Q0012,F4,0,L087_S07_T002,0.23357802
L087,L087_S07,L087_S07_Q02,16,Q0023,F8,1,L087_S07_T007,0.38333763
L087,L087_S07,L087_S07_Q03,16,Q0006,F2,0,L087_S07_T012,0.38468533
L087,L087_S07,L087_S07_Q04,16,Q0011,F4,0,L087_S07_T017,0.2617845
L087,L087_S07,L087_S07_Q05,16,Q0012,F4,0,L087_S07_T022,0.2889529
L087,L087_S08,L087_S08_Q01,18,Q0009,F3,0,L087_S08_T002,0.42274814
L087,L087_S08,L087_S08_Q02,18,Q0010,F4,0,L087_S08_T007,0.30350561
L087,L087_S08,L087_S08_Q03,18,Q0002,F1,1,L087_S08_T012,0.38456492
L087,L087_S08,L087_S08_Q04,18,Q0019,F7,0,L087_S08_T017,0.29362504
L087,L087_S08,L087_S08_Q05,18,Q0013,F5,0,L087_S08_T022,0.35281579
L088,L088_S01,L088_S01_Q01,1,Q0006,F2,0,L088_S01_T002,0.26670891
L088,L088_S01,L088_S01_Q02,1,Q0017,F6,1,L088_S01_T007,0.3304189
L088,L088_S01,L088_S01_Q03,1,Q0005,F2,0,L088_S01_T012,0.30437869
L088,L088_S01,L088_S01_Q04,1,Q0017,F6,1,L088_S01_T017,0.50240363
L088,L088_S01,L088_S01_Q05,1,Q0020,F7,0,L088_S01_T022,0.1501538
L088,L088_S02,L088_S02_Q01,3,Q0002,F1,1,L088_S02_T002,0.18136319
L088,L088_S02,L088_S02_Q02,3,Q0010,F4,0,L088_S02_T007,0.34119087
L088,L088_S02,L088_S02_Q03,3,Q0023,F8,0,L088_S02_T012,0.10562277
L088,L088_S02,L088_S02_Q04,3,Q0007,F3,0,L088_S02_T017,0.13036526
L088,L088_S02,L088_S02_Q05,3,Q0015,F5,0,L088_S02_T022,0.27710127
L088,L088_S03,L088_S03_Q01,6,Q0023,F8,0,L088_S03_T002,0.14776351
L088,L088_S03,L088_S03_Q02,6,Q0009,F3,0,L088_S03_T007,0.17064586
L088,L088_S03,L088_S03_Q03,6,Q0020,F7,0,L088_S03_T012,0.18577175
L088,L088_S03,L088_S03_Q04,6,Q0009,F3,0,L088_S03_T017,0.21325048
L088,L088_S03,L088_S03_Q05,6,Q0003,F1,1,L088_S03_T022,0.38180397
L088,L088_S04,L088_S04_Q01,8,Q0012,F4,0,L088_S04_T002,0.35947787
L088,L088_S04,L088_S04_Q02,8,Q0022,F8,0,L088_S04_T007,0.18832505
L088,L088_S04,L088_S04_Q03,8,Q0007,F3,1,L088_S04_T012,0.24940402
L088,L088_S04,L088_S04_Q04,8,Q0021,F7,0,L088_S04_T017,0.22377491
L088,L088_S04,L088_S04_Q05,8,Q0015,F5,0,L088_S04_T022,0.3012025
L088,L088_S05,L088_S05_Q01,11,Q0022,F8,0,L088_S05_T002,0.22424821
L088,L088_S05,L088_S05_Q02,11,Q0003,F1,1,L088_S05_T007,0.51816633
L088,L088_S05,L088_S05_Q03,11,Q0018,F6,1,L088_S05_T012,0.57901469
L088,L088_S05,L088_S05_Q04,11,Q0004,F2,1,L088_S05_T017,0.31248246
L088,L088_S05,L088_S05_Q05,11,Q0023,F8,0,L088_S05_T022,0.26409923
L088,L088_S06,L088_S06_Q01,13,Q0003,F1,1,L088_S06_T002,0.63114082
L088,L088_S06,L088_S06_Q02,13,Q0021,F7,1,L088_S06_T007,0.25271393
L088,L088_S06,L088_S06_Q03,13,Q0018,F6,1,L088_S06_T012,0.67560019
L088,L088_S06,L088_S06_Q04,13,Q0006,F2,1,L088_S06_T017,0.48085617
L088,L088_S06,L088_S06_Q05,13,Q0023,F8,0,L088_S06_T022,0.2968301
L088,L088_S07,L088_S07_Q01,16,Q0019,F7,0,L088_S07_T002,0.43349713
L088,L088_S07,L088_S07_Q02,16,Q0011,F4,1,L088_S07_T007,0.36666604
L088,L088_S07,L088_S07_Q03,16,Q0010,F4,0,L088_S07_T012,0.52934055
L088,L088_S07,L088_S07_Q04,16,Q0009,F3,0,L088_S07_T017,0.41321695
L088,L088_S07,L088_S07_Q05,16,Q0014,F5,1,L088_S07_T022,0.31500739
L088,L088_S08,L088_S08_Q01,18,Q0021,F7,0,L088_S08_T002,0.45482566
L088,L088_S08,L088_S08_Q02,18,Q0022,F8,0,L088_S08_T007,0.31914152
L088,L088_S08,L088_S08_Q03,18,Q0023,F8,0,L088_S08_T012,0.35411779
L088,L088_S08,L088_S08_Q04,18,Q0015,F5,0,L088_S08_T017,0.48270103
L088,L088_S08,L088_S08_Q05,18,Q0008,F3,0,L088_S08_T022,0.43591056
L089,L089_S01,L089_S01_Q01,1,Q0024,F8,0,L089_S01_T002,0.28651827
L089,L089_S01,L089_S01_Q02,1,Q0001,F1,0,L089_S01_T007,0.12288967
L089,L089_S01,L089_S01_Q03,1,Q0018,F6,1,L089_S01_T012,0.19439626
L089,L089_S01,L089_S01_Q04,1,Q0007,F3,0,L089_S01_T017,0.22702974
L089,L089_S01,L089_S01_Q05,1,Q0019,F7,0,L089_S01_T022,0.12433917
L089,L089_S02,L089_S02_Q01,3,Q0023,F8,0,L089_S02_T002,0.30549261
L089,L089_S02,L089_S02_Q02,3,Q0012,F4,0,L089_S02_T007,0.14545152
L089,L089_S02,L089_S02_Q03,3,Q0001,F1,0,L089_S02_T012,0.15224676
L089,L089_S02,L089_S02_Q04,3,Q0012,F4,0,L089_S02_T017,0.17805965
L089,L089_S02,L089_S02_Q05,3,Q0013,F5,0,L089_S02_T022,0.18159073
L089,L089_S03,L089_S03_Q01,6,Q0020,F7,0,L089_S03_T002,0.14758499
L089,L089_S03,L089_S03_Q02,6,Q0004,F2,0,L089_S03_T007,0.27512323
L089,L089_S03,L089_S03_Q03,6,Q0010,F4,0,L089_S03_T012,0.20121684
L089,L089_S03,L089_S03_Q04,6,Q0019,F7,0,L089_S03_T017,0.18011172
L089,L089_S03,L089_S03_Q05,6,Q0013,F5,0,L089_S03_T022,0.20448009
L089,L089_S04,L089_S04_Q01,8,Q0003,F1,0,L089_S04_T002,0.17269754
L089,L089_S04,L089_S04_Q02,8,Q0017,F6,1,L089_S04_T007,0.31709772
L089,L089_S04,L089_S04_Q03,8,Q0005,F2,1,L089_S04_T012,0.29482062
L089,L089_S04,L089_S04_Q04,8,Q0001,F1,0,L089_S04_T017,0.20426601
L089,L089_S04,L089_S04_Q05,8,Q0008,F3,0,L089_S04_T022,0.23367939
L089,L089_S05,L089_S05_Q01,11,Q0006,F2,0,L089_S05_T002,0.41253749
L089,L089_S05,L089_S05_Q02,11,Q0014,F5,0,L089_S05_T007,0.21969952
L089,L089_S05,L089_S05_Q03,11,Q0024,F8,0,L089_S05_T012,0.29842399
L089,L089_S05,L089_S05_Q04,11,Q0003,F1,0,L089_S05_T017,0.22543545
L089,L089_S05,L089_S05_Q05,11,Q0005,F2,0,L089_S05_T022,0.43495407
L089,L089_S06,L089_S06_Q01,13,Q0019,F7,0,L089_S06_T002,0.19257066
L089,L089_S06,L089_S06_Q02,13,Q0013,F5,1,L089_S06_T007,0.24291372
L089,L089_S06,L089_S06_Q03,13,Q0009,F3,0,L089_S06_T012,0.24597441
L089,L089_S06,L089_S06_Q04,13,Q0012,F4,0,L089_S06_T017,0.21106259
L089,L089_S06,L089_S06_Q05,13,Q0021,F7,0,L089_S06_T022,0.22338081
L089,L089_S07,L089_S07_Q01,16,Q0012,F4,0,L089_S07_T002,0.23171651
L089,L089_S07,L089_S07_Q02,16,Q0001,F1,1,L089_S07_T007,0.23855613
L089,L089_S07,L089_S07_Q03,16,Q0018,F6,0,L089_S07_T012,0.40215152
L089,L089_S07,L089_S07_Q04,16,Q0017,F6,1,L089_S07_T017,0.42496442
L089,L089_S07,L089_S07_Q05,16,Q0012,F4,0,L089_S07_T022,0.26103292
L089,L089_S08,L089_S08_Q01,18,Q0021,F7,0,L089_S08_T002,0.23670726
L089,L089_S08,L089_S08_Q02,18,Q0008,F3,1,L089_S08_T007,0.25703803
L089,L089_S08,L089_S08_Q03,18,Q0021,F7,0,L089_S08_T012,0.26583323
L089,L089_S08,L089_S08_Q04,18,Q0022,F8,0,L089_S08_T017,0.29623375
L089,L089_S08,L089_S08_Q05,18,Q0003,F1,0,L089_S08_T022,0.37373905
L090,L090_S01,L090_S01_Q01,1,Q0015,F5,0,L090_S01_T002,0.09931073
L090,L090_S01,L090_S01_Q02,1,Q0003,F1,0,L090_S01_T007,0.10025906
L090,L090_S01,L090_S01_Q03,1,Q0008,F3,1,L090_S01_T012,0.2464792
L090,L090_S01,L090_S01_Q04,1,Q0007,F3,0,L090_S01_T017,0.41131554
L090,L090_S01,L090_S01_Q05,1,Q0005,F2,0,L090_S01_T022,0.11255695
L090,L090_S02,L090_S02_Q01,3,Q0017,F6,1,L090_S02_T002,0.12407653
L090,L090_S02,L090_S02_Q02,3,Q0015,F5,0,L090_S02_T007,0.13632907
L090,L090_S02,L090_S02_Q03,3,Q0019,F7,1,L090_S02_T012,0.29955025
L090,L090_S02,L090_S02_Q04,3,Q0002,F1,0,L090_S02_T017,0.1372203
L090,L090_S02,L090_S02_Q05,3,Q0012,F4,1,L090_S02_T022,0.33364624
L090,L090_S03,L090_S03_Q01,6,Q0014,F5,1,L090_S03_T002,0.16963942
L090,L090_S03,L090_S03_Q02,6,Q0024,F8,0,L090_S03_T007,0.28257468
L090,L090_S03,L090_S03_Q03,6,Q0012,F4,1,L090_S03_T012,0.46708975
L090,L090_S03,L090_S03_Q04,6,Q0017,F6,1,L090_S03_T017,0.30757342
L090,L090_S03,L090_S03_Q05,6,Q0002,F1,0,L090_S03_T022,0.17046974
L090,L090_S04,L090_S04_Q01,8,Q0005,F2,0,L090_S04_T002,0.14245796
L090,L090_S04,L090_S04_Q02,8,Q0019,F7,1,L090_S04_T007,0.43354403
L090,L090_S04,L090_S04_Q03,8,Q0024,F8,1,L090_S04_T012,0.30855858
L090,L090_S04,L090_S04_Q04,8,Q0005,F2,0,L090_S04_T017,0.17997626
L090,L090_S04,L090_S04_Q05,8,Q0006,F2,1,L090_S04_T022,0.2158531
L090,L090_S05,L090_S05_Q01,11,Q0002,F1,1,L090_S05_T002,0.19797966
L090,L090_S05,L090_S05_Q02,11,Q0014,F5,1,L090_S05_T007,0.336363
L090,L090_S05,L090_S05_Q03,11,Q0001,F1,1,L090_S05_T012,0.37342551
L090,L090_S05,L090_S05_Q04,11,Q0007,F3,0,L090_S05_T017,0.40072799
L090,L090_S05,L090_S05_Q05,11,Q0023,F8,0,L090_S05_T022,0.447994
L090,L090_S06,L090_S06_Q01,13,Q0019,F7,1,L090_S06_T002,0.53377935
L090,L090_S06,L090_S06_Q02,13,Q0004,F2,1,L090_S06_T007,0.37093358
L090,L090_S06,L090_S06_Q03,13,Q0006,F2,1,L090_S06_T012,0.50854492
L090,L090_S06,L090_S06_Q04,13,Q0023,F8,1,L090_S06_T017,0.4640179
L090,L090_S06,L090_S06_Q05,13,Q0013,F5,1,L090_S06_T022,0.47324826
L090,L090_S07,L090_S07_Q01,16,Q0020,F7,0,L090_S07_T002,0.6194233
L090,L090_S07,L090_S07_Q02,16,Q0007,F3,1,L090_S07_T007,0.40881093
L090,L090_S07,L090_S07_Q03,16,Q0013,F5,1,L090_S07_T012,0.57334938
L090,L090_S07,L090_S07_Q04,16,Q0010,F4,0,L090_S07_T017,0.53513378
L090,L090_S07,L090_S07_Q05,16,Q0010,F4,1,L090_S07_T022,0.55547213
L090,L090_S08,L090_S08_Q01,18,Q0016,F6,0,L090_S08_T002,0.41363046
L090,L090_S08,L090_S08_Q02,18,Q0016,F6,0,L090_S08_T007,0.4392847
L090,L090_S08,L090_S08_Q03,18,Q0004,F2,1,L090_S08_T012,0.58988448
L090,L090_S08,L090_S08_Q04,18,Q0016,F6,1,L090_S08_T017,0.46381654
L090,L090_S08,L090_S08_Q05,18,Q0007,F3,1,L090_S08_T022,0.52887363
L091,L091_S01,L091_S01_Q01,1,Q0017,F6,0,L091_S01_T002,0.32608861
L091,L091_S01,L091_S01_Q02,1,Q0010,F4,0,L091_S01_T007,0.1197898
L091,L091_S01,L091_S01_Q03,1,Q0005,F2,0,L091_S01_T012,0.17514318
L091,L091_S01,L091_S01_Q04,1,Q0023,F8,0,L091_S01_T017,0.1614636
L091,L091_S01,L091_S01_Q05,1,Q0014,F5,0,L091_S01_T022,0.18486028
L091,L091_S02,L091_S02_Q01,3,Q0005,F2,0,L091_S02_T002,0.2016401
L091,L091_S02,L091_S02_Q02,3,Q0008,F3,0,L091_S02_T007,0.1642133
L091,L091_S02,L091_S02_Q03,3,Q0021,F7,0,L091_S02_T012,0.17367489
L091,L091_S02,L091_S02_Q04,3,Q0022,F8,0,L091_S02_T017,0.18871442
L091,L091_S02,L091_S02_Q05,3,Q0002,F1,0,L091_S02_T022,0.13520607
L091,L091_S03,L091_S03_Q01,6,Q0001,F1,1,L091_S03_T002,0.16234256
L091,L091_S03,L091_S03_Q02,6,Q0015,F5,1,L091_S03_T007,0.20485383
L091,L091_S03,L091_S03_Q03,6,Q0003,F1,1,L091_S03_T012,0.31667242
L091,L091_S03,L091_S03_Q04,6,Q0010,F4,0,L091_S03_T017,0.14510993
L091,L091_S03,L091_S03_Q05,6,Q0012,F4,0,L091_S03_T022,0.17661089
L091,L091_S04,L091_S04_Q01,8,Q0007,F3,0,L091_S04_T002,0.18589698
L091,L091_S04,L091_S04_Q02,8,Q0007,F3,1,L091_S04_T007,0.21589502
L091,L091_S04,L091_S04_Q03,8,Q0018,F6,1,L091_S04_T012,0.32817825
L091,L091_S04,L091_S04_Q04,8,Q0010,F4,0,L091_S04_T017,0.20302692
L091,L091_S04,L091_S04_Q05,8,Q0019,F7,0,L091_S04_T022,0.19458406
L091,L091_S05,L091_S05_Q01,11,Q0002,F1,0,L091_S05_T002,0.42188616
L091,L091_S05,L091_S05_Q02,11,Q0022,F8,0,L091_S05_T007,0.2024934
L091,L091_S05,L091_S05_Q03,11,Q0023,F8,1,L091_S05_T012,0.23187989
L091,L091_S05,L091_S05_Q04,11,Q0014,F5,0,L091_S05_T017,0.33493183
L091,L091_S05,L091_S05_Q05,11,Q0015,F5,0,L091_S05_T022,0.35943824
L091,L091_S06,L091_S06_Q01,13,Q0006,F2,0,L091_S06_T002,0.20996673
L091,L091_S06,L091_S06_Q02,13,Q0021,F7,0,L091_S06_T007,0.21378164
L091,L091_S06,L091_S06_Q03,13,Q0006,F2,1,L091_S06_T012,0.23907785
L091,L091_S06,L091_S06_Q04,13,Q0019,F7,0,L091_S06_T017,0.24275218
L091,L091_S06,L091_S06_Q05,13,Q0010,F4,1,L091_S06_T022,0.22153338
L091,L091_S07,L091_S07_Q01,16,Q0021,F7,0,L091_S07_T002,0.26299364
L091,L091_S07,L091_S07_Q02,16,Q0012,F4,1,L091_S07_T007,0.35462686
L091,L091_S07,L091_S07_Q03,16,Q0001,F1,0,L091_S07_T012,0.4224771
L091,L091_S07,L091_S07_Q04,16,Q0023,F8,0,L091_S07_T017,0.35594831
L091,L091_S07,L091_S07_Q05,16,Q0017,F6,0,L091_S07_T022,0.41863768
L091,L091_S08,L091_S08_Q01,18,Q0008,F3,0,L091_S08_T002,0.32746437
L091,L091_S08,L091_S08_Q02,18,Q0019,F7,0,L091_S08_T007,0.28464902
L091,L091_S08,L091_S08_Q03,18,Q0007,F3,0,L091_S08_T012,0.35224594
L091,L091_S08,L091_S08_Q04,18,Q0019,F7,0,L091_S08_T017,0.31100824
L091,L091_S08,L091_S08_Q05,18,Q0016,F6,1,L091_S08_T022,0.43171534
L092,L092_S01,L092_S01_Q01,1,Q0002,F1,0,L092_S01_T002,0.28564491
L092,L092_S01,L092_S01_Q02,1,Q0020,F7,0,L092_S01_T007,0.15815503
L092,L092_S01,L092_S01_Q03,1,Q0006,F2,0,L092_S01_T012,0.31032701
L092,L092_S01,L092_S01_Q04,1,Q0013,F5,1,L092_S01_T017,0.30489835
L092,L092_S01,L092_S01_Q05,1,Q0022,F8,0,L092_S01_T022,0.21769583
L092,L092_S02,L092_S02_Q01,3,Q0009,F3,0,L092_S02_T002,0.24389898
L092,L092_S02,L092_S02_Q02,3,Q0018,F6,0,L092_S02_T007,0.23692099
L092,L092_S02,L092_S02_Q03,3,Q0019,F7,0,L092_S02_T012,0.18493268
L092,L092_S02,L092_S02_Q04,3,Q0022,F8,0,L092_S02_T017,0.24086235
L092,L092_S02,L092_S02_Q05,3,Q0008,F3,0,L092_S02_T022,0.27208244
L092,L092_S03,L092_S03_Q01,6,Q0011,F4,0,L092_S03_T002,0.19014627
L092,L092_S03,L092_S03_Q02,6,Q0014,F5,1,L092_S03_T007,0.40855437
L092,L092_S03,L092_S03_Q03,6,Q0002,F1,0,L092_S03_T012,0.29366119
L092,L092_S03,L092_S03_Q04,6,Q0011,F4,0,L092_S03_T017,0.22033334
L092,L092_S03,L092_S03_Q05,6,Q0004,F2,0,L092_S03_T022,0.31600707
L092,L092_S04,L092_S04_Q01,8,Q0021,F7,0,L092_S04_T002,0.20248159
L092,L092_S04,L092_S04_Q02,8,Q0016,F6,0,L092_S04_T007,0.24954909
L092,L092_S04,L092_S04_Q03,8,Q0011,F4,1,L092_S04_T012,0.2433399
L092,L092_S04,L092_S04_Q04,8,Q0020,F7,0,L092_S04_T017,0.23220887
L092,L092_S04,L092_S04_Q05,8,Q0020,F7,0,L092_S04_T022,0.26082808
L092,L092_S05,L092_S05_Q01,11,Q0002,F1,0,L092_S05_T002,0.3009187
L092,L092_S05,L092_S05_Q02,11,Q0009,F3,1,L092_S05_T007,0.27119697
L092,L092_S05,L092_S05_Q03,11,Q0021,F7,1,L092_S05_T012,0.27794173
L092,L092_S05,L092_S05_Q04,11,Q0015,F5,0,L092_S05_T017,0.48786522
L092,L092_S05,L092_S05_Q05,11,Q0001,F1,1,L092_S05_T022,0.32697677
L092,L092_S06,L092_S06_Q01,13,Q0013,F5,0,L092_S06_T002,0.49464607
L092,L092_S06,L092_S06_Q02,13,Q0012,F4,0,L092_S06_T007,0.36145384
L092,L092_S06,L092_S06_Q03,13,Q0017,F6,1,L092_S06_T012,0.26098191
L092,L092_S06,L092_S06_Q04,13,Q0023,F8,0,L092_S06_T017,0.23803185
L092,L092_S06,L092_S06_Q05,13,Q0009,F3,0,L092_S06_T022,0.39714406
L092,L092_S07,L092_S07_Q01,16,Q0022,F8,0,L092_S07_T002,0.25678964
L092,L092_S07,L092_S07_Q02,16,Q0022,F8,0,L092_S07_T007,0.2844926
L092,L092_S07,L092_S07_Q03,16,Q0006,F2,0,L092_S07_T012,0.30200931
L092,L092_S07,L092_S07_Q04,16,Q0022,F8,0,L092_S07_T017,0.31116295
L092,L092_S07,L092_S07_Q05,16,Q0005,F2,0,L092_S07_T022,0.32802672
L092,L092_S08,L092_S08_Q01,18,Q0011,F4,0,L092_S08_T002,0.36229464
L092,L092_S08,L092_S08_Q02,18,Q0021,F7,0,L092_S08_T007,0.37851002
L092,L092_S08,L092_S08_Q03,18,Q0024,F8,0,L092_S08_T012,0.32866072
L092,L092_S08,L092_S08_Q04,18,Q0016,F6,1,L092_S08_T017,0.37495236
L092,L092_S08,L092_S08_Q05,18,Q0005,F2,1,L092_S08_T022,0.34450172
L093,L093_S01,L093_S01_Q01,1,Q0002,F1,0,L093_S01_T002,0.31932312
L093,L093_S01,L093_S01_Q02,1,Q0023,F8,0,L093_S01_T007,0.34537995
L093,L093_S01,L093_S01_Q03,1,Q0008,F3,0,L093_S01_T012,0.13231953
L093,L093_S01,L093_S01_Q04,1,Q0014,F5,1,L093_S01_T017,0.30142256
L093,L093_S01,L093_S01_Q05,1,Q0008,F3,0,L093_S01_T022,0.18419302
L093,L093_S02,L093_S02_Q01,3,Q0019,F7,0,L093_S02_T002,0.32554449
L093,L093_S02,L093_S02_Q02,3,Q0006,F2,0,L093_S02_T007,0.20572428
L093,L093_S02,L093_S02_Q03,3,Q0013,F5,1,L093_S02_T012,0.49824931
L093,L093_S02,L093_S02_Q04,3,Q0011,F4,0,L093_S02_T017,0.12278565
L093,L093_S02,L093_S02_Q05,3,Q0001,F1,0,L093_S02_T022,0.35155521
L093,L093_S03,L093_S03_Q01,6,Q0023,F8,0,L093_S03_T002,0.3623191
L093,L093_S03,L093_S03_Q02,6,Q0010,F4,0,L093_S03_T007,0.16908788
L093,L093_S03,L093_S03_Q03,6,Q0012,F4,0,L093_S03_T012,0.2187632
L093,L093_S03,L093_S03_Q04,6,Q0016,F6,0,L093_S03_T017,0.19327734
L093,L093_S03,L093_S03_Q05,6,Q0016,F6,0,L093_S03_T022,0.24150652
L093,L093_S04,L093_S04_Q01,8,Q0007,F3,0,L093_S04_T002,0.21435769
L093,L093_S04,L093_S04_Q02,8,Q0021,F7,1,L093_S04_T007,0.34474607
L093,L093_S04,L093_S04_Q03,8,Q0005,F2,1,L093_S04_T012,0.23859247
L093,L093_S04,L093_S04_Q04,8,Q0010,F4,0,L093_S04_T017,0.25922936
L093,L093_S04,L093_S04_Q05,8,Q0005,F2,0,L093_S04_T022,0.46619274
L093,L093_S05,L093_S05_Q01,11,Q0020,F7,0,L093_S05_T002,0.521668
L093,L093_S05,L093_S05_Q02,11,Q0018,F6,0,L093_S05_T007,0.27029341
L093,L093_S05,L093_S05_Q03,11,Q0019,F7,0,L093_S05_T012,0.55026464
L093,L093_S05,L093_S05_Q04,11,Q0004,F2,1,L093_S05_T017,0.48064887
L093,L093_S05,L093_S05_Q05,11,Q0022,F8,1,L093_S05_T022,0.37732619
L093,L093_S06,L093_S06_Q01,13,Q0013,F5,0,L093_S06_T002,0.5755527
L093,L093_S06,L093_S06_Q02,13,Q0007,F3,0,L093_S06_T007,0.24624116
L093,L093_S06,L093_S06_Q03,13,Q0016,F6,0,L093_S06_T012,0.30654016
L093,L093_S06,L093_S06_Q04,13,Q0009,F3,1,L093_S06_T017,0.29130394
L093,L093_S06,L093_S06_Q05,13,Q0013,F5,0,L093_S06_T022,0.6009279
L093,L093_S07,L093_S07_Q01,16,Q0006,F2,0,L093_S07_T002,0.5991857
L093,L093_S07,L093_S07_Q02,16,Q0010,F4,0,L093_S07_T007,0.27597157
L093,L093_S07,L093_S07_Q03,16,Q0010,F4,1,L093_S07_T012,0.31925695
L093,L093_S07,L093_S07_Q04,16,Q0012,F4,0,L093_S07_T017,0.52274496
L093,L093_S07,L093_S07_Q05,16,Q0002,F1,1,L093_S07_T022,0.33441303
L093,L093_S08,L093_S08_Q01,18,Q0018,F6,1,L093_S08_T002,0.32790936
L093,L093_S08,L093_S08_Q02,18,Q0023,F8,1,L093_S08_T007,0.51845127
L093,L093_S08,L093_S08_Q03,18,Q0001,F1,1,L093_S08_T012,0.52083465
L093,L093_S08,L093_S08_Q04,18,Q0002,F1,1,L093_S08_T017,0.66406696
L093,L093_S08,L093_S08_Q05,18,Q0008,F3,0,L093_S08_T022,0.47410278
L094,L094_S01,L094_S01_Q01,1,Q0017,F6,0,L094_S01_T002,0.11254083
L094,L094_S01,L094_S01_Q02,1,Q0022,F8,0,L094_S01_T007,0.26894959
L094,L094_S01,L094_S01_Q03,1,Q0004,F2,0,L094_S01_T012,0.10644924
L094,L094_S01,L094_S01_Q04,1,Q0010,F4,1,L094_S01_T017,0.29420028
L094,L094_S01,L094_S01_Q05,1,Q0006,F2,0,L094_S01_T022,0.15430599
L094,L094_S02,L094_S02_Q01,3,Q0019,F7,1,L094_S02_T002,0.23260664
L094,L094_S02,L094_S02_Q02,3,Q0023,F8,0,L094_S02_T007,0.29672029
L094,L094_S02,L094_S02_Q03,3,Q0014,F5,0,L094_S02_T012,0.24596641
L094,L094_S02,L094_S02_Q04,3,Q0017,F6,1,L094_S02_T017,0.15415749
L094,L094_S02,L094_S02_Q05,3,Q0018,F6,0,L094_S02_T022,0.38066544
L094,L094_S03,L094_S03_Q01,6,Q0020,F7,1,L094_S03_T002,0.4140536
L094,L094_S03,L094_S03_Q02,6,Q0001,F1,0,L094_S03_T007,0.20606939
L094,L094_S03,L094_S03_Q03,6,Q0007,F3,0,L094_S03_T012,0.27751015
L094,L094_S03,L094_S03_Q04,6,Q0009,F3,1,L094_S03_T017,0.31620522
L094,L094_S03,L094_S03_Q05,6,Q0005,F2,0,L094_S03_T022,0.18167179
L094,L094_S04,L094_S04_Q01,8,Q0005,F2,0,L094_S04_T002,0.21716869
L094,L094_S04,L094_S04_Q02,8,Q0003,F1,0,L094_S04_T007,0.23940652
L094,L094_S04,L094_S04_Q03,8,Q0014,F5,0,L094_S04_T012,0.26063116
L094,L094_S04,L094_S04_Q04,8,Q0004,F2,0,L094_S04_T017,0.25909553
L094,L094_S04,L094_S04_Q05,8,Q0010,F4,0,L094_S04_T022,0.42355654
L094,L094_S05,L094_S05_Q01,11,Q0017,F6,1,L094_S05_T002,0.3559856
L094,L094_S05,L094_S05_Q02,11,Q0001,F1,0,L094_S05_T007,0.26476186
L094,L094_S05,L094_S05_Q03,11,Q0015,F5,0,L094_S05_T012,0.28374688
L094,L094_S05,L094_S05_Q04,11,Q0001,F1,0,L094_S05_T017,0.30413971
L094,L094_S05,L094_S05_Q05,11,Q0021,F7,0,L094_S05_T022,0.51968064
L094,L094_S06,L094_S06_Q01,13,Q0006,F2,0,L094_S06_T002,0.27194103
L094,L094_S06,L094_S06_Q02,13,Q0018,F6,1,L094_S06_T007,0.50892264
L094,L094_S06,L094_S06_Q03,13,Q0009,F3,1,L094_S06_T012,0.4376798
L094,L094_S06,L094_S06_Q04,13,Q0014,F5,0,L094_S06_T017,0.31020767
L094,L094_S06,L094_S06_Q05,13,Q0006,F2,1,L094_S06_T022,0.31093437
L094,L094_S07,L094_S07_Q01,16,Q0010,F4,1,L094_S07_T002,0.39090492
L094,L094_S07,L094_S07_Q02,16,Q0022,F8,0,L094_S07_T007,0.26180684
L094,L094_S07,L094_S07_Q03,16,Q0023,F8,0,L094_S07_T012,0.30134295
L094,L094_S07,L094_S07_Q04,16,Q0007,F3,1,L094_S07_T017,0.55596632
L094,L094_S07,L094_S07_Q05,16,Q0002,F1,0,L094_S07_T022,0.31074359
L094,L094_S08,L094_S08_Q01,18,Q0019,F7,0,L094_S08_T002,0.47807767
L094,L094_S08,L094_S08_Q02,18,Q0013,F5,0,L094_S08_T007,0.31597074
L094,L094_S08,L094_S08_Q03,18,Q0012,F4,0,L094_S08_T012,0.5335463
L094,L094_S08,L094_S08_Q04,18,Q0024,F8,1,L094_S08_T017,0.32624606
L094,L094_S08,L094_S08_Q05,18,Q0001,F1,0,L094_S08_T022,0.33481452
L095,L095_S01,L095_S01_Q01,1,Q0010,F4,0,L095_S01_T002,0.2172807
L095,L095_S01,L095_S01_Q02,1,Q0005,F2,0,L095_S01_T007,0.20572359
L095,L095_S01,L095_S01_Q03,1,Q0014,F5,0,L095_S01_T012,0.2795139
L095,L095_S01,L095_S01_Q04,1,Q0018,F6,1,L095_S01_T017,0.25445665
L095,L095_S01,L095_S01_Q05,1,Q0023,F8,0,L095_S01_T022,0.3085383
L095,L095_S02,L095_S02_Q01,3,Q0006,F2,0,L095_S02_T002,0.22740418
L095,L095_S02,L095_S02_Q02,3,Q0024,F8,0,L095_S02_T007,0.3227041
L095,L095_S02,L095_S02_Q03,3,Q0003,F1,0,L095_S02_T012,0.21829395
L095,L095_S02,L095_S02_Q04,3,Q0010,F4,0,L095_S02_T017,0.23811658
L095,L095_S02,L095_S02_Q05,3,Q0021,F7,0,L095_S02_T022,0.22480511
L095,L095_S03,L095_S03_Q01,6,Q0007,F3,1,L095_S03_T002,0.28904752
L095,L095_S03,L095_S03_Q02,6,Q0020,F7,1,L095_S03_T007,0.24059231
L095,L095_S03,L095_S03_Q03,6,Q0002,F1,0,L095_S03_T012,0.23466784
L095,L095_S03,L095_S03_Q04,6,Q0020,F7,0,L095_S03_T017,0.38527087
L095,L095_S03,L095_S03_Q05,6,Q0002,F1,0,L095_S03_T022,0.26382929
L095,L095_S04,L095_S04_Q01,8,Q0013,F5,0,L095_S04_T002,0.26963207
L095,L095_S04,L095_S04_Q02,8,Q0004,F2,0,L095_S04_T007,0.23411997
L095,L095_S04,L095_S04_Q03,8,Q0016,F6,1,L095_S04_T012,0.34827067
L095,L095_S04,L095_S04_Q04,8,Q0007,F3,1,L095_S04_T017,0.40905425
L095,L095_S04,L095_S04_Q05,8,Q0010,F4,0,L095_S04_T022,0.2435126
L095,L095_S05,L095_S05_Q01,11,Q0008,F3,0,L095_S05_T002,0.4934379
L095,L095_S05,L095_S05_Q02,11,Q0018,F6,1,L095_S05_T007,0.4468945
L095,L095_S05,L095_S05_Q03,11,Q0018,F6,0,L095_S05_T012,0.55226939
L095,L095_S05,L095_S05_Q04,11,Q0020,F7,0,L095_S05_T017,0.37253742
L095,L095_S05,L095_S05_Q05,11,Q0015,F5,0,L095_S05_T022,0.28138017
L095,L095_S06,L095_S06_Q01,13,Q0004,F2,0,L095_S06_T002,0.24000838
L095,L095_S06,L095_S06_Q02,13,Q0002,F1,0,L095_S06_T007,0.25638003
L095,L095_S06,L095_S06_Q03,13,Q0012,F4,1,L095_S06_T012,0.24824383
L095,L095_S06,L095_S06_Q04,13,Q0005,F2,0,L095_S06_T017,0.26896634
L095,L095_S06,L095_S06_Q05,13,Q0011,F4,1,L095_S06_T022,0.39146466
L095,L095_S07,L095_S07_Q01,16,Q0009,F3,1,L095_S07_T002,0.46737822
L095,L095_S07,L095_S07_Q02,16,Q0023,F8,1,L095_S07_T007,0.27391964
L095,L095_S07,L095_S07_Q03,16,Q0024,F8,0,L095_S07_T012,0.41224884
L095,L095_S07,L095_S07_Q04,16,Q0003,F1,0,L095_S07_T017,0.2693222
L095,L095_S07,L095_S07_Q05,16,Q0020,F7,1,L095_S07_T022,0.36137273
L095,L095_S08,L095_S08_Q01,18,Q0005,F2,0,L095_S08_T002,0.27056166
L095,L095_S08,L095_S08_Q02,18,Q0001,F1,0,L095_S08_T007,0.28635433
L095,L095_S08,L095_S08_Q03,18,Q0015,F5,1,L095_S08_T012,0.2712089
L095,L095_S08,L095_S08_Q04,18,Q0005,F2,0,L095_S08_T017,0.29835545
L095,L095_S08,L095_S08_Q05,18,Q0001,F1,0,L095_S08_T022,0.31354637
L096,L096_S01,L096_S01_Q01,1,Q0018,F6,0,L096_S01_T002,0.29649079
L096,L096_S01,L096_S01_Q02,1,Q0002,F1,1,L096_S01_T007,0.33119498
L096,L096_S01,L096_S01_Q03,1,Q0004,F2,1,L096_S01_T012,0.30976994
L096,L096_S01,L096_S01_Q04,1,Q0019,F7,0,L096_S01_T017,0.13482948
L096,L096_S01,L096_S01_Q05,1,Q0024,F8,0,L096_S01_T022,0.30226899
L096,L096_S02,L096_S02_Q01,3,Q0006,F2,1,L096_S02_T002,0.49140073
L096,L096_S02,L096_S02_Q02,3,Q0008,F3,0,L096_S02_T007,0.16437117
L096,L096_S02,L096_S02_Q03,3,Q0011,F4,1,L096_S02_T012,0.2735074
L096,L096_S02,L096_S02_Q04,3,Q0015,F5,1,L096_S02_T017,0.2676057
L096,L096_S02,L096_S02_Q05,3,Q0018,F6,1,L096_S02_T022,0.32681627
L096,L096_S03,L096_S03_Q01,6,Q0021,F7,0,L096_S03_T002,0.17107974
L096,L096_S03,L096_S03_Q02,6,Q0007,F3,0,L096_S03_T007,0.20280811
L096,L096_S03,L096_S03_Q03,6,Q0007,F3,0,L096_S03_T012,0.24811888
L096,L096_S03,L096_S03_Q04,6,Q0012,F4,0,L096_S03_T017,0.4594478
L096,L096_S03,L096_S03_Q05,6,Q0001,F1,1,L096_S03_T022,0.48464958
L096,L096_S04,L096_S04_Q01,8,Q0021,F7,0,L096_S04_T002,0.21192935
L096,L096_S04,L096_S04_Q02,8,Q0014,F5,1,L096_S04_T007,0.44232886
L096,L096_S04,L096_S04_Q03,8,Q0021,F7,1,L096_S04_T012,0.25672169
L096,L096_S04,L096_S04_Q04,8,Q0009,F3,0,L096_S04_T017,0.28250359
L096,L096_S04,L096_S04_Q05,8,Q0023,F8,0,L096_S04_T022,0.30878251
L096,L096_S05,L096_S05_Q01,11,Q0008,F3,0,L096_S05_T002,0.30946236
L096,L096_S05,L096_S05_Q02,11,Q0011,F4,1,L096_S05_T007,0.45574248
L096,L096_S05,L096_S05_Q03,11,Q0013,F5,1,L096_S05_T012,0.57512513
L096,L096_S05,L096_S05_Q04,11,Q0017,F6,1,L096_S05_T017,0.46113846
L096,L096_S05,L096_S05_Q05,11,Q0019,F7,0,L096_S05_T022,0.44794614
L096,L096_S06,L096_S06_Q01,13,Q0009,F3,1,L096_S06_T002,0.33869931
L096,L096_S06,L096_S06_Q02,13,Q0004,F2,1,L096_S06_T007,0.5497413
L096,L096_S06,L096_S06_Q03,13,Q0017,F6,1,L096_S06_T012,0.59664099
L096,L096_S06,L096_S06_Q04,13,Q0022,F8,1,L096_S06_T017,0.3236218
L096,L096_S06,L096_S06_Q05,13,Q0019,F7,1,L096_S06_T022,0.46556194
L096,L096_S07,L096_S07_Q01,16,Q0024,F8,0,L096_S07_T002,0.49378644
L096,L096_S07,L096_S07_Q02,16,Q0005,F2,1,L096_S07_T007,0.64872468
L096,L096_S07,L096_S07_Q03,16,Q0024,F8,0,L096_S07_T012,0.5225586
L096,L096_S07,L096_S07_Q04,16,Q0009,F3,1,L096_S07_T017,0.50411763
L096,L096_S07,L096_S07_Q05,16,Q0019,F7,1,L096_S07_T022,0.59104456
L096,L096_S08,L096_S08_Q01,18,Q0015,F5,0,L096_S08_T002,0.62841722
L096,L096_S08,L096_S08_Q02,18,Q0010,F4,1,L096_S08_T007,0.55124538
L096,L096_S08,L096_S08_Q03,18,Q0024,F8,1,L096_S08_T012,0.53391315
L096,L096_S08,L096_S08_Q04,18,Q0003,F1,1,L096_S08_T017,0.52990015
L096,L096_S08,L096_S08_Q05,18,Q0003,F1,1,L096_S08_T022,0.66349777
L097,L097_S01,L097_S01_Q01,1,Q0018,F6,0,L097_S01_T002,0.32095298
L097,L097_S01,L097_S01_Q02,1,Q0008,F3,1,L097_S01_T007,0.22415971
L097,L097_S01,L097_S01_Q03,1,Q0010,F4,0,L097_S01_T012,0.23356124
L097,L097_S01,L097_S01_Q04,1,Q0022,F8,1,L097_S01_T017,0.13195672
L097,L097_S01,L097_S01_Q05,1,Q0003,F1,0,L097_S01_T022,0.18180807
L097,L097_S02,L097_S02_Q01,3,Q0021,F7,1,L097_S02_T002,0.24800681
L097,L097_S02,L097_S02_Q02,3,Q0002,F1,0,L097_S02_T007,0.22235817
L097,L097_S02,L097_S02_Q03,3,Q0014,F5,0,L097_S02_T012,0.26034062
L097,L097_S02,L097_S02_Q04,3,Q0005,F2,0,L097_S02_T017,0.25798183
L097,L097_S02,L097_S02_Q05,3,Q0022,F8,1,L097_S02_T022,0.37489964
L097,L097_S03,L097_S03_Q01,6,Q0011,F4,0,L097_S03_T002,0.25602948
L097,L097_S03,L097_S03_Q02,6,Q0023,F8,0,L097_S03_T007,0.53137542
L097,L097_S03,L097_S03_Q03,6,Q0001,F1,0,L097_S03_T012,0.25486962
L097,L097_S03,L097_S03_Q04,6,Q0009,F3,0,L097_S03_T017,0.41597155
L097,L097_S03,L097_S03_Q05,6,Q0005,F2,0,L097_S03_T022,0.28672533
L097,L097_S04,L097_S04_Q01,8,Q0015,F5,1,L097_S04_T002,0.27917556
L097,L097_S04,L097_S04_Q02,8,Q0019,F7,1,L097_S04_T007,0.43141725
L097,L097_S04,L097_S04_Q03,8,Q0002,F1,0,L097_S04_T012,0.28881254
L097,L097_S04,L097_S04_Q04,8,Q0015,F5,0,L097_S04_T017,0.49168685
L097,L097_S04,L097_S04_Q05,8,Q0017,F6,0,L097_S04_T022,0.32047628
L097,L097_S05,L097_S05_Q01,11,Q0010,F4,0,L097_S05_T002,0.27544933
L097,L097_S05,L097_S05_Q02,11,Q0020,F7,1,L097_S05_T007,0.56924826
L097,L097_S05,L097_S05_Q03,11,Q0003,F1,0,L097_S05_T012,0.31429504
L097,L097_S05,L097_S05_Q04,11,Q0008,F3,1,L097_S05_T017,0.41369117
L097,L097_S05,L097_S05_Q05,11,Q0013,F5,0,L097_S05_T022,0.49571111
L097,L097_S06,L097_S06_Q01,13,Q0001,F1,0,L097_S06_T002,0.34286393
L097,L097_S06,L097_S06_Q02,13,Q0023,F8,0,L097_S06_T007,0.49626742
L097,L097_S06,L097_S06_Q03,13,Q0016,F6,0,L097_S06_T012,0.33115227
L097,L097_S06,L097_S06_Q04,13,Q0009,F3,0,L097_S06_T017,0.56693001
L097,L097_S06,L097_S06_Q05,13,Q0005,F2,0,L097_S06_T022,0.29188181
L097,L097_S07,L097_S07_Q01,16,Q0012,F4,0,L097_S07_T002,0.29223438
L097,L097_S07,L097_S07_Q02,16,Q0013,F5,0,L097_S07_T007,0.48261204
L097,L097_S07,L097_S07_Q03,16,Q0005,F2,0,L097_S07_T012,0.31703967
L097,L097_S07,L097_S07_Q04,16,Q0024,F8,0,L097_S07_T017,0.49980719
L097,L097_S07,L097_S07_Q05,16,Q0011,F4,0,L097_S07_T022,0.33396665
L097,L097_S08,L097_S08_Q01,18,Q0018,F6,1,L097_S08_T002,0.3403798
L097,L097_S08,L097_S08_Q02,18,Q0004,F2,1,L097_S08_T007,0.34536036
L097,L097_S08,L097_S08_Q03,18,Q0019,F7,1,L097_S08_T012,0.61809914
L097,L097_S08,L097_S08_Q04,18,Q0003,F1,1,L097_S08_T017,0.35050247
L097,L097_S08,L097_S08_Q05,18,Q0004,F2,0,L097_S08_T022,0.53835925
L098,L098_S01,L098_S01_Q01,1,Q0018,F6,0,L098_S01_T002,0.21945186
L098,L098_S01,L098_S01_Q02,1,Q0018,F6,1,L098_S01_T007,0.25380965
L098,L098_S01,L098_S01_Q03,1,Q0009,F3,1,L098_S01_T012,0.22320726
L098,L098_S01,L098_S01_Q04,1,Q0019,F7,1,L098_S01_T017,0.27420823
L098,L098_S01,L098_S01_Q05,1,Q0013,F5,0,L098_S01_T022,0.24866759
L098,L098_S02,L098_S02_Q01,3,Q0005,F2,0,L098_S02_T002,0.14634466
L098,L098_S02,L098_S02_Q02,3,Q0023,F8,0,L098_S02_T007,0.17756219
L098,L098_S02,L098_S02_Q03,3,Q0009,F3,1,L098_S02_T012,0.38130693
L098,L098_S02,L098_S02_Q04,3,Q0006,F2,0,L098_S02_T017,0.18392046
L098,L098_S02,L098_S02_Q05,3,Q0006,F2,0,L098_S02_T022,0.21984226
L098,L098_S03,L098_S03_Q01,6,Q0010,F4,1,L098_S03_T002,0.15953977
L098,L098_S03,L098_S03_Q02,6,Q0014,F5,0,L098_S03_T007,0.25931411
L098,L098_S03,L098_S03_Q03,6,Q0012,F4,0,L098_S03_T012,0.34451467
L098,L098_S03,L098_S03_Q04,6,Q0002,F1,0,L098_S03_T017,0.2939164
L098,L098_S03,L098_S03_Q05,6,Q0021,F7,1,L098_S03_T022,0.39940573
L098,L098_S04,L098_S04_Q01,8,Q0010,F4,1,L098_S04_T002,0.36118355
L098,L098_S04,L098_S04_Q02,8,Q0023,F8,0,L098_S04_T007,0.19674916
L098,L098_S04,L098_S04_Q03,8,Q0002,F1,0,L098_S04_T012,0.31439096
L098,L098_S04,L098_S04_Q04,8,Q0024,F8,0,L098_S04_T017,0.23210627
L098,L098_S04,L098_S04_Q05,8,Q0024,F8,0,L098_S04_T022,0.26590705
L098,L098_S05,L098_S05_Q01,11,Q0017,F6,0,L098_S05_T002,0.35413741
L098,L098_S05,L098_S05_Q02,11,Q0003,F1,1,L098_S05_T007,0.32784181
L098,L098_S05,L098_S05_Q03,11,Q0020,F7,0,L098_S05_T012,0.48927683
L098,L098_S05,L098_S05_Q04,11,Q0005,F2,0,L098_S05_T017,0.22259326
L098,L098_S05,L098_S05_Q05,11,Q0016,F6,0,L098_S05_T022,0.38256668
L098,L098_S06,L098_S06_Q01,13,Q0004,F2,0,L098_S06_T002,0.24843231
L098,L098_S06,L098_S06_Q02,13,Q0009,F3,0,L098_S06_T007,0.4383746
L098,L098_S06,L098_S06_Q03,13,Q0015,F5,0,L098_S06_T012,0.25991408
L098,L098_S06,L098_S06_Q04,13,Q0022,F8,0,L098_S06_T017,0.27448294
L098,L098_S06,L098_S06_Q05,13,Q0019,F7,1,L098_S06_T022,0.4950576
L098,L098_S07,L098_S07_Q01,16,Q0004,F2,0,L098_S07_T002,0.26784766
L098,L098_S07,L098_S07_Q02,16,Q0001,F1,1,L098_S07_T007,0.43790577
L098,L098_S07,L098_S07_Q03,16,Q0012,F4,1,L098_S07_T012,0.4394185
L098,L098_S07,L098_S07_Q04,16,Q0014,F5,0,L098_S07_T017,0.27829116
L098,L098_S07,L098_S07_Q05,16,Q0005,F2,0,L098_S07_T022,0.30007519
L098,L098_S08,L098_S08_Q01,18,Q0023,F8,1,L098_S08_T002,0.28202878
L098,L098_S08,L098_S08_Q02,18,Q0012,F4,1,L098_S08_T007,0.54443005
L098,L098_S08,L098_S08_Q03,18,Q0024,F8,1,L098_S08_T012,0.44004536
L098,L098_S08,L098_S08_Q04,18,Q0014,F5,1,L098_S08_T017,0.29994095
L098,L098_S08,L098_S08_Q05,18,Q0008,F3,0,L098_S08_T022,0.42623546
L099,L099_S01,L099_S01_Q01,1,Q0011,F4,0,L099_S01_T002,0.27042482
L099,L099_S01,L099_S01_Q02,1,Q0023,F8,1,L099_S01_T007,0.29346084
L099,L099_S01,L099_S01_Q03,1,Q0008,F3,0,L099_S01_T012,0.19924297
L099,L099_S01,L099_S01_Q04,1,Q0013,F5,0,L099_S01_T017,0.19082083
L099,L099_S01,L099_S01_Q05,1,Q0017,F6,0,L099_S01_T022,0.10594096
L099,L099_S02,L099_S02_Q01,3,Q0023,F8,0,L099_S02_T002,0.44801555
L099,L099_S02,L099_S02_Q02,3,Q0009,F3,0,L099_S02_T007,0.23022375
L099,L099_S02,L099_S02_Q03,3,Q0016,F6,0,L099_S02_T012,0.1440889
L099,L099_S02,L099_S02_Q04,3,Q0021,F7,1,L099_S02_T017,0.12282623
L099,L099_S02,L099_S02_Q05,3,Q0021,F7,0,L099_S02_T022,0.33222358
L099,L099_S03,L099_S03_Q01,6,Q0005,F2,0,L099_S03_T002,0.16310012
L099,L099_S03,L099_S03_Q02,6,Q0014,F5,0,L099_S03_T007,0.21233941
L099,L099_S03,L099_S03_Q03,6,Q0020,F7,1,L099_S03_T012,0.34755891
L099,L099_S03,L099_S03_Q04,6,Q0012,F4,0,L099_S03_T017,0.28248878
L099,L099_S03,L099_S03_Q05,6,Q0016,F6,0,L099_S03_T022,0.17654803
L099,L099_S04,L099_S04_Q01,8,Q0003,F1,0,L099_S04_T002,0.22514261
L099,L099_S04,L099_S04_Q02,8,Q0005,F2,0,L099_S04_T007,0.19685728
L099,L099_S04,L099_S04_Q03,8,Q0002,F1,0,L099_S04_T012,0.26213713
L099,L099_S04,L099_S04_Q04,8,Q0004,F2,0,L099_S04_T017,0.23520224
L099,L099_S04,L099_S04_Q05,8,Q0017,F6,1,L099_S04_T022,0.20927216
L099,L099_S05,L099_S05_Q01,11,Q0010,F4,0,L099_S05_T002,0.29311989
L099,L099_S05,L099_S05_Q02,11,Q0013,F5,1,L099_S05_T007,0.23130222
L099,L099_S05,L099_S05_Q03,11,Q0009,F3,1,L099_S05_T012,0.23583469
L099,L099_S05,L099_S05_Q04,11,Q0017,F6,0,L099_S05_T017,0.37994471
L099,L099_S05,L099_S05_Q05,11,Q0006,F2,1,L099_S05_T022,0.25936834
L099,L099_S06,L099_S06_Q01,13,Q0001,F1,0,L099_S06_T002,0.27518542
L099,L099_S06,L099_S06_Q02,13,Q0008,F3,1,L099_S06_T007,0.4054852
L099,L099_S06,L099_S06_Q03,13,Q0024,F8,1,L099_S06_T012,0.40624365
L099,L099_S06,L099_S06_Q04,13,Q0001,F1,0,L099_S06_T017,0.30979071
L099,L099_S06,L099_S06_Q05,13,Q0023,F8,1,L099_S06_T022,0.5479841
L099,L099_S07,L099_S07_Q01,16,Q0015,F5,1,L099_S07_T002,0.38386484
L099,L099_S07,L099_S07_Q02,16,Q0007,F3,0,L099_S07_T007,0.52252986
L099,L099_S07,L099_S07_Q03,16,Q0006,F2,0,L099_S07_T012,0.4036374
L099,L099_S07,L099_S07_Q04,16,Q0003,F1,0,L099_S07_T017,0.32716786
L099,L099_S07,L099_S07_Q05,16,Q0017,F6,0,L099_S07_T022,0.37900091
L099,L099_S08,L099_S08_Q01,18,Q0012,F4,0,L099_S08_T002,0.29325312
L099,L099_S08,L099_S08_Q02,18,Q0019,F7,0,L099_S08_T007,0.41786718
L099,L099_S08,L099_S08_Q03,18,Q0021,F7,0,L099_S08_T012,0.44566032
L099,L099_S08,L099_S08_Q04,18,Q0006,F2,1,L099_S08_T017,0.41891724
L099,L099_S08,L099_S08_Q05,18,Q0012,F4,0,L099_S08_T022,0.32699579
L100,L100_S01,L100_S01_Q01,1,Q0021,F7,0,L100_S01_T002,0.28417767
L100,L100_S01,L100_S01_Q02,1,Q0008,F3,0,L100_S01_T007,0.2044204
L100,L100_S01,L100_S01_Q03,1,Q0013,F5,0,L100_S01_T012,0.20457009
L100,L100_S01,L100_S01_Q04,1,Q0002,F1,0,L100_S01_T017,0.26737988
L100,L100_S01,L100_S01_Q05,1,Q0024,F8,0,L100_S01_T022,0.23886833
L100,L100_S02,L100_S02_Q01,3,Q0010,F4,0,L100_S02_T002,0.24182199
L100,L100_S02,L100_S02_Q02,3,Q0014,F5,1,L100_S02_T007,0.24324927
L100,L100_S02,L100_S02_Q03,3,Q0007,F3,0,L100_S02_T012,0.24311242
L100,L100_S02,L100_S02_Q04,3,Q0016,F6,0,L100_S02_T017,0.24643926
L100,L100_S02,L100_S02_Q05,3,Q0002,F1,0,L100_S02_T022,0.30067126
L100,L100_S03,L100_S03_Q01,6,Q0005,F2,1,L100_S03_T002,0.31292689
L100,L100_S03,L100_S03_Q02,6,Q0005,F2,1,L100_S03_T007,0.51196975
L100,L100_S03,L100_S03_Q03,6,Q0012,F4,0,L100_S03_T012,0.27317746
L100,L100_S03,L100_S03_Q04,6,Q0022,F8,0,L100_S03_T017,0.26252292
L100,L100_S03,L100_S03_Q05,6,Q0024,F8,0,L100_S03_T022,0.30525186
L100,L100_S04,L100_S04_Q01,8,Q0008,F3,0,L100_S04_T002,0.26623223
L100,L100_S04,L100_S04_Q02,8,Q0015,F5,0,L100_S04_T007,0.42906275
L100,L100_S04,L100_S04_Q03,8,Q0021,F7,1,L100_S04_T012,0.29319459
L100,L100_S04,L100_S04_Q04,8,Q0017,F6,0,L100_S04_T017,0.26913987
L100,L100_S04,L100_S04_Q05,8,Q0009,F3,1,L100_S04_T022,0.30874626
L100,L100_S05,L100_S05_Q01,11,Q0006,F2,0,L100_S05_T002,0.60614488
L100,L100_S05,L100_S05_Q02,11,Q0011,F4,0,L100_S05_T007,0.29250893
L100,L100_S05,L100_S05_Q03,11,Q0020,F7,0,L100_S05_T012,0.47604411
L100,L100_S05,L100_S05_Q04,11,Q0015,F5,0,L100_S05_T017,0.44180844
L100,L100_S05,L100_S05_Q05,11,Q0015,F5,0,L100_S05_T022,0.4741497
L100,L100_S06,L100_S06_Q01,13,Q0017,F6,1,L100_S06_T002,0.28898009
L100,L100_S06,L100_S06_Q02,13,Q0005,F2,1,L100_S06_T007,0.61037716
L100,L100_S06,L100_S06_Q03,13,Q0022,F8,0,L100_S06_T012,0.31106902
L100,L100_S06,L100_S06_Q04,13,Q0001,F1,0,L100_S06_T017,0.29366796
L100,L100_S06,L100_S06_Q05,13,Q0009,F3,0,L100_S06_T022,0.47222413
L100,L100_S07,L100_S07_Q01,16,Q0003,F1,0,L100_S07_T002,0.31987048
L100,L100_S07,L100_S07_Q02,16,Q0009,F3,1,L100_S07_T007,0.48068003
L100,L100_S07,L100_S07_Q03,16,Q0016,F6,1,L100_S07_T012,0.47318226
L100,L100_S07,L100_S07_Q04,16,Q0002,F1,0,L100_S07_T017,0.35927675
L100,L100_S07,L100_S07_Q05,16,Q0017,F6,1,L100_S07_T022,0.62579966
L100,L100_S08,L100_S08_Q01,18,Q0024,F8,0,L100_S08_T002,0.32562597
L100,L100_S08,L100_S08_Q02,18,Q0010,F4,0,L100_S08_T007,0.30026088
L100,L100_S08,L100_S08_Q03,18,Q0011,F4,0,L100_S08_T012,0.34080332
L100,L100_S08,L100_S08_Q04,18,Q0022,F8,1,L100_S08_T017,0.36469876
L100,L100_S08,L100_S08_Q05,18,Q0020,F7,1,L100_S08_T022,0.45592928
L101,L101_S01,L101_S01_Q01,1,Q0002,F1,0,L101_S01_T002,0.34535747
L101,L101_S01,L101_S01_Q02,1,Q0019,F7,0,L101_S01_T007,0.16622617
L101,L101_S01,L101_S01_Q03,1,Q0020,F7,0,L101_S01_T012,0.21599431
L101,L101_S01,L101_S01_Q04,1,Q0013,F5,1,L101_S01_T017,0.16457392
L101,L101_S01,L101_S01_Q05,1,Q0018,F6,0,L101_S01_T022,0.14502515
L101,L101_S02,L101_S02_Q01,3,Q0002,F1,0,L101_S02_T002,0.37751379
L101,L101_S02,L101_S02_Q02,3,Q0004,F2,0,L101_S02_T007,0.16500302
L101,L101_S02,L101_S02_Q03,3,Q0008,F3,0,L101_S02_T012,0.20675558
L101,L101_S02,L101_S02_Q04,3,Q0010,F4,1,L101_S02_T017,0.16957288
L101,L101_S02,L101_S02_Q05,3,Q0009,F3,0,L101_S02_T022,0.25410452
L101,L101_S03,L101_S03_Q01,6,Q0015,F5,1,L101_S03_T002,0.39553352
L101,L101_S03,L101_S03_Q02,6,Q0018,F6,0,L101_S03_T007,0.18735533
L101,L101_S03,L101_S03_Q03,6,Q0006,F2,0,L101_S03_T012,0.20906986
L101,L101_S03,L101_S03_Q04,6,Q0024,F8,0,L101_S03_T017,0.26587347
L101,L101_S03,L101_S03_Q05,6,Q0006,F2,1,L101_S03_T022,0.25628065
L101,L101_S04,L101_S04_Q01,8,Q0017,F6,1,L101_S04_T002,0.23161696
L101,L101_S04,L101_S04_Q02,8,Q0012,F4,0,L101_S04_T007,0.39888485
L101,L101_S04,L101_S04_Q03,8,Q0023,F8,1,L101_S04_T012,0.30411944
L101,L101_S04,L101_S04_Q04,8,Q0012,F4,0,L101_S04_T017,0.43476555
L101,L101_S04,L101_S04_Q05,8,Q0018,F6,0,L101_S04_T022,0.46094173
L101,L101_S05,L101_S05_Q01,11,Q0023,F8,1,L101_S05_T002,0.49805008
L101,L101_S05,L101_S05_Q02,11,Q0001,F1,1,L101_S05_T007,0.38561181
L101,L101_S05,L101_S05_Q03,11,Q0019,F7,1,L101_S05_T012,0.23997791
L101,L101_S05,L101_S05_Q04,11,Q0004,F2,1,L101_S05_T017,0.45701424
L101,L101_S05,L101_S05_Q05,11,Q0006,F2,1,L101_S05_T022,0.61906894
L101,L101_S06,L101_S06_Q01,13,Q0019,F7,1,L101_S06_T002,0.45840524
L101,L101_S06,L101_S06_Q02,13,Q0012,F4,0,L101_S06_T007,0.44770663
L101,L101_S06,L101_S06_Q03,13,Q0015,F5,1,L101_S06_T012,0.540464
L101,L101_S06,L101_S06_Q04,13,Q0018,F6,1,L101_S06_T017,0.47122769
L101,L101_S06,L101_S06_Q05,13,Q0007,F3,1,L101_S06_T022,0.27270231
L101,L101_S07,L101_S07_Q01,16,Q0009,F3,0,L101_S07_T002,0.4766018
L101,L101_S07,L101_S07_Q02,16,Q0023,F8,0,L101_S07_T007,0.61909784
L101,L101_S07,L101_S07_Q03,16,Q0013,F5,1,L101_S07_T012,0.65940098
L101,L101_S07,L101_S07_Q04,16,Q0012,F4,1,L101_S07_T017,0.4677542
L101,L101_S07,L101_S07_Q05,16,Q0011,F4,1,L101_S07_T022,0.62660355
L101,L101_S08,L101_S08_Q01,18,Q0003,F1,1,L101_S08_T002,0.53393215
L101,L101_S08,L101_S08_Q02,18,Q0016,F6,0,L101_S08_T007,0.60111595
L101,L101_S08,L101_S08_Q03,18,Q0008,F3,0,L101_S08_T012,0.49870284
L101,L101_S08,L101_S08_Q04,18,Q0007,F3,1,L101_S08_T017,0.52862538
L101,L101_S08,L101_S08_Q05,18,Q0021,F7,0,L101_S08_T022,0.59251971
L102,L102_S01,L102_S01_Q01,1,Q0011,F4,0,L102_S01_T002,0.18330999
L102,L102_S01,L102_S01_Q02,1,Q0018,F6,0,L102_S01_T007,0.11683939
L102,L102_S01,L102_S01_Q03,1,Q0020,F7,0,L102_S01_T012,0.22449279
L102,L102_S01,L102_S01_Q04,1,Q0009,F3,0,L102_S01_T017,0.09949785
L102,L102_S01,L102_S01_Q05,1,Q0023,F8,0,L102_S01_T022,0.26658608
L102,L102_S02,L102_S02_Q01,3,Q0004,F2,0,L102_S02_T002,0.13209027
L102,L102_S02,L102_S02_Q02,3,Q0008,F3,0,L102_S02_T007,0.14053456
L102,L102_S02,L102_S02_Q03,3,Q0006,F2,1,L102_S02_T012,0.17432008
L102,L102_S02,L102_S02_Q04,3,Q0019,F7,0,L102_S02_T017,0.25714181
L102,L102_S02,L102_S02_Q05,3,Q0017,F6,0,L102_S02_T022,0.1567124
L102,L102_S03,L102_S03_Q01,6,Q0002,F1,0,L102_S03_T002,0.27544934
L102,L102_S03,L102_S03_Q02,6,Q0023,F8,0,L102_S03_T007,0.28783098
L102,L102_S03,L102_S03_Q03,6,Q0007,F3,0,L102_S03_T012,0.17707534
L102,L102_S03,L102_S03_Q04,6,Q0018,F6,0,L102_S03_T017,0.19202054
L102,L102_S03,L102_S03_Q05,6,Q0008,F3,0,L102_S03_T022,0.21711631
L102,L102_S04,L102_S04_Q01,8,Q0013,F5,0,L102_S04_T002,0.28029907
L102,L102_S04,L102_S04_Q02,8,Q0006,F2,1,L102_S04_T007,0.35727064
L102,L102_S04,L102_S04_Q03,8,Q0015,F5,0,L102_S04_T012,0.3153175
L102,L102_S04,L102_S04_Q04,8,Q0010,F4,1,L102_S04_T017,0.20827328
L102,L102_S04,L102_S04_Q05,8,Q0003,F1,0,L102_S04_T022,0.30467897
L102,L102_S05,L102_S05_Q01,11,Q0002,F1,0,L102_S05_T002,0.32871307
L102,L102_S05,L102_S05_Q02,11,Q0024,F8,1,L102_S05_T007,0.3070766
L102,L102_S05,L102_S05_Q03,11,Q0018,F6,0,L102_S05_T012,0.22028254
L102,L102_S05,L102_S05_Q04,11,Q0003,F1,0,L102_S05_T017,0.36137582
L102,L102_S05,L102_S05_Q05,11,Q0013,F5,0,L102_S05_T022,0.33854101
L102,L102_S06,L102_S06_Q01,13,Q0012,F4,0,L102_S06_T002,0.3817361
L102,L102_S06,L102_S06_Q02,13,Q0024,F8,0,L102_S06_T007,0.46643089
L102,L102_S06,L102_S06_Q03,13,Q0008,F3,0,L102_S06_T012,0.23830437
L102,L102_S06,L102_S06_Q04,13,Q0009,F3,1,L102_S06_T017,0.27536612
L102,L102_S06,L102_S06_Q05,13,Q0020,F7,0,L102_S06_T022,0.26593335
L102,L102_S07,L102_S07_Q01,16,Q0017,F6,0,L102_S07_T002,0.24588491
L102,L102_S07,L102_S07_Q02,16,Q0012,F4,1,L102_S07_T007,0.39989897
L102,L102_S07,L102_S07_Q03,16,Q0005,F2,0,L102_S07_T012,0.47494148
L102,L102_S07,L102_S07_Q04,16,Q0018,F6,0,L102_S07_T017,0.28257782
L102,L102_S07,L102_S07_Q05,16,Q0016,F6,0,L102_S07_T022,0.31748536
L102,L102_S08,L102_S08_Q01,18,Q0004,F2,1,L102_S08_T002,0.49078436
L102,L102_S08,L102_S08_Q02,18,Q0021,F7,0,L102_S08_T007,0.28723968
L102,L102_S08,L102_S08_Q03,18,Q0008,F3,0,L102_S08_T012,0.43008079
L102,L102_S08,L102_S08_Q04,18,Q0020,F7,0,L102_S08_T017,0.32192039
L102,L102_S08,L102_S08_Q05,18,Q0013,F5,0,L102_S08_T022,0.34616928
L103,L103_S01,L103_S01_Q01,1,Q0007,F3,1,L103_S01_T002,0.11286115
L103,L103_S01,L103_S01_Q02,1,Q0014,F5,1,L103_S01_T007,0.25137112
L103,L103_S01,L103_S01_Q03,1,Q0013,F5,1,L103_S01_T012,0.4433454
L103,L103_S01,L103_S01_Q04,1,Q0006,F2,0,L103_S01_T017,0.17069481
L103,L103_S01,L103_S01_Q05,1,Q0023,F8,0,L103_S01_T022,0.19387107
L103,L103_S02,L103_S02_Q01,3,Q0002,F1,0,L103_S02_T002,0.12856332
L103,L103_S02,L103_S02_Q02,3,Q0006,F2,0,L103_S02_T007,0.20693397
L103,L103_S02,L103_S02_Q03,3,Q0021,F7,0,L103_S02_T012,0.1681236
L103,L103_S02,L103_S02_Q04,3,Q0012,F4,0,L103_S02_T017,0.16818445
L103,L103_S02,L103_S02_Q05,3,Q0011,F4,0,L103_S02_T022,0.2108457
L103,L103_S03,L103_S03_Q01,6,Q0002,F1,0,L103_S03_T002,0.16564307
L103,L103_S03,L103_S03_Q02,6,Q0017,F6,0,L103_S03_T007,0.26010677
L103,L103_S03,L103_S03_Q03,6,Q0008,F3,0,L103_S03_T012,0.31579374
L103,L103_S03,L103_S03_Q04,6,Q0022,F8,0,L103_S03_T017,0.21824149
L103,L103_S03,L103_S03_Q05,6,Q0019,F7,0,L103_S03_T022,0.20152516
L103,L103_S04,L103_S04_Q01,8,Q0016,F6,0,L103_S04_T002,0.28925665
L103,L103_S04,L103_S04_Q02,8,Q0002,F1,0,L103_S04_T007,0.20228277
L103,L103_S04,L103_S04_Q03,8,Q0009,F3,1,L103_S04_T012,0.34052832
L103,L103_S04,L103_S04_Q04,8,Q0019,F7,0,L103_S04_T017,0.23531985
L103,L103_S04,L103_S04_Q05,8,Q0001,F1,0,L103_S04_T022,0.24319522
L103,L103_S05,L103_S05_Q01,11,Q0004,F2,1,L103_S05_T002,0.21964451
L103,L103_S05,L103_S05_Q02,11,Q0006,F2,0,L103_S05_T007,0.41975459
L103,L103_S05,L103_S05_Q03,11,Q0013,F5,1,L103_S05_T012,0.50455653
L103,L103_S05,L103_S05_Q04,11,Q0023,F8,1,L103_S05_T017,0.23969362
L103,L103_S05,L103_S05_Q05,11,Q0014,F5,1,L103_S05_T022,0.63160534
L103,L103_S06,L103_S06_Q01,13,Q0019,F7,0,L103_S06_T002,0.25472689
L103,L103_S06,L103_S06_Q02,13,Q0021,F7,0,L103_S06_T007,0.29294964
L103,L103_S06,L103_S06_Q03,13,Q0001,F1,0,L103_S06_T012,0.2616592
L103,L103_S06,L103_S06_Q04,13,Q0012,F4,1,L103_S06_T017,0.21635661
L103,L103_S06,L103_S06_Q05,13,Q0005,F2,1,L103_S06_T022,0.43624634
L103,L103_S07,L103_S07_Q01,16,Q0012,F4,0,L103_S07_T002,0.39897168
L103,L103_S07,L103_S07_Q02,16,Q0012,F4,1,L103_S07_T007,0.42979656
L103,L103_S07,L103_S07_Q03,16,Q0002,F1,1,L103_S07_T012,0.28636412
L103,L103_S07,L103_S07_Q04,16,Q0009,F3,0,L103_S07_T017,0.45208396
L103,L103_S07,L103_S07_Q05,16,Q0017,F6,0,L103_S07_T022,0.2889249
L103,L103_S08,L103_S08_Q01,18,Q0018,F6,0,L103_S08_T002,0.31578985
L103,L103_S08,L103_S08_Q02,18,Q0009,F3,0,L103_S08_T007,0.46601238
L103,L103_S08,L103_S08_Q03,18,Q0018,F6,0,L103_S08_T012,0.35088087
L103,L103_S08,L103_S08_Q04,18,Q0022,F8,0,L103_S08_T017,0.39139341
L103,L103_S08,L103_S08_Q05,18,Q0003,F1,0,L103_S08_T022,0.45551184
L104,L104_S01,L104_S01_Q01,1,Q0003,F1,0,L104_S01_T002,0.19613945
L104,L104_S01,L104_S01_Q02,1,Q0011,F4,0,L104_S01_T007,0.10536476
L104,L104_S01,L104_S01_Q03,1,Q0008,F3,0,L104_S01_T012,0.30227614
L104,L104_S01,L104_S01_Q04,1,Q0015,F5,0,L104_S01_T017,0.26808251
L104,L104_S01,L104_S01_Q05,1,Q0023,F8,0,L104_S01_T022,0.24252117
L104,L104_S02,L104_S02_Q01,3,Q0016,F6,0,L104_S02_T002,0.19742164
L104,L104_S02,L104_S02_Q02,3,Q0004,F2,0,L104_S02_T007,0.20228499
L104,L104_S02,L104_S02_Q03,3,Q0007,F3,0,L104_S02_T012,0.32360449
L104,L104_S02,L104_S02_Q04,3,Q0013,F5,1,L104_S02_T017,0.29212597
L104,L104_S02,L104_S02_Q05,3,Q0010,F4,0,L104_S02_T022,0.14232866
L104,L104_S03,L104_S03_Q01,6,Q0004,F2,0,L104_S03_T002,0.22757391
L104,L104_S03,L104_S03_Q02,6,Q0024,F8,0,L104_S03_T007,0.25498391
L104,L104_S03,L104_S03_Q03,6,Q0011,F4,0,L104_S03_T012,0.17332687
L104,L104_S03,L104_S03_Q04,6,Q0012,F4,0,L104_S03_T017,0.21212209
L104,L104_S03,L104_S03_Q05,6,Q0019,F7,0,L104_S03_T022,0.13671278
L104,L104_S04,L104_S04_Q01,8,Q0002,F1,0,L104_S04_T002,0.20714169
L104,L104_S04,L104_S04_Q02,8,Q0016,F6,0,L104_S04_T007,0.21556931
L104,L104_S04,L104_S04_Q03,8,Q0020,F7,0,L104_S04_T012,0.17118753
L104,L104_S04,L104_S04_Q04,8,Q0020,F7,1,L104_S04_T017,0.21008315
L104,L104_S04,L104_S04_Q05,8,Q0021,F7,0,L104_S04_T022,0.39543453
L104,L104_S05,L104_S05_Q01,11,Q0014,F5,1,L104_S05_T002,0.39889256
L104,L104_S05,L104_S05_Q02,11,Q0022,F8,0,L104_S05_T007,0.26587568
L104,L104_S05,L104_S05_Q03,11,Q0001,F1,0,L104_S05_T012,0.23196813
L104,L104_S05,L104_S05_Q04,11,Q0011,F4,0,L104_S05_T017,0.22841673
L104,L104_S05,L104_S05_Q05,11,Q0013,F5,1,L104_S05_T022,0.53994044
L104,L104_S06,L104_S06_Q01,13,Q0001,F1,1,L104_S06_T002,0.25887922
L104,L104_S06,L104_S06_Q02,13,Q0018,F6,0,L104_S06_T007,0.23142942
L104,L104_S06,L104_S06_Q03,13,Q0007,F3,1,L104_S06_T012,0.29879473
L104,L104_S06,L104_S06_Q04,13,Q0021,F7,1,L104_S06_T017,0.38862207
L104,L104_S06,L104_S06_Q05,13,Q0010,F4,1,L104_S06_T022,0.25560981
L104,L104_S07,L104_S07_Q01,16,Q0012,F4,1,L104_S07_T002,0.40847515
L104,L104_S07,L104_S07_Q02,16,Q0007,F3,0,L104_S07_T007,0.43985205
L104,L104_S07,L104_S07_Q03,16,Q0005,F2,0,L104_S07_T012,0.22183658
L104,L104_S07,L104_S07_Q04,16,Q0020,F7,0,L104_S07_T017,0.50511797
L104,L104_S07,L104_S07_Q05,16,Q0005,F2,0,L104_S07_T022,0.25835528
L104,L104_S08,L104_S08_Q01,18,Q0016,F6,1,L104_S08_T002,0.2452903
L104,L104_S08,L104_S08_Q02,18,Q0004,F2,0,L104_S08_T007,0.28317112
L104,L104_S08,L104_S08_Q03,18,Q0023,F8,1,L104_S08_T012,0.2660108
L104,L104_S08,L104_S08_Q04,18,Q0022,F8,1,L104_S08_T017,0.43823894
L104,L104_S08,L104_S08_Q05,18,Q0018,F6,1,L104_S08_T022,0.42238044
L105,L105_S01,L105_S01_Q01,1,Q0003,F1,0,L105_S01_T002,0.1433389
L105,L105_S01,L105_S01_Q02,1,Q0019,F7,0,L105_S01_T007,0.33726285
L105,L105_S01,L105_S01_Q03,1,Q0015,F5,0,L105_S01_T012,0.09949802
L105,L105_S01,L105_S01_Q04,1,Q0010,F4,0,L105_S01_T017,0.11700389
L105,L105_S01,L105_S01_Q05,1,Q0022,F8,0,L105_S01_T022,0.12169841
L105,L105_S02,L105_S02_Q01,3,Q0014,F5,0,L105_S02_T002,0.12899032
L105,L105_S02,L105_S02_Q02,3,Q0011,F4,0,L105_S02_T007,0.14527575
L105,L105_S02,L105_S02_Q03,3,Q0006,F2,1,L105_S02_T012,0.17518566
L105,L105_S02,L105_S02_Q04,3,Q0017,F6,0,L105_S02_T017,0.16125592
L105,L105_S02,L105_S02_Q05,3,Q0023,F8,0,L105_S02_T022,0.14964298
L105,L105_S03,L105_S03_Q01,6,Q0005,F2,0,L105_S03_T002,0.3142255
L105,L105_S03,L105_S03_Q02,6,Q0013,F5,0,L105_S03_T007,0.15380102
L105,L105_S03,L105_S03_Q03,6,Q0008,F3,0,L105_S03_T012,0.18698068
L105,L105_S03,L105_S03_Q04,6,Q0013,F5,0,L105_S03_T017,0.18568854
L105,L105_S03,L105_S03_Q05,6,Q0009,F3,0,L105_S03_T022,0.21761788
L105,L105_S04,L105_S04_Q01,8,Q0002,F1,1,L105_S04_T002,0.15599732
L105,L105_S04,L105_S04_Q02,8,Q0021,F7,0,L105_S04_T007,0.32176161
L105,L105_S04,L105_S04_Q03,8,Q0017,F6,0,L105_S04_T012,0.17721145
L105,L105_S04,L105_S04_Q04,8,Q0023,F8,0,L105_S04_T017,0.16694302
L105,L105_S04,L105_S04_Q05,8,Q0012,F4,0,L105_S04_T022,0.16308141
L105,L105_S05,L105_S05_Q01,11,Q0015,F5,0,L105_S05_T002,0.19881534
L105,L105_S05,L105_S05_Q02,11,Q0007,F3,0,L105_S05_T007,0.22704801
L105,L105_S05,L105_S05_Q03,11,Q0006,F2,0,L105_S05_T012,0.31247072
L105,L105_S05,L105_S05_Q04,11,Q0011,F4,0,L105_S05_T017,0.18498311
L105,L105_S05,L105_S05_Q05,11,Q0024,F8,0,L105_S05_T022,0.18851521
L105,L105_S06,L105_S06_Q01,13,Q0011,F4,0,L105_S06_T002,0.20851574
L105,L105_S06,L105_S06_Q02,13,Q0005,F2,1,L105_S06_T007,0.32711544
L105,L105_S06,L105_S06_Q03,13,Q0023,F8,0,L105_S06_T012,0.2118016
L105,L105_S06,L105_S06_Q04,13,Q0012,F4,0,L105_S06_T017,0.23834144
L105,L105_S06,L105_S06_Q05,13,Q0018,F6,0,L105_S06_T022,0.1913197
L105,L105_S07,L105_S07_Q01,16,Q0003,F1,0,L105_S07_T002,0.27512495
L105,L105_S07,L105_S07_Q02,16,Q0007,F3,0,L105_S07_T007,0.23538635
L105,L105_S07,L105_S07_Q03,16,Q0015,F5,1,L105_S07_T012,0.21042236
L105,L105_S07,L105_S07_Q04,16,Q0003,F1,1,L105_S07_T017,0.30244059
L105,L105_S07,L105_S07_Q05,16,Q0016,F6,0,L105_S07_T022,0.21081183
L105,L105_S08,L105_S08_Q01,18,Q0023,F8,0,L105_S08_T002,0.22190511
L105,L105_S08,L105_S08_Q02,18,Q0020,F7,1,L105_S08_T007,0.29323611
L105,L105_S08,L105_S08_Q03,18,Q0017,F6,1,L105_S08_T012,0.23254379
L105,L105_S08,L105_S08_Q04,18,Q0021,F7,1,L105_S08_T017,0.4264019
L105,L105_S08,L105_S08_Q05,18,Q0016,F6,0,L105_S08_T022,0.377145
L106,L106_S01,L106_S01_Q01,1,Q0009,F3,0,L106_S01_T002,0.13624357
L106,L106_S01,L106_S01_Q02,1,Q0018,F6,0,L106_S01_T007,0.11571932
L106,L106_S01,L106_S01_Q03,1,Q0012,F4,0,L106_S01_T012,0.14886375
L106,L106_S01,L106_S01_Q04,1,Q0019,F7,0,L106_S01_T017,0.12501827
L106,L106_S01,L106_S01_Q05,1,Q0015,F5,0,L106_S01_T022,0.12689771
L106,L106_S02,L106_S02_Q01,3,Q0003,F1,0,L106_S02_T002,0.29239488
L106,L106_S02,L106_S02_Q02,3,Q0016,F6,0,L106_S02_T007,0.15251929
L106,L106_S02,L106_S02_Q03,3,Q0020,F7,0,L106_S02_T012,0.16109075
L106,L106_S02,L106_S02_Q04,3,Q0014,F5,0,L106_S02_T017,0.16282316
L106,L106_S02,L106_S02_Q05,3,Q0001,F1,0,L106_S02_T022,0.3259265
L106,L106_S03,L106_S03_Q01,6,Q0022,F8,0,L106_S03_T002,0.28859235
L106,L106_S03,L106_S03_Q02,6,Q0009,F3,0,L106_S03_T007,0.16317887
L106,L106_S03,L106_S03_Q03,6,Q0023,F8,0,L106_S03_T012,0.32230417
L106,L106_S03,L106_S03_Q04,6,Q0011,F4,1,L106_S03_T017,0.17425132
L106,L106_S03,L106_S03_Q05,6,Q0005,F2,0,L106_S03_T022,0.23226894
L106,L106_S04,L106_S04_Q01,8,Q0006,F2,0,L106_S04_T002,0.25995087
L106,L106_S04,L106_S04_Q02,8,Q0015,F5,1,L106_S04_T007,0.18649877
L106,L106_S04,L106_S04_Q03,8,Q0009,F3,0,L106_S04_T012,0.19626593
L106,L106_S04,L106_S04_Q04,8,Q0010,F4,0,L106_S04_T017,0.35792458
L106,L106_S04,L106_S04_Q05,8,Q0020,F7,0,L106_S04_T022,0.18497882
L106,L106_S05,L106_S05_Q01,11,Q0005,F2,0,L106_S05_T002,0.28080739
L106,L106_S05,L106_S05_Q02,11,Q0016,F6,0,L106_S05_T007,0.16890951
L106,L106_S05,L106_S05_Q03,11,Q0016,F6,0,L106_S05_T012,0.20829279
L106,L106_S05,L106_S05_Q04,11,Q0014,F5,0,L106_S05_T017,0.36097742
L106,L106_S05,L106_S05_Q05,11,Q0010,F4,0,L106_S05_T022,0.36964216
L106,L106_S06,L106_S06_Q01,13,Q0021,F7,0,L106_S06_T002,0.20593727
L106,L106_S06,L106_S06_Q02,13,Q0021,F7,0,L106_S06_T007,0.2435659
L106,L106_S06,L106_S06_Q03,13,Q0013,F5,0,L106_S06_T012,0.37859007
L106,L106_S06,L106_S06_Q04,13,Q0020,F7,0,L106_S06_T017,0.2794114
L106,L106_S06,L106_S06_Q05,13,Q0009,F3,1,L106_S06_T022,0.21584014
L106,L106_S07,L106_S07_Q01,16,Q0024,F8,0,L106_S07_T002,0.30063549
L106,L106_S07,L106_S07_Q02,16,Q0012,F4,0,L106_S07_T007,0.36795366
L106,L106_S07,L106_S07_Q03,16,Q0002,F1,1,L106_S07_T012,0.28893845
L106,L106_S07,L106_S07_Q04,16,Q0017,F6,1,L106_S07_T017,0.22639204
L106,L106_S07,L106_S07_Q05,16,Q0009,F3,0,L106_S07_T022,0.38228812
L106,L106_S08,L106_S08_Q01,18,Q0002,F1,1,L106_S08_T002,0.44260434
L106,L106_S08,L106_S08_Q02,18,Q0006,F2,0,L106_S08_T007,0.28062283
L106,L106_S08,L106_S08_Q03,18,Q0022,F8,0,L106_S08_T012,0.32296888
L106,L106_S08,L106_S08_Q04,18,Q0019,F7,0,L106_S08_T017,0.28878872
L106,L106_S08,L106_S08_Q05,18,Q0017,F6,1,L106_S08_T022,0.39642291
L107,L107_S01,L107_S01_Q01,1,Q0023,F8,0,L107_S01_T002,0.14187603
L107,L107_S01,L107_S01_Q02,1,Q0015,F5,0,L107_S01_T007,0.19951128
L107,L107_S01,L107_S01_Q03,1,Q0019,F7,0,L107_S01_T012,0.14443984
L107,L107_S01,L107_S01_Q04,1,Q0006,F2,0,L107_S01_T017,0.19960772
L107,L107_S01,L107_S01_Q05,1,Q0010,F4,0,L107_S01_T022,0.19302924
L107,L107_S02,L107_S02_Q01,3,Q0018,F6,0,L107_S02_T002,0.25029154
L107,L107_S02,L107_S02_Q02,3,Q0008,F3,0,L107_S02_T007,0.22010015
L107,L107_S02,L107_S02_Q03,3,Q0003,F1,0,L107_S02_T012,0.24762396
L107,L107_S02,L107_S02_Q04,3,Q0015,F5,1,L107_S02_T017,0.23364954
L107,L107_S02,L107_S02_Q05,3,Q0008,F3,1,L107_S02_T022,0.25801311
L107,L107_S03,L107_S03_Q01,6,Q0002,F1,0,L107_S03_T002,0.2757032
L107,L107_S03,L107_S03_Q02,6,Q0023,F8,1,L107_S03_T007,0.1745361
L107,L107_S03,L107_S03_Q03,6,Q0016,F6,1,L107_S03_T012,0.27816523
L107,L107_S03,L107_S03_Q04,6,Q0011,F4,0,L107_S03_T017,0.22080217
L107,L107_S03,L107_S03_Q05,6,Q0020,F7,0,L107_S03_T022,0.17685497
L107,L107_S04,L107_S04_Q01,8,Q0020,F7,0,L107_S04_T002,0.21252635
L107,L107_S04,L107_S04_Q02,8,Q0021,F7,0,L107_S04_T007,0.25080749
L107,L107_S04,L107_S04_Q03,8,Q0006,F2,0,L107_S04_T012,0.22221037
L107,L107_S04,L107_S04_Q04,8,Q0004,F2,0,L107_S04_T017,0.26002075
L107,L107_S04,L107_S04_Q05,8,Q0023,F8,1,L107_S04_T022,0.3676612
L107,L107_S05,L107_S05_Q01,11,Q0013,F5,1,L107_S05_T002,0.38727483
L107,L107_S05,L107_S05_Q02,11,Q0010,F4,0,L107_S05_T007,0.24592169
L107,L107_S05,L107_S05_Q03,11,Q0018,F6,0,L107_S05_T012,0.43124216
L107,L107_S05,L107_S05_Q04,11,Q0007,F3,0,L107_S05_T017,0.40428279
L107,L107_S05,L107_S05_Q05,11,Q0017,F6,0,L107_S05_T022,0.45889096
L107,L107_S06,L107_S06_Q01,13,Q0006,F2,0,L107_S06_T002,0.28139336
L107,L107_S06,L107_S06_Q02,13,Q0021,F7,0,L107_S06_T007,0.27306033
L107,L107_S06,L107_S06_Q03,13,Q0001,F1,0,L107_S06_T012,0.28965719
L107,L107_S06,L107_S06_Q04,13,Q0011,F4,1,L107_S06_T017,0.27691942
L107,L107_S06,L107_S06_Q05,13,Q0011,F4,0,L107_S06_T022,0.45267358
L107,L107_S07,L107_S07_Q01,16,Q0003,F1,1,L107_S07_T002,0.31449763
L107,L107_S07,L107_S07_Q02,16,Q0024,F8,0,L107_S07_T007,0.48082702
L107,L107_S07,L107_S07_Q03,16,Q0006,F2,0,L107_S07_T012,0.30687056
L107,L107_S07,L107_S07_Q04,16,Q0007,F3,0,L107_S07_T017,0.4118727
L107,L107_S07,L107_S07_Q05,16,Q0015,F5,0,L107_S07_T022,0.50975758
L107,L107_S08,L107_S08_Q01,18,Q0021,F7,0,L107_S08_T002,0.29318714
L107,L107_S08,L107_S08_Q02,18,Q0020,F7,0,L107_S08_T007,0.32754715
L107,L107_S08,L107_S08_Q03,18,Q0022,F8,0,L107_S08_T012,0.49592904
L107,L107_S08,L107_S08_Q04,18,Q0005,F2,0,L107_S08_T017,0.33374397
L107,L107_S08,L107_S08_Q05,18,Q0021,F7,0,L107_S08_T022,0.36023684
L108,L108_S01,L108_S01_Q01,1,Q0018,F6,0,L108_S01_T002,0.15342503
L108,L108_S01,L108_S01_Q02,1,Q0001,F1,1,L108_S01_T007,0.16660917
L108,L108_S01,L108_S01_Q03,1,Q0021,F7,0,L108_S01_T012,0.28956539
L108,L108_S01,L108_S01_Q04,1,Q0014,F5,1,L108_S01_T017,0.32877354
L108,L108_S01,L108_S01_Q05,1,Q0024,F8,1,L108_S01_T022,0.32079712
L108,L108_S02,L108_S02_Q01,3,Q0024,F8,0,L108_S02_T002,0.5048083
L108,L108_S02,L108_S02_Q02,3,Q0016,F6,0,L108_S02_T007,0.19746603
L108,L108_S02,L108_S02_Q03,3,Q0016,F6,1,L108_S02_T012,0.24399919
L108,L108_S02,L108_S02_Q04,3,Q0021,F7,1,L108_S02_T017,0.32251719
L108,L108_S02,L108_S02_Q05,3,Q0006,F2,0,L108_S02_T022,0.2066708
L108,L108_S03,L108_S03_Q01,6,Q0009,F3,1,L108_S03_T002,0.2706865
L108,L108_S03,L108_S03_Q02,6,Q0018,F6,0,L108_S03_T007,0.44597196
L108,L108_S03,L108_S03_Q03,6,Q0011,F4,0,L108_S03_T012,0.23812279
L108,L108_S03,L108_S03_Q04,6,Q0004,F2,0,L108_S03_T017,0.243286
L108,L108_S03,L108_S03_Q05,6,Q0012,F4,0,L108_S03_T022,0.28229856
L108,L108_S04,L108_S04_Q01,8,Q0008,F3,1,L108_S04_T002,0.47011204
L108,L108_S04,L108_S04_Q02,8,Q0010,F4,0,L108_S04_T007,0.31584227
L108,L108_S04,L108_S04_Q03,8,Q0012,F4,0,L108_S04_T012,0.35551164
L108,L108_S04,L108_S04_Q04,8,Q0014,F5,0,L108_S04_T017,0.47913411
L108,L108_S04,L108_S04_Q05,8,Q0001,F1,0,L108_S04_T022,0.37371643
L108,L108_S05,L108_S05_Q01,11,Q0012,F4,0,L108_S05_T002,0.37828918
L108,L108_S05,L108_S05_Q02,11,Q0022,F8,1,L108_S05_T007,0.48230248
L108,L108_S05,L108_S05_Q03,11,Q0016,F6,1,L108_S05_T012,0.4488696
L108,L108_S05,L108_S05_Q04,11,Q0008,F3,1,L108_S05_T017,0.60056831
L108,L108_S05,L108_S05_Q05,11,Q0003,F1,1,L108_S05_T022,0.39480147
L108,L108_S06,L108_S06_Q01,13,Q0024,F8,1,L108_S06_T002,0.61663357
L108,L108_S06,L108_S06_Q02,13,Q0005,F2,1,L108_S06_T007,0.26289033
L108,L108_S06,L108_S06_Q03,13,Q0019,F7,0,L108_S06_T012,0.45742295
L108,L108_S06,L108_S06_Q04,13,Q0011,F4,1,L108_S06_T017,0.40401405
L108,L108_S06,L108_S06_Q05,13,Q0013,F5,0,L108_S06_T022,0.47819923
L108,L108_S07,L108_S07_Q01,16,Q0021,F7,0,L108_S07_T002,0.47072583
L108,L108_S07,L108_S07_Q02,16,Q0008,F3,0,L108_S07_T007,0.67257683
L108,L108_S07,L108_S07_Q03,16,Q0003,F1,0,L108_S07_T012,0.53539665
L108,L108_S07,L108_S07_Q04,16,Q0006,F2,1,L108_S07_T017,0.45888808
L108,L108_S07,L108_S07_Q05,16,Q0017,F6,1,L108_S07_T022,0.57144267
L108,L108_S08,L108_S08_Q01,18,Q0015,F5,1,L108_S08_T002,0.4773724
L108,L108_S08,L108_S08_Q02,18,Q0019,F7,1,L108_S08_T007,0.48892136
L108,L108_S08,L108_S08_Q03,18,Q0013,F5,1,L108_S08_T012,0.62888944
L108,L108_S08,L108_S08_Q04,18,Q0005,F2,0,L108_S08_T017,0.60042159
L108,L108_S08,L108_S08_Q05,18,Q0006,F2,0,L108_S08_T022,0.62359026
L109,L109_S01,L109_S01_Q01,1,Q0020,F7,0,L109_S01_T002,0.10714456
L109,L109_S01,L109_S01_Q02,1,Q0024,F8,0,L109_S01_T007,0.3367674
L109,L109_S01,L109_S01_Q03,1,Q0009,F3,0,L109_S01_T012,0.11599478
L109,L109_S01,L109_S01_Q04,1,Q0012,F4,0,L109_S01_T017,0.33506418
L109,L109_S01,L109_S01_Q05,1,Q0014,F5,0,L109_S01_T022,0.13439015
L109,L109_S02,L109_S02_Q01,3,Q0011,F4,0,L109_S02_T002,0.3593316
L109,L109_S02,L109_S02_Q02,3,Q0019,F7,1,L109_S02_T007,0.14837499
L109,L109_S02,L109_S02_Q03,3,Q0007,F3,0,L109_S02_T012,0.15656652
L109,L109_S02,L109_S02_Q04,3,Q0005,F2,1,L109_S02_T017,0.25341203
L109,L109_S02,L109_S02_Q05,3,Q0017,F6,0,L109_S02_T022,0.27512036
L109,L109_S03,L109_S03_Q01,6,Q0013,F5,0,L109_S03_T002,0.16706719
L109,L109_S03,L109_S03_Q02,6,Q0004,F2,1,L109_S03_T007,0.42523305
L109,L109_S03,L109_S03_Q03,6,Q0002,F1,0,L109_S03_T012,0.31012401
L109,L109_S03,L109_S03_Q04,6,Q0009,F3,0,L109_S03_T017,0.19165516
L109,L109_S03,L109_S03_Q05,6,Q0022,F8,1,L109_S03_T022,0.34734096
L109,L109_S04,L109_S04_Q01,8,Q0001,F1,0,L109_S04_T002,0.3362476
L109,L109_S04,L109_S04_Q02,8,Q0013,F5,1,L109_S04_T007,0.20383785
L109,L109_S04,L109_S04_Q03,8,Q0021,F7,0,L109_S04_T012,0.34083952
L109,L109_S04,L109_S04_Q04,8,Q0017,F6,1,L109_S04_T017,0.29242696
L109,L109_S04,L109_S04_Q05,8,Q0008,F3,0,L109_S04_T022,0.22659585
L109,L109_S05,L109_S05_Q01,11,Q0013,F5,0,L109_S05_T002,0.38956407
L109,L109_S05,L109_S05_Q02,11,Q0018,F6,1,L109_S05_T007,0.45330458
L109,L109_S05,L109_S05_Q03,11,Q0019,F7,0,L109_S05_T012,0.36004902
L109,L109_S05,L109_S05_Q04,11,Q0008,F3,0,L109_S05_T017,0.25564994
L109,L109_S05,L109_S05_Q05,11,Q0001,F1,1,L109_S05_T022,0.3558528
L109,L109_S06,L109_S06_Q01,13,Q0023,F8,1,L109_S06_T002,0.46827074
L109,L109_S06,L109_S06_Q02,13,Q0007,F3,1,L109_S06_T007,0.28582779
L109,L109_S06,L109_S06_Q03,13,Q0013,F5,0,L109_S06_T012,0.40977531
L109,L109_S06,L109_S06_Q04,13,Q0002,F1,1,L109_S06_T017,0.50535331
L109,L109_S06,L109_S06_Q05,13,Q0008,F3,0,L109_S06_T022,0.46607697
L109,L109_S07,L109_S07_Q01,16,Q0012,F4,1,L109_S07_T002,0.33175115
L109,L109_S07,L109_S07_Q02,16,Q0010,F4,1,L109_S07_T007,0.50040978
L109,L109_S07,L109_S07_Q03,16,Q0022,F8,1,L109_S07_T012,0.57982544
L109,L109_S07,L109_S07_Q04,16,Q0012,F4,1,L109_S07_T017,0.62650084
L109,L109_S07,L109_S07_Q05,16,Q0020,F7,0,L109_S07_T022,0.36807978
L109,L109_S08,L109_S08_Q01,18,Q0006,F2,0,L109_S08_T002,0.48925976
L109,L109_S08,L109_S08_Q02,18,Q0017,F6,1,L109_S08_T007,0.54071508
L109,L109_S08,L109_S08_Q03,18,Q0019,F7,0,L109_S08_T012,0.38988999
L109,L109_S08,L109_S08_Q04,18,Q0005,F2,0,L109_S08_T017,0.5150408
L109,L109_S08,L109_S08_Q05,18,Q0013,F5,1,L109_S08_T022,0.41237501
L110,L110_S01,L110_S01_Q01,1,Q0001,F1,0,L110_S01_T002,0.12470903
L110,L110_S01,L110_S01_Q02,1,Q0010,F4,0,L110_S01_T007,0.23254684
L110,L110_S01,L110_S01_Q03,1,Q0011,F4,0,L110_S01_T012,0.261192
L110,L110_S01,L110_S01_Q04,1,Q0022,F8,0,L110_S01_T017,0.319391
L110,L110_S01,L110_S01_Q05,1,Q0001,F1,0,L110_S01_T022,0.15737922
L110,L110_S02,L110_S02_Q01,3,Q0016,F6,0,L110_S02_T002,0.2862607
L110,L110_S02,L110_S02_Q02,3,Q0004,F2,0,L110_S02_T007,0.26159544
L110,L110_S02,L110_S02_Q03,3,Q0015,F5,0,L110_S02_T012,0.23970352
L110,L110_S02,L110_S02_Q04,3,Q0019,F7,0,L110_S02_T017,0.16545302
L110,L110_S02,L110_S02_Q05,3,Q0008,F3,0,L110_S02_T022,0.31632421
L110,L110_S03,L110_S03_Q01,6,Q0004,F2,0,L110_S03_T002,0.27961661
L110,L110_S03,L110_S03_Q02,6,Q0001,F1,0,L110_S03_T007,0.17856159
L110,L110_S03,L110_S03_Q03,6,Q0017,F6,1,L110_S03_T012,0.30257786
L110,L110_S03,L110_S03_Q04,6,Q0001,F1,1,L110_S03_T017,0.20922175
L110,L110_S03,L110_S03_Q05,6,Q0015,F5,1,L110_S03_T022,0.2592371
L110,L110_S04,L110_S04_Q01,8,Q0008,F3,1,L110_S04_T002,0.32325329
L110,L110_S04,L110_S04_Q02,8,Q0021,F7,0,L110_S04_T007,0.18591138
L110,L110_S04,L110_S04_Q03,8,Q0022,F8,0,L110_S04_T012,0.31883386
L110,L110_S04,L110_S04_Q04,8,Q0021,F7,0,L110_S04_T017,0.2162972
L110,L110_S04,L110_S04_Q05,8,Q0001,F1,1,L110_S04_T022,0.34890914
L110,L110_S05,L110_S05_Q01,11,Q0020,F7,0,L110_S05_T002,0.23744781
L110,L110_S05,L110_S05_Q02,11,Q0006,F2,1,L110_S05_T007,0.28983741
L110,L110_S05,L110_S05_Q03,11,Q0018,F6,1,L110_S05_T012,0.40920241
L110,L110_S05,L110_S05_Q04,11,Q0011,F4,1,L110_S05_T017,0.25821597
L110,L110_S05,L110_S05_Q05,11,Q0019,F7,0,L110_S05_T022,0.26591004
L110,L110_S06,L110_S06_Q01,13,Q0010,F4,0,L110_S06_T002,0.38787845
L110,L110_S06,L110_S06_Q02,13,Q0022,F8,1,L110_S06_T007,0.32553788
L110,L110_S06,L110_S06_Q03,13,Q0019,F7,0,L110_S06_T012,0.28682273
L110,L110_S06,L110_S06_Q04,13,Q0009,F3,1,L110_S06_T017,0.4251048
L110,L110_S06,L110_S06_Q05,13,Q0013,F5,1,L110_S06_T022,0.36755398
L110,L110_S07,L110_S07_Q01,16,Q0019,F7,1,L110_S07_T002,0.30310107
L110,L110_S07,L110_S07_Q02,16,Q0010,F4,0,L110_S07_T007,0.39717534
L110,L110_S07,L110_S07_Q03,16,Q0001,F1,0,L110_S07_T012,0.43016192
L110,L110_S07,L110_S07_Q04,16,Q0004,F2,0,L110_S07_T017,0.39940316
L110,L110_S07,L110_S07_Q05,16,Q0017,F6,0,L110_S07_T022,0.49121209
L110,L110_S08,L110_S08_Q01,18,Q0010,F4,0,L110_S08_T002,0.4103937
L110,L110_S08,L110_S08_Q02,18,Q0003,F1,0,L110_S08_T007,0.44144672
L110,L110_S08,L110_S08_Q03,18,Q0007,F3,0,L110_S08_T012,0.50344333
L110,L110_S08,L110_S08_Q04,18,Q0014,F5,0,L110_S08_T017,0.45917843
L110,L110_S08,L110_S08_Q05,18,Q0022,F8,0,L110_S08_T022,0.42686198
L111,L111_S01,L111_S01_Q01,1,Q0012,F4,0,L111_S01_T002,0.23799374
L111,L111_S01,L111_S01_Q02,1,Q0006,F2,0,L111_S01_T007,0.21142576
L111,L111_S01,L111_S01_Q03,1,Q0008,F3,1,L111_S01_T012,0.11827965
L111,L111_S01,L111_S01_Q04,1,Q0017,F6,0,L111_S01_T017,0.26756127
L111,L111_S01,L111_S01_Q05,1,Q0022,F8,0,L111_S01_T022,0.19981577
L111,L111_S02,L111_S02_Q01,3,Q0006,F2,0,L111_S02_T002,0.23845905
L111,L111_S02,L111_S02_Q02,3,Q0003,F1,1,L111_S02_T007,0.22113587
L111,L111_S02,L111_S02_Q03,3,Q0017,F6,0,L111_S02_T012,0.29117141
L111,L111_S02,L111_S02_Q04,3,Q0021,F7,0,L111_S02_T017,0.23384311
L111,L111_S02,L111_S02_Q05,3,Q0022,F8,0,L111_S02_T022,0.22755704
L111,L111_S03,L111_S03_Q01,6,Q0003,F1,0,L111_S03_T002,0.36802837
L111,L111_S03,L111_S03_Q02,6,Q0023,F8,1,L111_S03_T007,0.25092273
L111,L111_S03,L111_S03_Q03,6,Q0015,F5,1,L111_S03_T012,0.27856674
L111,L111_S03,L111_S03_Q04,6,Q0020,F7,0,L111_S03_T017,0.256763
L111,L111_S03,L111_S03_Q05,6,Q0013,F5,0,L111_S03_T022,0.42568401
L111,L111_S04,L111_S04_Q01,8,Q0023,F8,0,L111_S04_T002,0.39517824
L111,L111_S04,L111_S04_Q02,8,Q0012,F4,1,L111_S04_T007,0.24976066
L111,L111_S04,L111_S04_Q03,8,Q0009,F3,1,L111_S04_T012,0.2766898
L111,L111_S04,L111_S04_Q04,8,Q0012,F4,1,L111_S04_T017,0.40275216
L111,L111_S04,L111_S04_Q05,8,Q0008,F3,0,L111_S04_T022,0.42418982
L111,L111_S05,L111_S05_Q01,11,Q0003,F1,1,L111_S05_T002,0.37340149
L111,L111_S05,L111_S05_Q02,11,Q0012,F4,0,L111_S05_T007,0.50806694
L111,L111_S05,L111_S05_Q03,11,Q0020,F7,1,L111_S05_T012,0.27220326
L111,L111_S05,L111_S05_Q04,11,Q0001,F1,1,L111_S05_T017,0.50117972
L111,L111_S05,L111_S05_Q05,11,Q0015,F5,0,L111_S05_T022,0.42584053
L111,L111_S06,L111_S06_Q01,13,Q0014,F5,1,L111_S06_T002,0.4397988
L111,L111_S06,L111_S06_Q02,13,Q0012,F4,0,L111_S06_T007,0.51701105
L111,L111_S06,L111_S06_Q03,13,Q0021,F7,0,L111_S06_T012,0.4117625
L111,L111_S06,L111_S06_Q04,13,Q0008,F3,0,L111_S06_T017,0.42448153
L111,L111_S06,L111_S06_Q05,13,Q0023,F8,0,L111_S06_T022,0.39809488
L111,L111_S07,L111_S07_Q01,16,Q0004,F2,0,L111_S07_T002,0.23470377
L111,L111_S07,L111_S07_Q02,16,Q0006,F2,0,L111_S07_T007,0.26591616
L111,L111_S07,L111_S07_Q03,16,Q0022,F8,0,L111_S07_T012,0.40936643
L111,L111_S07,L111_S07_Q04,16,Q0016,F6,0,L111_S07_T017,0.27873495
L111,L111_S07,L111_S07_Q05,16,Q0008,F3,0,L111_S07_T022,0.43388179
L111,L111_S08,L111_S08_Q01,18,Q0016,F6,1,L111_S08_T002,0.30166373
L111,L111_S08,L111_S08_Q02,18,Q0006,F2,0,L111_S08_T007,0.28962663
L111,L111_S08,L111_S08_Q03,18,Q0006,F2,0,L111_S08_T012,0.31859901
L111,L111_S08,L111_S08_Q04,18,Q0005,F2,0,L111_S08_T017,0.34638975
L111,L111_S08,L111_S08_Q05,18,Q0005,F2,1,L111_S08_T022,0.37304706
L112,L112_S01,L112_S01_Q01,1,Q0012,F4,1,L112_S01_T002,0.23624559
L112,L112_S01,L112_S01_Q02,1,Q0009,F3,0,L112_S01_T007,0.13536417
L112,L112_S01,L112_S01_Q03,1,Q0001,F1,0,L112_S01_T012,0.13433668
L112,L112_S01,L112_S01_Q04,1,Q0018,F6,0,L112_S01_T017,0.14105689
L112,L112_S01,L112_S01_Q05,1,Q0022,F8,0,L112_S01_T022,0.19626828
L112,L112_S02,L112_S02_Q01,3,Q0016,F6,0,L112_S02_T002,0.17294322
L112,L112_S02,L112_S02_Q02,3,Q0019,F7,0,L112_S02_T007,0.1506979
L112,L112_S02,L112_S02_Q03,3,Q0002,F1,1,L112_S02_T012,0.16661055
L112,L112_S02,L112_S02_Q04,3,Q0020,F7,0,L112_S02_T017,0.18529828
L112,L112_S02,L112_S02_Q05,3,Q0015,F5,0,L112_S02_T022,0.19996008
L112,L112_S03,L112_S03_Q01,6,Q0008,F3,0,L112_S03_T002,0.16316242
L112,L112_S03,L112_S03_Q02,6,Q0011,F4,0,L112_S03_T007,0.37476306
L112,L112_S03,L112_S03_Q03,6,Q0002,F1,0,L112_S03_T012,0.32750634
L112,L112_S03,L112_S03_Q04,6,Q0005,F2,1,L112_S03_T017,0.32587289
L112,L112_S03,L112_S03_Q05,6,Q0001,F1,0,L112_S03_T022,0.35490358
L112,L112_S04,L112_S04_Q01,8,Q0007,F3,0,L112_S04_T002,0.19377396
L112,L112_S04,L112_S04_Q02,8,Q0023,F8,1,L112_S04_T007,0.21517628
L112,L112_S04,L112_S04_Q03,8,Q0017,F6,0,L112_S04_T012,0.19764111
L112,L112_S04,L112_S04_Q04,8,Q0014,F5,0,L112_S04_T017,0.22242901
L112,L112_S04,L112_S04_Q05,8,Q0005,F2,1,L112_S04_T022,0.4550177
L112,L112_S05,L112_S05_Q01,11,Q0008,F3,0,L112_S05_T002,0.22064711
L112,L112_S05,L112_S05_Q02,11,Q0020,F7,0,L112_S05_T007,0.20346947
L112,L112_S05,L112_S05_Q03,11,Q0012,F4,0,L112_S05_T012,0.38281032
L112,L112_S05,L112_S05_Q04,11,Q0016,F6,1,L112_S05_T017,0.22425894
L112,L112_S05,L112_S05_Q05,11,Q0023,F8,0,L112_S05_T022,0.3651601
L112,L112_S06,L112_S06_Q01,13,Q0001,F1,0,L112_S06_T002,0.35815525
L112,L112_S06,L112_S06_Q02,13,Q0014,F5,1,L112_S06_T007,0.2430442
L112,L112_S06,L112_S06_Q03,13,Q0021,F7,0,L112_S06_T012,0.23175658
L112,L112_S06,L112_S06_Q04,13,Q0009,F3,0,L112_S06_T017,0.24794361
L112,L112_S06,L112_S06_Q05,13,Q0005,F2,0,L112_S06_T022,0.54138714
L112,L112_S07,L112_S07_Q01,16,Q0012,F4,1,L112_S07_T002,0.39019367
L112,L112_S07,L112_S07_Q02,16,Q0019,F7,0,L112_S07_T007,0.25612211
L112,L112_S07,L112_S07_Q03,16,Q0020,F7,0,L112_S07_T012,0.28642753
L112,L112_S07,L112_S07_Q04,16,Q0014,F5,0,L112_S07_T017,0.38676653
L112,L112_S07,L112_S07_Q05,16,Q0004,F2,1,L112_S07_T022,0.54531084
L112,L112_S08,L112_S08_Q01,18,Q0017,F6,1,L112_S08_T002,0.35918115
L112,L112_S08,L112_S08_Q02,18,Q0024,F8,0,L112_S08_T007,0.36739951
L112,L112_S08,L112_S08_Q03,18,Q0008,F3,0,L112_S08_T012,0.26645378
L112,L112_S08,L112_S08_Q04,18,Q0001,F1,1,L112_S08_T017,0.3675727
L112,L112_S08,L112_S08_Q05,18,Q0018,F6,0,L112_S08_T022,0.48971523
L113,L113_S01,L113_S01_Q01,1,Q0017,F6,0,L113_S01_T002,0.21601818
L113,L113_S01,L113_S01_Q02,1,Q0004,F2,0,L113_S01_T007,0.19608409
L113,L113_S01,L113_S01_Q03,1,Q0002,F1,1,L113_S01_T012,0.2861213
L113,L113_S01,L113_S01_Q04,1,Q0012,F4,0,L113_S01_T017,0.14431847
L113,L113_S01,L113_S01_Q05,1,Q0008,F3,0,L113_S01_T022,0.24878697
L113,L113_S02,L113_S02_Q01,3,Q0010,F4,0,L113_S02_T002,0.1835226
L113,L113_S02,L113_S02_Q02,3,Q0016,F6,0,L113_S02_T007,0.24890366
L113,L113_S02,L113_S02_Q03,3,Q0020,F7,0,L113_S02_T012,0.20181718
L113,L113_S02,L113_S02_Q04,3,Q0013,F5,0,L113_S02_T017,0.27626339
L113,L113_S02,L113_S02_Q05,3,Q0012,F4,0,L113_S02_T022,0.22750857
L113,L113_S03,L113_S03_Q01,6,Q0012,F4,1,L113_S03_T002,0.25464279
L113,L113_S03,L113_S03_Q02,6,Q0023,F8,1,L113_S03_T007,0.17497558
L113,L113_S03,L113_S03_Q03,6,Q0005,F2,0,L113_S03_T012,0.21831049
L113,L113_S03,L113_S03_Q04,6,Q0022,F8,1,L113_S03_T017,0.39720768
L113,L113_S03,L113_S03_Q05,6,Q0009,F3,1,L113_S03_T022,0.26378274
L113,L113_S04,L113_S04_Q01,8,Q0023,F8,0,L113_S04_T002,0.53931931
L113,L113_S04,L113_S04_Q02,8,Q0021,F7,1,L113_S04_T007,0.22325703
L113,L113_S04,L113_S04_Q03,8,Q0014,F5,0,L113_S04_T012,0.28748951
L113,L113_S04,L113_S04_Q04,8,Q0003,F1,0,L113_S04_T017,0.42048656
L113,L113_S04,L113_S04_Q05,8,Q0020,F7,1,L113_S04_T022,0.43248384
L113,L113_S05,L113_S05_Q01,11,Q0004,F2,0,L113_S05_T002,0.23748752
L113,L113_S05,L113_S05_Q02,11,Q0021,F7,0,L113_S05_T007,0.55385356
L113,L113_S05,L113_S05_Q03,11,Q0006,F2,0,L113_S05_T012,0.27856624
L113,L113_S05,L113_S05_Q04,11,Q0005,F2,0,L113_S05_T017,0.31743194
L113,L113_S05,L113_S05_Q05,11,Q0018,F6,1,L113_S05_T022,0.24968338
L113,L113_S06,L113_S06_Q01,13,Q0012,F4,0,L113_S06_T002,0.40027208
L113,L113_S06,L113_S06_Q02,13,Q0013,F5,0,L113_S06_T007,0.29717544
L113,L113_S06,L113_S06_Q03,13,Q0021,F7,1,L113_S06_T012,0.55696674
L113,L113_S06,L113_S06_Q04,13,Q0023,F8,0,L113_S06_T017,0.51445515
L113,L113_S06,L113_S06_Q05,13,Q0014,F5,1,L113_S06_T022,0.3350386
L113,L113_S07,L113_S07_Q01,16,Q0008,F3,0,L113_S07_T002,0.38428626
L113,L113_S07,L113_S07_Q02,16,Q0003,F1,0,L113_S07_T007,0.38975934
L113,L113_S07,L113_S07_Q03,16,Q0018,F6,0,L113_S07_T012,0.41200357
L113,L113_S07,L113_S07_Q04,16,Q0022,F8,0,L113_S07_T017,0.5115215
L113,L113_S07,L113_S07_Q05,16,Q0017,F6,0,L113_S07_T022,0.44368061
L113,L113_S08,L113_S08_Q01,18,Q0007,F3,1,L113_S08_T002,0.40234283
L113,L113_S08,L113_S08_Q02,18,Q0001,F1,0,L113_S08_T007,0.40733359
L113,L113_S08,L113_S08_Q03,18,Q0011,F4,0,L113_S08_T012,0.39448467
L113,L113_S08,L113_S08_Q04,18,Q0006,F2,0,L113_S08_T017,0.31131557
L113,L113_S08,L113_S08_Q05,18,Q0014,F5,0,L113_S08_T022,0.46887492
L114,L114_S01,L114_S01_Q01,1,Q0001,F1,1,L114_S01_T002,0.3196744
L114,L114_S01,L114_S01_Q02,1,Q0009,F3,0,L114_S01_T007,0.26876912
L114,L114_S01,L114_S01_Q03,1,Q0003,F1,1,L114_S01_T012,0.45130488
L114,L114_S01,L114_S01_Q04,1,Q0010,F4,0,L114_S01_T017,0.20570998
L114,L114_S01,L114_S01_Q05,1,Q0024,F8,0,L114_S01_T022,0.26308506
L114,L114_S02,L114_S02_Q01,3,Q0014,F5,0,L114_S02_T002,0.3017202
L114,L114_S02,L114_S02_Q02,3,Q0016,F6,0,L114_S02_T007,0.31422439
L114,L114_S02,L114_S02_Q03,3,Q0018,F6,0,L114_S02_T012,0.34076138
L114,L114_S02,L114_S02_Q04,3,Q0011,F4,0,L114_S02_T017,0.23155836
L114,L114_S02,L114_S02_Q05,3,Q0024,F8,0,L114_S02_T022,0.2855731
L114,L114_S03,L114_S03_Q01,6,Q0005,F2,0,L114_S03_T002,0.308411
L114,L114_S03,L114_S03_Q02,6,Q0011,F4,0,L114_S03_T007,0.25323419
L114,L114_S03,L114_S03_Q03,6,Q0015,F5,0,L114_S03_T012,0.31860052
L114,L114_S03,L114_S03_Q04,6,Q0019,F7,0,L114_S03_T017,0.32159049
L114,L114_S03,L114_S03_Q05,6,Q0009,F3,0,L114_S03_T022,0.28195024
L114,L114_S04,L114_S04_Q01,8,Q0010,F4,0,L114_S04_T002,0.27629918
L114,L114_S04,L114_S04_Q02,8,Q0005,F2,0,L114_S04_T007,0.32824439
L114,L114_S04,L114_S04_Q03,8,Q0010,F4,1,L114_S04_T012,0.30430374
L114,L114_S04,L114_S04_Q04,8,Q0007,F3,0,L114_S04_T017,0.30333338
L114,L114_S04,L114_S04_Q05,8,Q0021,F7,1,L114_S04_T022,0.34065198
L114,L114_S05,L114_S05_Q01,11,Q0014,F5,0,L114_S05_T002,0.32741601
L114,L114_S05,L114_S05_Q02,11,Q0018,F6,1,L114_S05_T007,0.33691204
L114,L114_S05,L114_S05_Q03,11,Q0001,F1,1,L114_S05_T012,0.50218202
L114,L114_S05,L114_S05_Q04,11,Q0004,F2,1,L114_S05_T017,0.3433118
L114,L114_S05,L114_S05_Q05,11,Q0022,F8,1,L114_S05_T022,0.28811192
L114,L114_S06,L114_S06_Q01,13,Q0020,F7,1,L114_S06_T002,0.44440022
L114,L114_S06,L114_S06_Q02,13,Q0024,F8,0,L114_S06_T007,0.41704619
L114,L114_S06,L114_S06_Q03,13,Q0010,F4,1,L114_S06_T012,0.41657628
L114,L114_S06,L114_S06_Q04,13,Q0024,F8,0,L114_S06_T017,0.43960435
L114,L114_S06,L114_S06_Q05,13,Q0007,F3,1,L114_S06_T022,0.3134864
L114,L114_S07,L114_S07_Q01,16,Q0018,F6,0,L114_S07_T002,0.44153736
L114,L114_S07,L114_S07_Q02,16,Q0002,F1,1,L114_S07_T007,0.56804862
L114,L114_S07,L114_S07_Q03,16,Q0012,F4,1,L114_S07_T012,0.51312607
L114,L114_S07,L114_S07_Q04,16,Q0015,F5,0,L114_S07_T017,0.33545919
L114,L114_S07,L114_S07_Q05,16,Q0007,F3,0,L114_S07_T022,0.43254688
L114,L114_S08,L114_S08_Q01,18,Q0019,F7,0,L114_S08_T002,0.52381767
L114,L114_S08,L114_S08_Q02,18,Q0015,F5,0,L114_S08_T007,0.35370843
L114,L114_S08,L114_S08_Q03,18,Q0005,F2,0,L114_S08_T012,0.43720772
L114,L114_S08,L114_S08_Q04,18,Q0014,F5,1,L114_S08_T017,0.37871753
L114,L114_S08,L114_S08_Q05,18,Q0008,F3,0,L114_S08_T022,0.44510988
L115,L115_S01,L115_S01_Q01,1,Q0021,F7,0,L115_S01_T002,0.33113542
L115,L115_S01,L115_S01_Q02,1,Q0014,F5,0,L115_S01_T007,0.15124358
L115,L115_S01,L115_S01_Q03,1,Q0006,F2,0,L115_S01_T012,0.31218675
L115,L115_S01,L115_S01_Q04,1,Q0001,F1,0,L115_S01_T017,0.33096148
L115,L115_S01,L115_S01_Q05,1,Q0012,F4,1,L115_S01_T022,0.26842061
L115,L115_S02,L115_S02_Q01,3,Q0016,F6,1,L115_S02_T002,0.32441786
L115,L115_S02,L115_S02_Q02,3,Q0004,F2,0,L115_S02_T007,0.34210063
L115,L115_S02,L115_S02_Q03,3,Q0016,F6,1,L115_S02_T012,0.51294184
L115,L115_S02,L115_S02_Q04,3,Q0019,F7,0,L115_S02_T017,0.35955932
L115,L115_S02,L115_S02_Q05,3,Q0009,F3,0,L115_S02_T022,0.27537923
L115,L115_S03,L115_S03_Q01,6,Q0022,F8,0,L115_S03_T002,0.17269747
L115,L115_S03,L115_S03_Q02,6,Q0014,F5,0,L115_S03_T007,0.18682861
L115,L115_S03,L115_S03_Q03,6,Q0024,F8,0,L115_S03_T012,0.21886991
L115,L115_S03,L115_S03_Q04,6,Q0014,F5,0,L115_S03_T017,0.23221237
L115,L115_S03,L115_S03_Q05,6,Q0023,F8,0,L115_S03_T022,0.26246542
L115,L115_S04,L115_S04_Q01,8,Q0003,F1,1,L115_S04_T002,0.33807403
L115,L115_S04,L115_S04_Q02,8,Q0014,F5,0,L115_S04_T007,0.26841482
L115,L115_S04,L115_S04_Q03,8,Q0022,F8,0,L115_S04_T012,0.29628901
L115,L115_S04,L115_S04_Q04,8,Q0008,F3,1,L115_S04_T017,0.29708161
L115,L115_S04,L115_S04_Q05,8,Q0010,F4,0,L115_S04_T022,0.43378623
L115,L115_S05,L115_S05_Q01,11,Q0022,F8,0,L115_S05_T002,0.32347141
L115,L115_S05,L115_S05_Q02,11,Q0023,F8,0,L115_S05_T007,0.36122902
L115,L115_S05,L115_S05_Q03,11,Q0014,F5,1,L115_S05_T012,0.29810131
L115,L115_S05,L115_S05_Q04,11,Q0010,F4,1,L115_S05_T017,0.44861652
L115,L115_S05,L115_S05_Q05,11,Q0004,F2,0,L115_S05_T022,0.34350022
L115,L115_S06,L115_S06_Q01,13,Q0001,F1,0,L115_S06_T002,0.4917675
L115,L115_S06,L115_S06_Q02,13,Q0007,F3,1,L115_S06_T007,0.46396774
L115,L115_S06,L115_S06_Q03,13,Q0021,F7,1,L115_S06_T012,0.3497838
L115,L115_S06,L115_S06_Q04,13,Q0011,F4,1,L115_S06_T017,0.58792006
L115,L115_S06,L115_S06_Q05,13,Q0003,F1,1,L115_S06_T022,0.52013238
L115,L115_S07,L115_S07_Q01,16,Q0021,F7,1,L115_S07_T002,0.51208606
L115,L115_S07,L115_S07_Q02,16,Q0015,F5,0,L115_S07_T007,0.46465926
L115,L115_S07,L115_S07_Q03,16,Q0018,F6,1,L115_S07_T012,0.55345201
L115,L115_S07,L115_S07_Q04,16,Q0017,F6,1,L115_S07_T017,0.67806306
L115,L115_S07,L115_S07_Q05,16,Q0004,F2,0,L115_S07_T022,0.35758432
L115,L115_S08,L115_S08_Q01,18,Q0022,F8,0,L115_S08_T002,0.36430686
L115,L115_S08,L115_S08_Q02,18,Q0007,F3,1,L115_S08_T007,0.57714463
L115,L115_S08,L115_S08_Q03,18,Q0019,F7,1,L115_S08_T012,0.63257217
L115,L115_S08,L115_S08_Q04,18,Q0004,F2,0,L115_S08_T017,0.38392848
L115,L115_S08,L115_S08_Q05,18,Q0022,F8,0,L115_S08_T022,0.39978541
L116,L116_S01,L116_S01_Q01,1,Q0023,F8,0,L116_S01_T002,0.11228292
L116,L116_S01,L116_S01_Q02,1,Q0020,F7,1,L116_S01_T007,0.31398525
L116,L116_S01,L116_S01_Q03,1,Q0007,F3,0,L116_S01_T012,0.20526147
L116,L116_S01,L116_S01_Q04,1,Q0024,F8,0,L116_S01_T017,0.15061982
L116,L116_S01,L116_S01_Q05,1,Q0016,F6,0,L116_S01_T022,0.27419711
L116,L116_S02,L116_S02_Q01,3,Q0023,F8,0,L116_S02_T002,0.18112717
L116,L116_S02,L116_S02_Q02,3,Q0023,F8,0,L116_S02_T007,0.21649096
L116,L116_S02,L116_S02_Q03,3,Q0016,F6,1,L116_S02_T012,0.29547014
L116,L116_S02,L116_S02_Q04,3,Q0012,F4,0,L116_S02_T017,0.17662183
L116,L116_S02,L116_S02_Q05,3,Q0011,F4,0,L116_S02_T022,0.21218018
L116,L116_S03,L116_S03_Q01,6,Q0009,F3,0,L116_S03_T002,0.22032521
L116,L116_S03,L116_S03_Q02,6,Q0013,F5,0,L116_S03_T007,0.25515105
L116,L116_S03,L116_S03_Q03,6,Q0010,F4,0,L116_S03_T012,0.23413057
L116,L116_S03,L116_S03_Q04,6,Q0004,F2,0,L116_S03_T017,0.21697109
L116,L116_S03,L116_S03_Q05,6,Q0013,F5,0,L116_S03_T022,0.28731805
L116,L116_S04,L116_S04_Q01,8,Q0010,F4,0,L116_S04_T002,0.25839758
L116,L116_S04,L116_S04_Q02,8,Q0002,F1,1,L116_S04_T007,0.30124236
L116,L116_S04,L116_S04_Q03,8,Q0003,F1,1,L116_S04_T012,0.45212487
L116,L116_S04,L116_S04_Q04,8,Q0021,F7,0,L116_S04_T017,0.41096295
L116,L116_S04,L116_S04_Q05,8,Q0006,F2,0,L116_S04_T022,0.24252034
L116,L116_S05,L116_S05_Q01,11,Q0016,F6,1,L116_S05_T002,0.39143737
L116,L116_S05,L116_S05_Q02,11,Q0007,F3,0,L116_S05_T007,0.23357987
L116,L116_S05,L116_S05_Q03,11,Q0011,F4,1,L116_S05_T012,0.27618366
L116,L116_S05,L116_S05_Q04,11,Q0006,F2,1,L116_S05_T017,0.26173701
L116,L116_S05,L116_S05_Q05,11,Q0013,F5,1,L116_S05_T022,0.2925272
L116,L116_S06,L116_S06_Q01,13,Q0024,F8,0,L116_S06_T002,0.21170203
L116,L116_S06,L116_S06_Q02,13,Q0011,F4,1,L116_S06_T007,0.41822153
L116,L116_S06,L116_S06_Q03,13,Q0013,F5,1,L116_S06_T012,0.43061362
L116,L116_S06,L116_S06_Q04,13,Q0003,F1,1,L116_S06_T017,0.52457617
L116,L116_S06,L116_S06_Q05,13,Q0023,F8,0,L116_S06_T022,0.24574541
L116,L116_S07,L116_S07_Q01,16,Q0022,F8,1,L116_S07_T002,0.26467149
L116,L116_S07,L116_S07_Q02,16,Q0019,F7,0,L116_S07_T007,0.38164443
L116,L116_S07,L116_S07_Q03,16,Q0005,F2,0,L116_S07_T012,0.38729769
L116,L116_S07,L116_S07_Q04,16,Q0007,F3,1,L116_S07_T017,0.24524272
L116,L116_S07,L116_S07_Q05,16,Q0020,F7,0,L116_S07_T022,0.40834869
L116,L116_S08,L116_S08_Q01,18,Q0008,F3,1,L116_S08_T002,0.39476132
L116,L116_S08,L116_S08_Q02,18,Q0001,F1,1,L116_S08_T007,0.57681692
L116,L116_S08,L116_S08_Q03,18,Q0017,F6,1,L116_S08_T012,0.46496868
L116,L116_S08,L116_S08_Q04,18,Q0007,F3,1,L116_S08_T017,0.52545032
L116,L116_S08,L116_S08_Q05,18,Q0024,F8,1,L116_S08_T022,0.40949271
L117,L117_S01,L117_S01_Q01,1,Q0009,F3,0,L117_S01_T002,0.14454716
L117,L117_S01,L117_S01_Q02,1,Q0024,F8,0,L117_S01_T007,0.21845717
L117,L117_S01,L117_S01_Q03,1,Q0009,F3,0,L117_S01_T012,0.1761906
L117,L117_S01,L117_S01_Q04,1,Q0005,F2,0,L117_S01_T017,0.16444251
L117,L117_S01,L117_S01_Q05,1,Q0003,F1,0,L117_S01_T022,0.2323856
L117,L117_S02,L117_S02_Q01,3,Q0018,F6,0,L117_S02_T002,0.22515575
L117,L117_S02,L117_S02_Q02,3,Q0021,F7,1,L117_S02_T007,0.20360856
L117,L117_S02,L117_S02_Q03,3,Q0023,F8,1,L117_S02_T012,0.24265847
L117,L117_S02,L117_S02_Q04,3,Q0011,F4,0,L117_S02_T017,0.15991888
L117,L117_S02,L117_S02_Q05,3,Q0012,F4,0,L117_S02_T022,0.19099372
L117,L117_S03,L117_S03_Q01,6,Q0010,F4,0,L117_S03_T002,0.21464199
L117,L117_S03,L117_S03_Q02,6,Q0021,F7,1,L117_S03_T007,0.34093191
L117,L117_S03,L117_S03_Q03,6,Q0017,F6,1,L117_S03_T012,0.2466056
L117,L117_S03,L117_S03_Q04,6,Q0013,F5,0,L117_S03_T017,0.23592852
L117,L117_S03,L117_S03_Q05,6,Q0006,F2,0,L117_S03_T022,0.18618692
L117,L117_S04,L117_S04_Q01,8,Q0005,F2,0,L117_S04_T002,0.2121734
L117,L117_S04,L117_S04_Q02,8,Q0008,F3,0,L117_S04_T007,0.1932208
L117,L117_S04,L117_S04_Q03,8,Q0003,F1,0,L117_S04_T012,0.24381705
L117,L117_S04,L117_S04_Q04,8,Q0013,F5,1,L117_S04_T017,0.25916331
L117,L117_S04,L117_S04_Q05,8,Q0007,F3,0,L117_S04_T022,0.2230638
L117,L117_S05,L117_S05_Q01,11,Q0024,F8,1,L117_S05_T002,0.35441289
L117,L117_S05,L117_S05_Q02,11,Q0014,F5,1,L117_S05_T007,0.38492516
L117,L117_S05,L117_S05_Q03,11,Q0003,F1,0,L117_S05_T012,0.26406599
L117,L117_S05,L117_S05_Q04,11,Q0020,F7,1,L117_S05_T017,0.44111809
L117,L117_S05,L117_S05_Q05,11,Q0011,F4,0,L117_S05_T022,0.23226195
L117,L117_S06,L117_S06_Q01,13,Q0008,F3,0,L117_S06_T002,0.23999181
L117,L117_S06,L117_S06_Q02,13,Q0010,F4,1,L117_S06_T007,0.25569958
L117,L117_S06,L117_S06_Q03,13,Q0005,F2,0,L117_S06_T012,0.22999618
L117,L117_S06,L117_S06_Q04,13,Q0004,F2,0,L117_S06_T017,0.25847884
L117,L117_S06,L117_S06_Q05,13,Q0020,F7,0,L117_S06_T022,0.5341208
L117,L117_S07,L117_S07_Q01,16,Q0009,F3,1,L117_S07_T002,0.26048691
L117,L117_S07,L117_S07_Q02,16,Q0014,F5,1,L117_S07_T007,0.47529284
L117,L117_S07,L117_S07_Q03,16,Q0008,F3,0,L117_S07_T012,0.39726092
L117,L117_S07,L117_S07_Q04,16,Q0004,F2,0,L117_S07_T017,0.27778425
L117,L117_S07,L117_S07_Q05,16,Q0017,F6,0,L117_S07_T022,0.35058963
L117,L117_S08,L117_S08_Q01,18,Q0024,F8,1,L117_S08_T002,0.44299512
L117,L117_S08,L117_S08_Q02,18,Q0001,F1,1,L117_S08_T007,0.2723411
L117,L117_S08,L117_S08_Q03,18,Q0004,F2,0,L117_S08_T012,0.29870361
L117,L117_S08,L117_S08_Q04,18,Q0005,F2,0,L117_S08_T017,0.32464477
L117,L117_S08,L117_S08_Q05,18,Q0016,F6,0,L117_S08_T022,0.36748143
L118,L118_S01,L118_S01_Q01,1,Q0004,F2,0,L118_S01_T002,0.21880587
L118,L118_S01,L118_S01_Q02,1,Q0024,F8,0,L118_S01_T007,0.14825485
L118,L118_S01,L118_S01_Q03,1,Q0014,F5,1,L118_S01_T012,0.12220983
L118,L118_S01,L118_S01_Q04,1,Q0018,F6,0,L118_S01_T017,0.34037779
L118,L118_S01,L118_S01_Q05,1,Q0008,F3,0,L118_S01_T022,0.25839882
L118,L118_S02,L118_S02_Q01,3,Q0009,F3,0,L118_S02_T002,0.28243194
L118,L118_S02,L118_S02_Q02,3,Q0021,F7,0,L118_S02_T007,0.16463792
L118,L118_S02,L118_S02_Q03,3,Q0021,F7,0,L118_S02_T012,0.20167268
L118,L118_S02,L118_S02_Q04,3,Q0001,F1,0,L118_S02_T017,0.1313239
L118,L118_S02,L118_S02_Q05,3,Q0002,F1,0,L118_S02_T022,0.1698356
L118,L118_S03,L118_S03_Q01,6,Q0002,F1,0,L118_S03_T002,0.19729955
L118,L118_S03,L118_S03_Q02,6,Q0017,F6,0,L118_S03_T007,0.34219746
L118,L118_S03,L118_S03_Q03,6,Q0010,F4,1,L118_S03_T012,0.16420891
L118,L118_S03,L118_S03_Q04,6,Q0014,F5,0,L118_S03_T017,0.29328466
L118,L118_S03,L118_S03_Q05,6,Q0012,F4,0,L118_S03_T022,0.34947783
L118,L118_S04,L118_S04_Q01,8,Q0015,F5,0,L118_S04_T002,0.31475878
L118,L118_S04,L118_S04_Q02,8,Q0004,F2,1,L118_S04_T007,0.22751046
L118,L118_S04,L118_S04_Q03,8,Q0024,F8,0,L118_S04_T012,0.16698513
L118,L118_S04,L118_S04_Q04,8,Q0023,F8,0,L118_S04_T017,0.20391584
L118,L118_S04,L118_S04_Q05,8,Q0011,F4,1,L118_S04_T022,0.36682999
L118,L118_S05,L118_S05_Q01,11,Q0013,F5,0,L118_S05_T002,0.32953745
L118,L118_S05,L118_S05_Q02,11,Q0020,F7,1,L118_S05_T007,0.20955598
L118,L118_S05,L118_S05_Q03,11,Q0003,F1,0,L118_S05_T012,0.21560741
L118,L118_S05,L118_S05_Q04,11,Q0010,F4,0,L118_S05_T017,0.48425876
L118,L118_S05,L118_S05_Q05,11,Q0023,F8,0,L118_S05_T022,0.22839671
L118,L118_S06,L118_S06_Q01,13,Q0004,F2,0,L118_S06_T002,0.36916253
L118,L118_S06,L118_S06_Q02,13,Q0003,F1,0,L118_S06_T007,0.24277943
L118,L118_S06,L118_S06_Q03,13,Q0023,F8,0,L118_S06_T012,0.25463058
L118,L118_S06,L118_S06_Q04,13,Q0009,F3,0,L118_S06_T017,0.26934388
L118,L118_S06,L118_S06_Q05,13,Q0009,F3,0,L118_S06_T022,0.30173663
L118,L118_S07,L118_S07_Q01,16,Q0003,F1,0,L118_S07_T002,0.26385853
L118,L118_S07,L118_S07_Q02,16,Q0022,F8,0,L118_S07_T007,0.27467234
L118,L118_S07,L118_S07_Q03,16,Q0001,F1,0,L118_S07_T012,0.29649447
L118,L118_S07,L118_S07_Q04,16,Q0006,F2,0,L118_S07_T017,0.37917918
L118,L118_S07,L118_S07_Q05,16,Q0012,F4,0,L118_S07_T022,0.46949774
L118,L118_S08,L118_S08_Q01,18,Q0018,F6,0,L118_S08_T002,0.3086334
L118,L118_S08,L118_S08_Q02,18,Q0018,F6,1,L118_S08_T007,0.3392843
L118,L118_S08,L118_S08_Q03,18,Q0014,F5,0,L118_S08_T012,0.32250648
L118,L118_S08,L118_S08_Q04,18,Q0019,F7,1,L118_S08_T017,0.34540775
L118,L118_S08,L118_S08_Q05,18,Q0009,F3,0,L118_S08_T022,0.30800928
L119,L119_S01,L119_S01_Q01,1,Q0011,F4,0,L119_S01_T002,0.16611306
L119,L119_S01,L119_S01_Q02,1,Q0009,F3,0,L119_S01_T007,0.14219631
L119,L119_S01,L119_S01_Q03,1,Q0014,F5,1,L119_S01_T012,0.29346284
L119,L119_S01,L119_S01_Q04,1,Q0001,F1,1,L119_S01_T017,0.16776355
L119,L119_S01,L119_S01_Q05,1,Q0001,F1,0,L119_S01_T022,0.32931451
L119,L119_S02,L119_S02_Q01,3,Q0001,F1,0,L119_S02_T002,0.34077161
L119,L119_S02,L119_S02_Q02,3,Q0021,F7,0,L119_S02_T007,0.29112828
L119,L119_S02,L119_S02_Q03,3,Q0016,F6,0,L119_S02_T012,0.20465572
L119,L119_S02,L119_S02_Q04,3,Q0024,F8,1,L119_S02_T017,0.29620108
L119,L119_S02,L119_S02_Q05,3,Q0017,F6,1,L119_S02_T022,0.23553364
L119,L119_S03,L119_S03_Q01,6,Q0008,F3,0,L119_S03_T002,0.15804626
L119,L119_S03,L119_S03_Q02,6,Q0008,F3,0,L119_S03_T007,0.19073371
L119,L119_S03,L119_S03_Q03,6,Q0005,F2,0,L119_S03_T012,0.1781936
L119,L119_S03,L119_S03_Q04,6,Q0021,F7,0,L119_S03_T017,0.299239
L119,L119_S03,L119_S03_Q05,6,Q0006,F2,0,L119_S03_T022,0.21009886
L119,L119_S04,L119_S04_Q01,8,Q0015,F5,0,L119_S04_T002,0.37187812
L119,L119_S04,L119_S04_Q02,8,Q0022,F8,1,L119_S04_T007,0.38977753
L119,L119_S04,L119_S04_Q03,8,Q0010,F4,0,L119_S04_T012,0.17141381
L119,L119_S04,L119_S04_Q04,8,Q0009,F3,0,L119_S04_T017,0.21303658
L119,L119_S04,L119_S04_Q05,8,Q0004,F2,0,L119_S04_T022,0.23088616
L119,L119_S05,L119_S05_Q01,11,Q0018,F6,0,L119_S05_T002,0.32468792
L119,L119_S05,L119_S05_Q02,11,Q0024,F8,1,L119_S05_T007,0.47727367
L119,L119_S05,L119_S05_Q03,11,Q0014,F5,0,L119_S05_T012,0.37212607
L119,L119_S05,L119_S05_Q04,11,Q0012,F4,0,L119_S05_T017,0.19118137
L119,L119_S05,L119_S05_Q05,11,Q0012,F4,0,L119_S05_T022,0.2225824
L119,L119_S06,L119_S06_Q01,13,Q0011,F4,0,L119_S06_T002,0.2423927
L119,L119_S06,L119_S06_Q02,13,Q0023,F8,1,L119_S06_T007,0.55499605
L119,L119_S06,L119_S06_Q03,13,Q0007,F3,0,L119_S06_T012,0.21936492
L119,L119_S06,L119_S06_Q04,13,Q0004,F2,1,L119_S06_T017,0.23481535
L119,L119_S06,L119_S06_Q05,13,Q0008,F3,0,L119_S06_T022,0.24967178
L119,L119_S07,L119_S07_Q01,16,Q0017,F6,0,L119_S07_T002,0.31600927
L119,L119_S07,L119_S07_Q02,16,Q0007,F3,0,L119_S07_T007,0.2618192
L119,L119_S07,L119_S07_Q03,16,Q0021,F7,1,L119_S07_T012,0.26474542
L119,L119_S07,L119_S07_Q04,16,Q0019,F7,1,L119_S07_T017,0.40747059
L119,L119_S07,L119_S07_Q05,16,Q0008,F3,0,L119_S07_T022,0.29047784
L119,L119_S08,L119_S08_Q01,18,Q0003,F1,1,L119_S08_T002,0.26757278
L119,L119_S08,L119_S08_Q02,18,Q0002,F1,0,L119_S08_T007,0.40974911
L119,L119_S08,L119_S08_Q03,18,Q0005,F2,1,L119_S08_T012,0.3452274
L119,L119_S08,L119_S08_Q04,18,Q0004,F2,0,L119_S08_T017,0.47232968
L119,L119_S08,L119_S08_Q05,18,Q0014,F5,1,L119_S08_T022,0.34241963
L120,L120_S01,L120_S01_Q01,1,Q0019,F7,0,L120_S01_T002,0.3012416
L120,L120_S01,L120_S01_Q02,1,Q0007,F3,1,L120_S01_T007,0.11115172
L120,L120_S01,L120_S01_Q03,1,Q0016,F6,0,L120_S01_T012,0.27224203
L120,L120_S01,L120_S01_Q04,1,Q0013,F5,0,L120_S01_T017,0.12128722
L120,L120_S01,L120_S01_Q05,1,Q0018,F6,0,L120_S01_T022,0.30496122
L120,L120_S02,L120_S02_Q01,3,Q0019,F7,0,L120_S02_T002,0.32676602
L120,L120_S02,L120_S02_Q02,3,Q0007,F3,0,L120_S02_T007,0.30545314
L120,L120_S02,L120_S02_Q03,3,Q0012,F4,0,L120_S02_T012,0.31740621
L120,L120_S02,L120_S02_Q04,3,Q0003,F1,0,L120_S02_T017,0.11954815
L120,L120_S02,L120_S02_Q05,3,Q0014,F5,0,L120_S02_T022,0.15794571
L120,L120_S03,L120_S03_Q01,6,Q0003,F1,0,L120_S03_T002,0.15492397
L120,L120_S03,L120_S03_Q02,6,Q0022,F8,0,L120_S03_T007,0.26121623
L120,L120_S03,L120_S03_Q03,6,Q0001,F1,0,L120_S03_T012,0.19291766
L120,L120_S03,L120_S03_Q04,6,Q0013,F5,0,L120_S03_T017,0.19062544
L120,L120_S03,L120_S03_Q05,6,Q0015,F5,0,L120_S03_T022,0.22701402
L120,L120_S04,L120_S04_Q01,8,Q0022,F8,0,L120_S04_T002,0.28921708
L120,L120_S04,L120_S04_Q02,8,Q0015,F5,0,L120_S04_T007,0.25713102
L120,L120_S04,L120_S04_Q03,8,Q0012,F4,0,L120_S04_T012,0.33288801
L120,L120_S04,L120_S04_Q04,8,Q0004,F2,1,L120_S04_T017,0.26080646
L120,L120_S04,L120_S04_Q05,8,Q0006,F2,1,L120_S04_T022,0.42697307
L120,L120_S05,L120_S05_Q01,11,Q0008,F3,0,L120_S05_T002,0.3134564
L120,L120_S05,L120_S05_Q02,11,Q0011,F4,1,L120_S05_T007,0.35328411
L120,L120_S05,L120_S05_Q03,11,Q0019,F7,0,L120_S05_T012,0.33240709
L120,L120_S05,L120_S05_Q04,11,Q0001,F1,0,L120_S05_T017,0.21919023
L120,L120_S05,L120_S05_Q05,11,Q0013,F5,1,L120_S05_T022,0.28284642
L120,L120_S06,L120_S06_Q01,13,Q0003,F1,0,L120_S06_T002,0.24979129
L120,L120_S06,L120_S06_Q02,13,Q0010,F4,1,L120_S06_T007,0.48983151
L120,L120_S06,L120_S06_Q03,13,Q0009,F3,0,L120_S06_T012,0.33822507
L120,L120_S06,L120_S06_Q04,13,Q0023,F8,0,L120_S06_T017,0.30714234
L120,L120_S06,L120_S06_Q05,13,Q0014,F5,0,L120_S06_T022,0.43619479
L120,L120_S07,L120_S07_Q01,16,Q0016,F6,0,L120_S07_T002,0.29404341
L120,L120_S07,L120_S07_Q02,16,Q0003,F1,0,L120_S07_T007,0.27602206
L120,L120_S07,L120_S07_Q03,16,Q0002,F1,0,L120_S07_T012,0.3085713
L120,L120_S07,L120_S07_Q04,16,Q0001,F1,1,L120_S07_T017,0.33965717
L120,L120_S07,L120_S07_Q05,16,Q0017,F6,1,L120_S07_T022,0.32578244
L120,L120_S08,L120_S08_Q01,18,Q0018,F6,1,L120_S08_T002,0.46888961
L120,L120_S08,L120_S08_Q02,18,Q0022,F8,0,L120_S08_T007,0.32351383
L120,L120_S08,L120_S08_Q03,18,Q0006,F2,0,L120_S08_T012,0.50828694
L120,L120_S08,L120_S08_Q04,18,Q0021,F7,1,L120_S08_T017,0.34045091
L120,L120_S08,L120_S08_Q05,18,Q0006,F2,1,L120_S08_T022,0.53039382
L121,L121_S01,L121_S01_Q01,1,Q0017,F6,0,L121_S01_T002,0.27647956
L121,L121_S01,L121_S01_Q02,1,Q0001,F1,1,L121_S01_T007,0.3108266
L121,L121_S01,L121_S01_Q03,1,Q0020,F7,1,L121_S01_T012,0.30108873
L121,L121_S01,L121_S01_Q04,1,Q0014,F5,0,L121_S01_T017,0.21537209
L121,L121_S01,L121_S01_Q05,1,Q0011,F4,0,L121_S01_T022,0.2121595
L121,L121_S02,L121_S02_Q01,3,Q0022,F8,0,L121_S02_T002,0.12155372
L121,L121_S02,L121_S02_Q02,3,Q0021,F7,1,L121_S02_T007,0.49146845
L121,L121_S02,L121_S02_Q03,3,Q0002,F1,0,L121_S02_T012,0.49816139
L121,L121_S02,L121_S02_Q04,3,Q0023,F8,0,L121_S02_T017,0.17299061
L121,L121_S02,L121_S02_Q05,3,Q0016,F6,0,L121_S02_T022,0.3098655
L121,L121_S03,L121_S03_Q01,6,Q0005,F2,1,L121_S03_T002,0.20855897
L121,L121_S03,L121_S03_Q02,6,Q0023,F8,1,L121_S03_T007,0.21212848
L121,L121_S03,L121_S03_Q03,6,Q0009,F3,1,L121_S03_T012,0.27926212
L121,L121_S03,L121_S03_Q04,6,Q0006,F2,0,L121_S03_T017,0.44027071
L121,L121_S03,L121_S03_Q05,6,Q0015,F5,0,L121_S03_T022,0.24330423
L121,L121_S04,L121_S04_Q01,8,Q0006,F2,0,L121_S04_T002,0.45972333
L121,L121_S04,L121_S04_Q02,8,Q0009,F3,0,L121_S04_T007,0.47646678
L121,L121_S04,L121_S04_Q03,8,Q0022,F8,1,L121_S04_T012,0.43032509
L121,L121_S04,L121_S04_Q04,8,Q0024,F8,1,L121_S04_T017,0.59710993
L121,L121_S04,L121_S04_Q05,8,Q0010,F4,0,L121_S04_T022,0.23371555
L121,L121_S05,L121_S05_Q01,11,Q0013,F5,0,L121_S05_T002,0.26778832
L121,L121_S05,L121_S05_Q02,11,Q0004,F2,0,L121_S05_T007,0.47074913
L121,L121_S05,L121_S05_Q03,11,Q0018,F6,0,L121_S05_T012,0.31245354
L121,L121_S05,L121_S05_Q04,11,Q0023,F8,1,L121_S05_T017,0.68507185
L121,L121_S05,L121_S05_Q05,11,Q0021,F7,1,L121_S05_T022,0.57120777
L121,L121_S06,L121_S06_Q01,13,Q0001,F1,1,L121_S06_T002,0.45732982
L121,L121_S06,L121_S06_Q02,13,Q0011,F4,0,L121_S06_T007,0.2593833
L121,L121_S06,L121_S06_Q03,13,Q0014,F5,0,L121_S06_T012,0.3019136
L121,L121_S06,L121_S06_Q04,13,Q0012,F4,0,L121_S06_T017,0.30274966
L121,L121_S06,L121_S06_Q05,13,Q0019,F7,1,L121_S06_T022,0.67712422
L121,L121_S07,L121_S07_Q01,16,Q0006,F2,1,L121_S07_T002,0.46715654
L121,L121_S07,L121_S07_Q02,16,Q0001,F1,1,L121_S07_T007,0.59036191
L121,L121_S07,L121_S07_Q03,16,Q0007,F3,1,L121_S07_T012,0.45236354
L121,L121_S07,L121_S07_Q04,16,Q0017,F6,1,L121_S07_T017,0.32840157
L121,L121_S07,L121_S07_Q05,16,Q0011,F4,1,L121_S07_T022,0.3291656
L121,L121_S08,L121_S08_Q01,18,Q0013,F5,0,L121_S08_T002,0.31916272
L121,L121_S08,L121_S08_Q02,18,Q0009,F3,1,L121_S08_T007,0.59544128
L121,L121_S08,L121_S08_Q03,18,Q0023,F8,1,L121_S08_T012,0.70331911
L121,L121_S08,L121_S08_Q04,18,Q0014,F5,1,L121_S08_T017,0.35902873
L121,L121_S08,L121_S08_Q05,18,Q0010,F4,0,L121_S08_T022,0.51076598
L122,L122_S01,L122_S01_Q01,1,Q0017,F6,1,L122_S01_T002,0.3143679
L122,L122_S01,L122_S01_Q02,1,Q0020,F7,0,L122_S01_T007,0.1299487
L122,L122_S01,L122_S01_Q03,1,Q0001,F1,0,L122_S01_T012,0.19524312
L122,L122_S01,L122_S01_Q04,1,Q0017,F6,0,L122_S01_T017,0.48424044
L122,L122_S01,L122_S01_Q05,1,Q0006,F2,0,L122_S01_T022,0.32855975
L122,L122_S02,L122_S02_Q01,3,Q0015,F5,0,L122_S02_T002,0.10249557
L122,L122_S02,L122_S02_Q02,3,Q0020,F7,1,L122_S02_T007,0.1672329
L122,L122_S02,L122_S02_Q03,3,Q0011,F4,0,L122_S02_T012,0.12884587
L122,L122_S02,L122_S02_Q04,3,Q0001,F1,0,L122_S02_T017,0.22720172
L122,L122_S02,L122_S02_Q05,3,Q0015,F5,0,L122_S02_T022,0.1469688
L122,L122_S03,L122_S03_Q01,6,Q0004,F2,0,L122_S03_T002,0.33213032
L122,L122_S03,L122_S03_Q02,6,Q0022,F8,1,L122_S03_T007,0.20110473
L122,L122_S03,L122_S03_Q03,6,Q0010,F4,1,L122_S03_T012,0.16339693
L122,L122_S03,L122_S03_Q04,6,Q0023,F8,1,L122_S03_T017,0.39903941
L122,L122_S03,L122_S03_Q05,6,Q0009,F3,0,L122_S03_T022,0.28230727
L122,L122_S04,L122_S04_Q01,8,Q0010,F4,1,L122_S04_T002,0.35818991
L122,L122_S04,L122_S04_Q02,8,Q0008,F3,0,L122_S04_T007,0.30716466
L122,L122_S04,L122_S04_Q03,8,Q0015,F5,0,L122_S04_T012,0.17370476
L122,L122_S04,L122_S04_Q04,8,Q0013,F5,0,L122_S04_T017,0.21464943
L122,L122_S04,L122_S04_Q05,8,Q0001,F1,0,L122_S04_T022,0.24370245
L122,L122_S05,L122_S05_Q01,11,Q0002,F1,0,L122_S05_T002,0.26709384
L122,L122_S05,L122_S05_Q02,11,Q0014,F5,0,L122_S05_T007,0.24086366
L122,L122_S05,L122_S05_Q03,11,Q0001,F1,0,L122_S05_T012,0.30341087
L122,L122_S05,L122_S05_Q04,11,Q0020,F7,1,L122_S05_T017,0.32571996
L122,L122_S05,L122_S05_Q05,11,Q0015,F5,1,L122_S05_T022,0.27848046
L122,L122_S06,L122_S06_Q01,13,Q0016,F6,0,L122_S06_T002,0.41507271
L122,L122_S06,L122_S06_Q02,13,Q0023,F8,1,L122_S06_T007,0.48601742
L122,L122_S06,L122_S06_Q03,13,Q0016,F6,0,L122_S06_T012,0.44405708
L122,L122_S06,L122_S06_Q04,13,Q0009,F3,0,L122_S06_T017,0.31346459
L122,L122_S06,L122_S06_Q05,13,Q0008,F3,0,L122_S06_T022,0.34748386
L122,L122_S07,L122_S07_Q01,16,Q0011,F4,0,L122_S07_T002,0.45096949
L122,L122_S07,L122_S07_Q02,16,Q0005,F2,0,L122_S07_T007,0.30772697
L122,L122_S07,L122_S07_Q03,16,Q0003,F1,1,L122_S07_T012,0.31018967
L122,L122_S07,L122_S07_Q04,16,Q0006,F2,0,L122_S07_T017,0.34203055
L122,L122_S07,L122_S07_Q05,16,Q0015,F5,0,L122_S07_T022,0.41971183
L122,L122_S08,L122_S08_Q01,18,Q0008,F3,0,L122_S08_T002,0.3486403
L122,L122_S08,L122_S08_Q02,18,Q0010,F4,0,L122_S08_T007,0.4620703
L122,L122_S08,L122_S08_Q03,18,Q0021,F7,0,L122_S08_T012,0.43709599
L122,L122_S08,L122_S08_Q04,18,Q0005,F2,0,L122_S08_T017,0.36201674
L122,L122_S08,L122_S08_Q05,18,Q0022,F8,1,L122_S08_T022,0.56301452
L123,L123_S01,L123_S01_Q01,1,Q0010,F4,0,L123_S01_T002,0.30039323
L123,L123_S01,L123_S01_Q02,1,Q0008,F3,1,L123_S01_T007,0.31342876
L123,L123_S01,L123_S01_Q03,1,Q0014,F5,0,L123_S01_T012,0.18024719
L123,L123_S01,L123_S01_Q04,1,Q0003,F1,0,L123_S01_T017,0.14578095
L123,L123_S01,L123_S01_Q05,1,Q0015,F5,1,L123_S01_T022,0.21487435
L123,L123_S02,L123_S02_Q01,3,Q0004,F2,0,L123_S02_T002,0.1296605
L123,L123_S02,L123_S02_Q02,3,Q0019,F7,0,L123_S02_T007,0.18613528
L123,L123_S02,L123_S02_Q03,3,Q0009,F3,1,L123_S02_T012,0.44200903
L123,L123_S02,L123_S02_Q04,3,Q0023,F8,0,L123_S02_T017,0.30418901
L123,L123_S02,L123_S02_Q05,3,Q0018,F6,0,L123_S02_T022,0.2045781
L123,L123_S03,L123_S03_Q01,6,Q0023,F8,0,L123_S03_T002,0.31581278
L123,L123_S03,L123_S03_Q02,6,Q0003,F1,0,L123_S03_T007,0.16600758
L123,L123_S03,L123_S03_Q03,6,Q0016,F6,0,L123_S03_T012,0.22549112
L123,L123_S03,L123_S03_Q04,6,Q0005,F2,0,L123_S03_T017,0.15755999
L123,L123_S03,L123_S03_Q05,6,Q0005,F2,0,L123_S03_T022,0.19314548
L123,L123_S04,L123_S04_Q01,8,Q0003,F1,0,L123_S04_T002,0.19402543
L123,L123_S04,L123_S04_Q02,8,Q0019,F7,0,L123_S04_T007,0.2012875
L123,L123_S04,L123_S04_Q03,8,Q0011,F4,1,L123_S04_T012,0.29038596
L123,L123_S04,L123_S04_Q04,8,Q0004,F2,0,L123_S04_T017,0.21908565
L123,L123_S04,L123_S04_Q05,8,Q0005,F2,0,L123_S04_T022,0.25207223
L123,L123_S05,L123_S05_Q01,11,Q0008,F3,0,L123_S05_T002,0.48382568
L123,L123_S05,L123_S05_Q02,11,Q0004,F2,0,L123_S05_T007,0.26855617
L123,L123_S05,L123_S05_Q03,11,Q0018,F6,1,L123_S05_T012,0.23569448
L123,L123_S05,L123_S05_Q04,11,Q0012,F4,1,L123_S05_T017,0.41680973
L123,L123_S05,L123_S05_Q05,11,Q0017,F6,0,L123_S05_T022,0.39711953
L123,L123_S06,L123_S06_Q01,13,Q0003,F1,0,L123_S06_T002,0.20818549
L123,L123_S06,L123_S06_Q02,13,Q0021,F7,0,L123_S06_T007,0.21453438
L123,L123_S06,L123_S06_Q03,13,Q0024,F8,1,L123_S06_T012,0.30338351
L123,L123_S06,L123_S06_Q04,13,Q0021,F7,0,L123_S06_T017,0.24771322
L123,L123_S06,L123_S06_Q05,13,Q0020,F7,0,L123_S06_T022,0.27949054
L123,L123_S07,L123_S07_Q01,16,Q0003,F1,0,L123_S07_T002,0.2287621
L123,L123_S07,L123_S07_Q02,16,Q0009,F3,0,L123_S07_T007,0.46154441
L123,L123_S07,L123_S07_Q03,16,Q0022,F8,1,L123_S07_T012,0.42651605
L123,L123_S07,L123_S07_Q04,16,Q0003,F1,0,L123_S07_T017,0.26133994
L123,L123_S07,L123_S07_Q05,16,Q0005,F2,0,L123_S07_T022,0.27334426
L123,L123_S08,L123_S08_Q01,18,Q0015,F5,1,L123_S08_T002,0.27917414
L123,L123_S08,L123_S08_Q02,18,Q0015,F5,1,L123_S08_T007,0.43141607
L123,L123_S08,L123_S08_Q03,18,Q0011,F4,0,L123_S08_T012,0.47524027
L123,L123_S08,L123_S08_Q04,18,Q0003,F1,0,L123_S08_T017,0.28205915
L123,L123_S08,L123_S08_Q05,18,Q0020,F7,0,L123_S08_T022,0.28290368
L124,L124_S01,L124_S01_Q01,1,Q0019,F7,1,L124_S01_T002,0.32125632
L124,L124_S01,L124_S01_Q02,1,Q0002,F1,0,L124_S01_T007,0.12070433
L124,L124_S01,L124_S01_Q03,1,Q0015,F5,0,L124_S01_T012,0.20038351
L124,L124_S01,L124_S01_Q04,1,Q0003,F1,0,L124_S01_T017,0.16862568
L124,L124_S01,L124_S01_Q05,1,Q0011,F4,0,L124_S01_T022,0.33080256
L124,L124_S02,L124_S02_Q01,3,Q0018,F6,0,L124_S02_T002,0.31348156
L124,L124_S02,L124_S02_Q02,3,Q0024,F8,0,L124_S02_T007,0.33314446
L124,L124_S02,L124_S02_Q03,3,Q0008,F3,1,L124_S02_T012,0.2469735
L124,L124_S02,L124_S02_Q04,3,Q0019,F7,1,L124_S02_T017,0.49371188
L124,L124_S02,L124_S02_Q05,3,Q0004,F2,0,L124_S02_T022,0.26206369
L124,L124_S03,L124_S03_Q01,6,Q0003,F1,0,L124_S03_T002,0.20097097
L124,L124_S03,L124_S03_Q02,6,Q0001,F1,0,L124_S03_T007,0.24451781
L124,L124_S03,L124_S03_Q03,6,Q0008,F3,0,L124_S03_T012,0.43552615
L124,L124_S03,L124_S03_Q04,6,Q0003,F1,1,L124_S03_T017,0.28569136
L124,L124_S03,L124_S03_Q05,6,Q0017,F6,0,L124_S03_T022,0.33797896
L124,L124_S04,L124_S04_Q01,8,Q0010,F4,1,L124_S04_T002,0.33649675
L124,L124_S04,L124_S04_Q02,8,Q0014,F5,0,L124_S04_T007,0.22351876
L124,L124_S04,L124_S04_Q03,8,Q0023,F8,0,L124_S04_T012,0.34709713
L124,L124_S04,L124_S04_Q04,8,Q0014,F5,0,L124_S04_T017,0.26583675
L124,L124_S04,L124_S04_Q05,8,Q0006,F2,0,L124_S04_T022,0.28396294
L124,L124_S05,L124_S05_Q01,11,Q0001,F1,0,L124_S05_T002,0.45123109
L124,L124_S05,L124_S05_Q02,11,Q0014,F5,0,L124_S05_T007,0.29458915
L124,L124_S05,L124_S05_Q03,11,Q0005,F2,1,L124_S05_T012,0.31109655
L124,L124_S05,L124_S05_Q04,11,Q0015,F5,0,L124_S05_T017,0.33303383
L124,L124_S05,L124_S05_Q05,11,Q0017,F6,1,L124_S05_T022,0.35139115
L124,L124_S06,L124_S06_Q01,13,Q0005,F2,1,L124_S06_T002,0.48650316
L124,L124_S06,L124_S06_Q02,13,Q0011,F4,0,L124_S06_T007,0.48595227
L124,L124_S06,L124_S06_Q03,13,Q0006,F2,1,L124_S06_T012,0.62643027
L124,L124_S06,L124_S06_Q04,13,Q0022,F8,0,L124_S06_T017,0.35948993
L124,L124_S06,L124_S06_Q05,13,Q0017,F6,1,L124_S06_T022,0.51509361
L124,L124_S07,L124_S07_Q01,16,Q0013,F5,0,L124_S07_T002,0.34699886
L124,L124_S07,L124_S07_Q02,16,Q0007,F3,0,L124_S07_T007,0.41148836
L124,L124_S07,L124_S07_Q03,16,Q0023,F8,0,L124_S07_T012,0.37987848
L124,L124_S07,L124_S07_Q04,16,Q0003,F1,1,L124_S07_T017,0.45198209
L124,L124_S07,L124_S07_Q05,16,Q0019,F7,0,L124_S07_T022,0.53691502
L124,L124_S08,L124_S08_Q01,18,Q0012,F4,0,L124_S08_T002,0.48282156
L124,L124_S08,L124_S08_Q02,18,Q0009,F3,1,L124_S08_T007,0.43260817
L124,L124_S08,L124_S08_Q03,18,Q0023,F8,0,L124_S08_T012,0.40345909
L124,L124_S08,L124_S08_Q04,18,Q0014,F5,1,L124_S08_T017,0.37313913
L124,L124_S08,L124_S08_Q05,18,Q0019,F7,1,L124_S08_T022,0.54827049
L125,L125_S01,L125_S01_Q01,1,Q0022,F8,0,L125_S01_T002,0.22221544
L125,L125_S01,L125_S01_Q02,1,Q0001,F1,0,L125_S01_T007,0.17237956
L125,L125_S01,L125_S01_Q03,1,Q0019,F7,0,L125_S01_T012,0.20304816
L125,L125_S01,L125_S01_Q04,1,Q0019,F7,1,L125_S01_T017,0.24568897
L125,L125_S01,L125_S01_Q05,1,Q0011,F4,0,L125_S01_T022,0.22209179
L125,L125_S02,L125_S02_Q01,3,Q0004,F2,0,L125_S02_T002,0.12649494
L125,L125_S02,L125_S02_Q02,3,Q0014,F5,0,L125_S02_T007,0.18652078
L125,L125_S02,L125_S02_Q03,3,Q0007,F3,0,L125_S02_T012,0.14526904
L125,L125_S02,L125_S02_Q04,3,Q0016,F6,0,L125_S02_T017,0.26211073
L125,L125_S02,L125_S02_Q05,3,Q0006,F2,0,L125_S02_T022,0.17323172
L125,L125_S03,L125_S03_Q01,6,Q0018,F6,0,L125_S03_T002,0.2934908
L125,L125_S03,L125_S03_Q02,6,Q0008,F3,0,L125_S03_T007,0.1858711
L125,L125_S03,L125_S03_Q03,6,Q0013,F5,0,L125_S03_T012,0.22386695
L125,L125_S03,L125_S03_Q04,6,Q0010,F4,0,L125_S03_T017,0.25201431
L125,L125_S03,L125_S03_Q05,6,Q0008,F3,1,L125_S03_T022,0.22943097
L125,L125_S04,L125_S04_Q01,8,Q0022,F8,1,L125_S04_T002,0.24759104
L125,L125_S04,L125_S04_Q02,8,Q0004,F2,0,L125_S04_T007,0.20782013
L125,L125_S04,L125_S04_Q03,8,Q0002,F1,0,L125_S04_T012,0.20332506
L125,L125_S04,L125_S04_Q04,8,Q0003,F1,0,L125_S04_T017,0.24595105
L125,L125_S04,L125_S04_Q05,8,Q0002,F1,0,L125_S04_T022,0.28629634
L125,L125_S05,L125_S05_Q01,11,Q0003,F1,1,L125_S05_T002,0.3157675
L125,L125_S05,L125_S05_Q02,11,Q0012,F4,0,L125_S05_T007,0.27907937
L125,L125_S05,L125_S05_Q03,11,Q0023,F8,1,L125_S05_T012,0.43682209
L125,L125_S05,L125_S05_Q04,11,Q0013,F5,1,L125_S05_T017,0.25361995
L125,L125_S05,L125_S05_Q05,11,Q0014,F5,1,L125_S05_T022,0.45329479
L125,L125_S06,L125_S06_Q01,13,Q0017,F6,0,L125_S06_T002,0.31090031
L125,L125_S06,L125_S06_Q02,13,Q0004,F2,1,L125_S06_T007,0.23910552
L125,L125_S06,L125_S06_Q03,13,Q0012,F4,0,L125_S06_T012,0.31193838
L125,L125_S06,L125_S06_Q04,13,Q0004,F2,1,L125_S06_T017,0.44266333
L125,L125_S06,L125_S06_Q05,13,Q0023,F8,0,L125_S06_T022,0.5769185
L125,L125_S07,L125_S07_Q01,16,Q0007,F3,0,L125_S07_T002,0.39778646
L125,L125_S07,L125_S07_Q02,16,Q0018,F6,0,L125_S07_T007,0.33842955
L125,L125_S07,L125_S07_Q03,16,Q0002,F1,1,L125_S07_T012,0.47668693
L125,L125_S07,L125_S07_Q04,16,Q0021,F7,0,L125_S07_T017,0.39053204
L125,L125_S07,L125_S07_Q05,16,Q0011,F4,0,L125_S07_T022,0.33938568
L125,L125_S08,L125_S08_Q01,18,Q0006,F2,0,L125_S08_T002,0.56551149
L125,L125_S08,L125_S08_Q02,18,Q0008,F3,0,L125_S08_T007,0.42227306
L125,L125_S08,L125_S08_Q03,18,Q0018,F6,1,L125_S08_T012,0.36710259
L125,L125_S08,L125_S08_Q04,18,Q0011,F4,0,L125_S08_T017,0.36799128
L125,L125_S08,L125_S08_Q05,18,Q0021,F7,1,L125_S08_T022,0.4155303
L126,L126_S01,L126_S01_Q01,1,Q0016,F6,0,L126_S01_T002,0.18822945
L126,L126_S01,L126_S01_Q02,1,Q0009,F3,0,L126_S01_T007,0.22805593
L126,L126_S01,L126_S01_Q03,1,Q0002,F1,0,L126_S01_T012,0.11591125
L126,L126_S01,L126_S01_Q04,1,Q0019,F7,0,L126_S01_T017,0.31796737
L126,L126_S01,L126_S01_Q05,1,Q0017,F6,0,L126_S01_T022,0.23474502
L126,L126_S02,L126_S02_Q01,3,Q0005,F2,0,L126_S02_T002,0.12543746
L126,L126_S02,L126_S02_Q02,3,Q0001,F1,0,L126_S02_T007,0.16366672
L126,L126_S02,L126_S02_Q03,3,Q0002,F1,0,L126_S02_T012,0.21158978
L126,L126_S02,L126_S02_Q04,3,Q0013,F5,0,L126_S02_T017,0.19740707
L126,L126_S02,L126_S02_Q05,3,Q0004,F2,0,L126_S02_T022,0.1755511
L126,L126_S03,L126_S03_Q01,6,Q0004,F2,1,L126_S03_T002,0.21699229
L126,L126_S03,L126_S03_Q02,6,Q0022,F8,0,L126_S03_T007,0.25477745
L126,L126_S03,L126_S03_Q03,6,Q0024,F8,0,L126_S03_T012,0.29747974
L126,L126_S03,L126_S03_Q04,6,Q0015,F5,0,L126_S03_T017,0.23705943
L126,L126_S03,L126_S03_Q05,6,Q0011,F4,0,L126_S03_T022,0.25330692
L126,L126_S04,L126_S04_Q01,8,Q0019,F7,1,L126_S04_T002,0.33573241
L126,L126_S04,L126_S04_Q02,8,Q0007,F3,1,L126_S04_T007,0.25603329
L126,L126_S04,L126_S04_Q03,8,Q0014,F5,0,L126_S04_T012,0.27588185
L126,L126_S04,L126_S04_Q04,8,Q0001,F1,0,L126_S04_T017,0.24572136
L126,L126_S04,L126_S04_Q05,8,Q0011,F4,0,L126_S04_T022,0.29093131
L126,L126_S05,L126_S05_Q01,11,Q0024,F8,0,L126_S05_T002,0.32320667
L126,L126_S05,L126_S05_Q02,11,Q0008,F3,0,L126_S05_T007,0.45696872
L126,L126_S05,L126_S05_Q03,11,Q0016,F6,1,L126_S05_T012,0.2551419
L126,L126_S05,L126_S05_Q04,11,Q0016,F6,0,L126_S05_T017,0.4685489
L126,L126_S05,L126_S05_Q05,11,Q0002,F1,0,L126_S05_T022,0.28141937
L126,L126_S06,L126_S06_Q01,13,Q0006,F2,1,L126_S06_T002,0.41498136
L126,L126_S06,L126_S06_Q02,13,Q0014,F5,1,L126_S06_T007,0.30372222
L126,L126_S06,L126_S06_Q03,13,Q0010,F4,0,L126_S06_T012,0.31729902
L126,L126_S06,L126_S06_Q04,13,Q0023,F8,0,L126_S06_T017,0.35567688
L126,L126_S06,L126_S06_Q05,13,Q0006,F2,1,L126_S06_T022,0.58259325
L126,L126_S07,L126_S07_Q01,16,Q0002,F1,1,L126_S07_T002,0.30871786
L126,L126_S07,L126_S07_Q02,16,Q0011,F4,0,L126_S07_T007,0.34713865
L126,L126_S07,L126_S07_Q03,16,Q0013,F5,1,L126_S07_T012,0.49010851
L126,L126_S07,L126_S07_Q04,16,Q0016,F6,0,L126_S07_T017,0.47753607
L126,L126_S07,L126_S07_Q05,16,Q0001,F1,1,L126_S07_T022,0.50677497
L126,L126_S08,L126_S08_Q01,18,Q0021,F7,0,L126_S08_T002,0.48176464
L126,L126_S08,L126_S08_Q02,18,Q0020,F7,0,L126_S08_T007,0.51146025
L126,L126_S08,L126_S08_Q03,18,Q0003,F1,0,L126_S08_T012,0.63678846
L126,L126_S08,L126_S08_Q04,18,Q0009,F3,1,L126_S08_T017,0.45894572
L126,L126_S08,L126_S08_Q05,18,Q0012,F4,0,L126_S08_T022,0.37784421
L127,L127_S01,L127_S01_Q01,1,Q0003,F1,0,L127_S01_T002,0.19056292
L127,L127_S01,L127_S01_Q02,1,Q0009,F3,1,L127_S01_T007,0.31267742
L127,L127_S01,L127_S01_Q03,1,Q0018,F6,0,L127_S01_T012,0.25486702
L127,L127_S01,L127_S01_Q04,1,Q0012,F4,0,L127_S01_T017,0.22184165
L127,L127_S01,L127_S01_Q05,1,Q0011,F4,0,L127_S01_T022,0.26465436
L127,L127_S02,L127_S02_Q01,3,Q0016,F6,0,L127_S02_T002,0.28676236
L127,L127_S02,L127_S02_Q02,3,Q0021,F7,1,L127_S02_T007,0.15201977
L127,L127_S02,L127_S02_Q03,3,Q0006,F2,0,L127_S02_T012,0.18971791
L127,L127_S02,L127_S02_Q04,3,Q0002,F1,0,L127_S02_T017,0.22786524
L127,L127_S02,L127_S02_Q05,3,Q0002,F1,0,L127_S02_T022,0.27034653
L127,L127_S03,L127_S03_Q01,6,Q0013,F5,0,L127_S03_T002,0.30680052
L127,L127_S03,L127_S03_Q02,6,Q0004,F2,0,L127_S03_T007,0.22357148
L127,L127_S03,L127_S03_Q03,6,Q0009,F3,1,L127_S03_T012,0.46405515
L127,L127_S03,L127_S03_Q04,6,Q0005,F2,1,L127_S03_T017,0.26628901
L127,L127_S03,L127_S03_Q05,6,Q0021,F7,1,L127_S03_T022,0.36765138
L127,L127_S04,L127_S04_Q01,8,Q0014,F5,0,L127_S04_T002,0.33432905
L127,L127_S04,L127_S04_Q02,8,Q0012,F4,0,L127_S04_T007,0.27350814
L127,L127_S04,L127_S04_Q03,8,Q0022,F8,0,L127_S04_T012,0.27550689
L127,L127_S04,L127_S04_Q04,8,Q0022,F8,0,L127_S04_T017,0.31536704
L127,L127_S04,L127_S04_Q05,8,Q0002,F1,0,L127_S04_T022,0.28716277
L127,L127_S05,L127_S05_Q01,11,Q0017,F6,0,L127_S05_T002,0.28770634
L127,L127_S05,L127_S05_Q02,11,Q0010,F4,0,L127_S05_T007,0.29912674
L127,L127_S05,L127_S05_Q03,11,Q0011,F4,0,L127_S05_T012,0.33768737
L127,L127_S05,L127_S05_Q04,11,Q0024,F8,1,L127_S05_T017,0.33687171
L127,L127_S05,L127_S05_Q05,11,Q0005,F2,1,L127_S05_T022,0.43295423
L127,L127_S06,L127_S06_Q01,13,Q0001,F1,0,L127_S06_T002,0.30185988
L127,L127_S06,L127_S06_Q02,13,Q0013,F5,0,L127_S06_T007,0.34308244
L127,L127_S06,L127_S06_Q03,13,Q0015,F5,0,L127_S06_T012,0.37922472
L127,L127_S06,L127_S06_Q04,13,Q0018,F6,1,L127_S06_T017,0.3168404
L127,L127_S06,L127_S06_Q05,13,Q0002,F1,1,L127_S06_T022,0.34027015
L127,L127_S07,L127_S07_Q01,16,Q0021,F7,1,L127_S07_T002,0.46327762
L127,L127_S07,L127_S07_Q02,16,Q0019,F7,1,L127_S07_T007,0.61092453
L127,L127_S07,L127_S07_Q03,16,Q0010,F4,1,L127_S07_T012,0.34601755
L127,L127_S07,L127_S07_Q04,16,Q0005,F2,0,L127_S07_T017,0.54469426
L127,L127_S07,L127_S07_Q05,16,Q0024,F8,0,L127_S07_T022,0.48027612
L127,L127_S08,L127_S08_Q01,18,Q0009,F3,1,L127_S08_T002,0.50696655
L127,L127_S08,L127_S08_Q02,18,Q0014,F5,0,L127_S08_T007,0.3823205
L127,L127_S08,L127_S08_Q03,18,Q0015,F5,1,L127_S08_T012,0.41630398
L127,L127_S08,L127_S08_Q04,18,Q0008,F3,1,L127_S08_T017,0.64259508
L127,L127_S08,L127_S08_Q05,18,Q0002,F1,1,L127_S08_T022,0.48255459
L128,L128_S01,L128_S01_Q01,1,Q0018,F6,0,L128_S01_T002,0.12257617
L128,L128_S01,L128_S01_Q02,1,Q0022,F8,1,L128_S01_T007,0.11069692
L128,L128_S01,L128_S01_Q03,1,Q0013,F5,0,L128_S01_T012,0.20338202
L128,L128_S01,L128_S01_Q04,1,Q0005,F2,1,L128_S01_T017,0.25267499
L128,L128_S01,L128_S01_Q05,1,Q0012,F4,0,L128_S01_T022,0.14095243
L128,L128_S02,L128_S02_Q01,3,Q0020,F7,0,L128_S02_T002,0.16745596
L128,L128_S02,L128_S02_Q02,3,Q0017,F6,0,L128_S02_T007,0.16704307
L128,L128_S02,L128_S02_Q03,3,Q0003,F1,0,L128_S02_T012,0.17585361
L128,L128_S02,L128_S02_Q04,3,Q0009,F3,0,L128_S02_T017,0.17874345
L128,L128_S02,L128_S02_Q05,3,Q0018,F6,0,L128_S02_T022,0.21279741
L128,L128_S03,L128_S03_Q01,6,Q0007,F3,0,L128_S03_T002,0.21656116
L128,L128_S03,L128_S03_Q02,6,Q0012,F4,0,L128_S03_T007,0.17803428
L128,L128_S03,L128_S03_Q03,6,Q0005,F2,0,L128_S03_T012,0.43333098
L128,L128_S03,L128_S03_Q04,6,Q0009,F3,0,L128_S03_T017,0.25959547
L128,L128_S03,L128_S03_Q05,6,Q0020,F7,0,L128_S03_T022,0.20624127
L128,L128_S04,L128_S04_Q01,8,Q0003,F1,0,L128_S04_T002,0.20924665
L128,L128_S04,L128_S04_Q02,8,Q0023,F8,1,L128_S04_T007,0.32854259
L128,L128_S04,L128_S04_Q03,8,Q0014,F5,1,L128_S04_T012,0.22875744
L128,L128_S04,L128_S04_Q04,8,Q0011,F4,0,L128_S04_T017,0.21831009
L128,L128_S04,L128_S04_Q05,8,Q0022,F8,0,L128_S04_T022,0.51295843
L128,L128_S05,L128_S05_Q01,11,Q0014,F5,0,L128_S05_T002,0.42622377
L128,L128_S05,L128_S05_Q02,11,Q0020,F7,0,L128_S05_T007,0.23642255
L128,L128_S05,L128_S05_Q03,11,Q0017,F6,0,L128_S05_T012,0.23439129
L128,L128_S05,L128_S05_Q04,11,Q0024,F8,1,L128_S05_T017,0.52212607
L128,L128_S05,L128_S05_Q05,11,Q0016,F6,1,L128_S05_T022,0.27644619
L128,L128_S06,L128_S06_Q01,13,Q0004,F2,1,L128_S06_T002,0.42991073
L128,L128_S06,L128_S06_Q02,13,Q0015,F5,0,L128_S06_T007,0.44774338
L128,L128_S06,L128_S06_Q03,13,Q0022,F8,0,L128_S06_T012,0.63910327
L128,L128_S06,L128_S06_Q04,13,Q0011,F4,0,L128_S06_T017,0.24721578
L128,L128_S06,L128_S06_Q05,13,Q0001,F1,0,L128_S06_T022,0.23911028
L128,L128_S07,L128_S07_Q01,16,Q0001,F1,0,L128_S07_T002,0.27175313
L128,L128_S07,L128_S07_Q02,16,Q0010,F4,1,L128_S07_T007,0.2791638
L128,L128_S07,L128_S07_Q03,16,Q0018,F6,0,L128_S07_T012,0.44964727
L128,L128_S07,L128_S07_Q04,16,Q0007,F3,0,L128_S07_T017,0.26887557
L128,L128_S07,L128_S07_Q05,16,Q0009,F3,0,L128_S07_T022,0.30903625
L128,L128_S08,L128_S08_Q01,18,Q0020,F7,0,L128_S08_T002,0.25766042
L128,L128_S08,L128_S08_Q02,18,Q0019,F7,0,L128_S08_T007,0.29843715
L128,L128_S08,L128_S08_Q03,18,Q0004,F2,1,L128_S08_T012,0.55498362
L128,L128_S08,L128_S08_Q04,18,Q0003,F1,0,L128_S08_T017,0.30494642
L128,L128_S08,L128_S08_Q05,18,Q0021,F7,1,L128_S08_T022,0.33697401
L129,L129_S01,L129_S01_Q01,1,Q0015,F5,0,L129_S01_T002,0.24260367
L129,L129_S01,L129_S01_Q02,1,Q0021,F7,0,L129_S01_T007,0.22168796
L129,L129_S01,L129_S01_Q03,1,Q0011,F4,0,L129_S01_T012,0.24269495
L129,L129_S01,L129_S01_Q04,1,Q0009,F3,0,L129_S01_T017,0.33524295
L129,L129_S01,L129_S01_Q05,1,Q0020,F7,0,L129_S01_T022,0.26326065
L129,L129_S02,L129_S02_Q01,3,Q0006,F2,0,L129_S02_T002,0.28601562
L129,L129_S02,L129_S02_Q02,3,Q0002,F1,0,L129_S02_T007,0.30421307
L129,L129_S02,L129_S02_Q03,3,Q0013,F5,1,L129_S02_T012,0.27136203
L129,L129_S02,L129_S02_Q04,3,Q0016,F6,0,L129_S02_T017,0.2768932
L129,L129_S02,L129_S02_Q05,3,Q0010,F4,0,L129_S02_T022,0.27144486
L129,L129_S03,L129_S03_Q01,6,Q0018,F6,1,L129_S03_T002,0.29616297
L129,L129_S03,L129_S03_Q02,6,Q0023,F8,0,L129_S03_T007,0.23865579
L129,L129_S03,L129_S03_Q03,6,Q0012,F4,0,L129_S03_T012,0.29132201
L129,L129_S03,L129_S03_Q04,6,Q0024,F8,0,L129_S03_T017,0.27932216
L129,L129_S03,L129_S03_Q05,6,Q0022,F8,0,L129_S03_T022,0.31781638
L129,L129_S04,L129_S04_Q01,8,Q0020,F7,0,L129_S04_T002,0.26105904
L129,L129_S04,L129_S04_Q02,8,Q0001,F1,1,L129_S04_T007,0.3071955
L129,L129_S04,L129_S04_Q03,8,Q0020,F7,0,L129_S04_T012,0.30052877
L129,L129_S04,L129_S04_Q04,8,Q0006,F2,0,L129_S04_T017,0.29169484
L129,L129_S04,L129_S04_Q05,8,Q0009,F3,1,L129_S04_T022,0.31984008
L129,L129_S05,L129_S05_Q01,11,Q0005,F2,1,L129_S05_T002,0.30931455
L129,L129_S05,L129_S05_Q02,11,Q0018,F6,0,L129_S05_T007,0.43565968
L129,L129_S05,L129_S05_Q03,11,Q0003,F1,1,L129_S05_T012,0.46202899
L129,L129_S05,L129_S05_Q04,11,Q0013,F5,0,L129_S05_T017,0.39358192
L129,L129_S05,L129_S05_Q05,11,Q0010,F4,0,L129_S05_T022,0.29621484
L129,L129_S06,L129_S06_Q01,13,Q0021,F7,0,L129_S06_T002,0.3040572
L129,L129_S06,L129_S06_Q02,13,Q0021,F7,0,L129_S06_T007,0.34123023
L129,L129_S06,L129_S06_Q03,13,Q0014,F5,1,L129_S06_T012,0.40837016
L129,L129_S06,L129_S06_Q04,13,Q0016,F6,1,L129_S06_T017,0.44655444
L129,L129_S06,L129_S06_Q05,13,Q0008,F3,0,L129_S06_T022,0.45127572
L129,L129_S07,L129_S07_Q01,16,Q0005,F2,1,L129_S07_T002,0.44433369
L129,L129_S07,L129_S07_Q02,16,Q0023,F8,1,L129_S07_T007,0.28686303
L129,L129_S07,L129_S07_Q03,16,Q0024,F8,1,L129_S07_T012,0.47732021
L129,L129_S07,L129_S07_Q04,16,Q0011,F4,0,L129_S07_T017,0.30038258
L129,L129_S07,L129_S07_Q05,16,Q0011,F4,0,L129_S07_T022,0.33775189
L129,L129_S08,L129_S08_Q01,18,Q0021,F7,0,L129_S08_T002,0.33872687
L129,L129_S08,L129_S08_Q02,18,Q0007,F3,0,L129_S08_T007,0.43246408
L129,L129_S08,L129_S08_Q03,18,Q0011,F4,0,L129_S08_T012,0.35770612
L129,L129_S08,L129_S08_Q04,18,Q0003,F1,0,L129_S08_T017,0.52253139
L129,L129_S08,L129_S08_Q05,18,Q0011,F4,0,L129_S08_T022,0.39201355
L130,L130_S01,L130_S01_Q01,1,Q0003,F1,0,L130_S01_T002,0.31577117
L130,L130_S01,L130_S01_Q02,1,Q0023,F8,1,L130_S01_T007,0.26263936
L130,L130_S01,L130_S01_Q03,1,Q0004,F2,0,L130_S01_T012,0.25739395
L130,L130_S01,L130_S01_Q04,1,Q0019,F7,0,L130_S01_T017,0.10354987
L130,L130_S01,L130_S01_Q05,1,Q0017,F6,0,L130_S01_T022,0.1223104
L130,L130_S02,L130_S02_Q01,3,Q0016,F6,0,L130_S02_T002,0.14751888
L130,L130_S02,L130_S02_Q02,3,Q0021,F7,0,L130_S02_T007,0.13018776
L130,L130_S02,L130_S02_Q03,3,Q0020,F7,0,L130_S02_T012,0.16152595
L130,L130_S02,L130_S02_Q04,3,Q0014,F5,0,L130_S02_T017,0.17493245
L130,L130_S02,L130_S02_Q05,3,Q0011,F4,0,L130_S02_T022,0.24190215
L130,L130_S03,L130_S03_Q01,6,Q0018,F6,0,L130_S03_T002,0.16721054
L130,L130_S03,L130_S03_Q02,6,Q0021,F7,1,L130_S03_T007,0.17987794
L130,L130_S03,L130_S03_Q03,6,Q0014,F5,0,L130_S03_T012,0.19200223
L130,L130_S03,L130_S03_Q04,6,Q0007,F3,1,L130_S03_T017,0.2904237
L130,L130_S03,L130_S03_Q05,6,Q0020,F7,0,L130_S03_T022,0.32761751
L130,L130_S04,L130_S04_Q01,8,Q0011,F4,0,L130_S04_T002,0.24204377
L130,L130_S04,L130_S04_Q02,8,Q0009,F3,1,L130_S04_T007,0.40082305
L130,L130_S04,L130_S04_Q03,8,Q0005,F2,0,L130_S04_T012,0.24482615
L130,L130_S04,L130_S04_Q04,8,Q0003,F1,0,L130_S04_T017,0.29331246
L130,L130_S04,L130_S04_Q05,8,Q0024,F8,0,L130_S04_T022,0.34074157
L130,L130_S05,L130_S05_Q01,11,Q0017,F6,0,L130_S05_T002,0.17731014
L130,L130_S05,L130_S05_Q02,11,Q0011,F4,0,L130_S05_T007,0.2526949
L130,L130_S05,L130_S05_Q03,11,Q0009,F3,0,L130_S05_T012,0.47729848
L130,L130_S05,L130_S05_Q04,11,Q0024,F8,0,L130_S05_T017,0.34195307
L130,L130_S05,L130_S05_Q05,11,Q0020,F7,0,L130_S05_T022,0.31633144
L130,L130_S06,L130_S06_Q01,13,Q0013,F5,0,L130_S06_T002,0.19051382
L130,L130_S06,L130_S06_Q02,13,Q0008,F3,0,L130_S06_T007,0.4754597
L130,L130_S06,L130_S06_Q03,13,Q0006,F2,0,L130_S06_T012,0.24457793
L130,L130_S06,L130_S06_Q04,13,Q0021,F7,0,L130_S06_T017,0.32675707
L130,L130_S06,L130_S06_Q05,13,Q0022,F8,1,L130_S06_T022,0.35042654
L130,L130_S07,L130_S07_Q01,16,Q0018,F6,0,L130_S07_T002,0.18606325
L130,L130_S07,L130_S07_Q02,16,Q0012,F4,0,L130_S07_T007,0.25139761
L130,L130_S07,L130_S07_Q03,16,Q0004,F2,1,L130_S07_T012,0.25498669
L130,L130_S07,L130_S07_Q04,16,Q0014,F5,0,L130_S07_T017,0.20609337
L130,L130_S07,L130_S07_Q05,16,Q0013,F5,0,L130_S07_T022,0.23469677
L130,L130_S08,L130_S08_Q01,18,Q0017,F6,1,L130_S08_T002,0.20641428
L130,L130_S08,L130_S08_Q02,18,Q0015,F5,0,L130_S08_T007,0.25134231
L130,L130_S08,L130_S08_Q03,18,Q0001,F1,0,L130_S08_T012,0.25767373
L130,L130_S08,L130_S08_Q04,18,Q0001,F1,0,L130_S08_T017,0.28441876
L130,L130_S08,L130_S08_Q05,18,Q0014,F5,0,L130_S08_T022,0.27831546
L131,L131_S01,L131_S01_Q01,1,Q0012,F4,0,L131_S01_T002,0.11192203
L131,L131_S01,L131_S01_Q02,1,Q0020,F7,0,L131_S01_T007,0.12198304
L131,L131_S01,L131_S01_Q03,1,Q0013,F5,1,L131_S01_T012,0.33043628
L131,L131_S01,L131_S01_Q04,1,Q0018,F6,0,L131_S01_T017,0.15171669
L131,L131_S01,L131_S01_Q05,1,Q0006,F2,0,L131_S01_T022,0.32665021
L131,L131_S02,L131_S02_Q01,3,Q0011,F4,1,L131_S02_T002,0.14920475
L131,L131_S02,L131_S02_Q02,3,Q0019,F7,0,L131_S02_T007,0.15839778
L131,L131_S02,L131_S02_Q03,3,Q0006,F2,0,L131_S02_T012,0.3454079
L131,L131_S02,L131_S02_Q04,3,Q0003,F1,0,L131_S02_T017,0.30154283
L131,L131_S02,L131_S02_Q05,3,Q0019,F7,0,L131_S02_T022,0.19951872
L131,L131_S03,L131_S03_Q01,6,Q0024,F8,0,L131_S03_T002,0.28310418
L131,L131_S03,L131_S03_Q02,6,Q0002,F1,1,L131_S03_T007,0.31606108
L131,L131_S03,L131_S03_Q03,6,Q0022,F8,1,L131_S03_T012,0.31813193
L131,L131_S03,L131_S03_Q04,6,Q0007,F3,0,L131_S03_T017,0.25653802
L131,L131_S03,L131_S03_Q05,6,Q0017,F6,0,L131_S03_T022,0.17472615
L131,L131_S04,L131_S04_Q01,8,Q0007,F3,0,L131_S04_T002,0.28134443
L131,L131_S04,L131_S04_Q02,8,Q0017,F6,0,L131_S04_T007,0.20659063
L131,L131_S04,L131_S04_Q03,8,Q0014,F5,1,L131_S04_T012,0.42928077
L131,L131_S04,L131_S04_Q04,8,Q0020,F7,1,L131_S04_T017,0.21585269
L131,L131_S04,L131_S04_Q05,8,Q0010,F4,0,L131_S04_T022,0.32297365
L131,L131_S05,L131_S05_Q01,11,Q0010,F4,1,L131_S05_T002,0.33525404
L131,L131_S05,L131_S05_Q02,11,Q0005,F2,0,L131_S05_T007,0.32142714
L131,L131_S05,L131_S05_Q03,11,Q0021,F7,0,L131_S05_T012,0.38362106
L131,L131_S05,L131_S05_Q04,11,Q0018,F6,0,L131_S05_T017,0.23102402
L131,L131_S05,L131_S05_Q05,11,Q0003,F1,0,L131_S05_T022,0.43703086
L131,L131_S06,L131_S06_Q01,13,Q0018,F6,0,L131_S06_T002,0.25803157
L131,L131_S06,L131_S06_Q02,13,Q0009,F3,0,L131_S06_T007,0.28625155
L131,L131_S06,L131_S06_Q03,13,Q0009,F3,0,L131_S06_T012,0.32112552
L131,L131_S06,L131_S06_Q04,13,Q0011,F4,1,L131_S06_T017,0.47807807
L131,L131_S06,L131_S06_Q05,13,Q0016,F6,1,L131_S06_T022,0.29428437
L131,L131_S07,L131_S07_Q01,16,Q0004,F2,1,L131_S07_T002,0.32073676
L131,L131_S07,L131_S07_Q02,16,Q0015,F5,0,L131_S07_T007,0.48437317
L131,L131_S07,L131_S07_Q03,16,Q0006,F2,1,L131_S07_T012,0.48668183
L131,L131_S07,L131_S07_Q04,16,Q0023,F8,1,L131_S07_T017,0.39659577
L131,L131_S07,L131_S07_Q05,16,Q0013,F5,1,L131_S07_T022,0.50956686
L131,L131_S08,L131_S08_Q01,18,Q0021,F7,0,L131_S08_T002,0.35952498
L131,L131_S08,L131_S08_Q02,18,Q0007,F3,1,L131_S08_T007,0.32047726
L131,L131_S08,L131_S08_Q03,18,Q0001,F1,1,L131_S08_T012,0.40366875
L131,L131_S08,L131_S08_Q04,18,Q0022,F8,1,L131_S08_T017,0.52261057
L131,L131_S08,L131_S08_Q05,18,Q0016,F6,0,L131_S08_T022,0.42214506
L132,L132_S01,L132_S01_Q01,1,Q0018,F6,0,L132_S01_T002,0.09933498
L132,L132_S01,L132_S01_Q02,1,Q0022,F8,0,L132_S01_T007,0.22247278
L132,L132_S01,L132_S01_Q03,1,Q0014,F5,0,L132_S01_T012,0.12175332
L132,L132_S01,L132_S01_Q04,1,Q0007,F3,1,L132_S01_T017,0.33693051
L132,L132_S01,L132_S01_Q05,1,Q0005,F2,0,L132_S01_T022,0.12490559
L132,L132_S02,L132_S02_Q01,3,Q0020,F7,0,L132_S02_T002,0.17397282
L132,L132_S02,L132_S02_Q02,3,Q0019,F7,0,L132_S02_T007,0.21548956
L132,L132_S02,L132_S02_Q03,3,Q0010,F4,1,L132_S02_T012,0.33016254
L132,L132_S02,L132_S02_Q04,3,Q0011,F4,1,L132_S02_T017,0.49849521
L132,L132_S02,L132_S02_Q05,3,Q0017,F6,0,L132_S02_T022,0.14137978
L132,L132_S03,L132_S03_Q01,6,Q0015,F5,0,L132_S03_T002,0.15680388
L132,L132_S03,L132_S03_Q02,6,Q0023,F8,1,L132_S03_T007,0.24721922
L132,L132_S03,L132_S03_Q03,6,Q0017,F6,1,L132_S03_T012,0.17839908
L132,L132_S03,L132_S03_Q04,6,Q0018,F6,1,L132_S03_T017,0.38487047
L132,L132_S03,L132_S03_Q05,6,Q0003,F1,1,L132_S03_T022,0.27941149
L132,L132_S04,L132_S04_Q01,8,Q0008,F3,1,L132_S04_T002,0.46535824
L132,L132_S04,L132_S04_Q02,8,Q0006,F2,0,L132_S04_T007,0.15607531
L132,L132_S04,L132_S04_Q03,8,Q0004,F2,1,L132_S04_T012,0.1984916
L132,L132_S04,L132_S04_Q04,8,Q0013,F5,0,L132_S04_T017,0.19474361
L132,L132_S04,L132_S04_Q05,8,Q0001,F1,0,L132_S04_T022,0.45023327
L132,L132_S05,L132_S05_Q01,11,Q0019,F7,0,L132_S05_T002,0.23293907
L132,L132_S05,L132_S05_Q02,11,Q0003,F1,0,L132_S05_T007,0.46197644
L132,L132_S05,L132_S05_Q03,11,Q0011,F4,1,L132_S05_T012,0.57067523
L132,L132_S05,L132_S05_Q04,11,Q0008,F3,1,L132_S05_T017,0.57977578
L132,L132_S05,L132_S05_Q05,11,Q0016,F6,0,L132_S05_T022,0.5098935
L132,L132_S06,L132_S06_Q01,13,Q0020,F7,0,L132_S06_T002,0.26544039
L132,L132_S06,L132_S06_Q02,13,Q0013,F5,0,L132_S06_T007,0.22232689
L132,L132_S06,L132_S06_Q03,13,Q0017,F6,0,L132_S06_T012,0.52261166
L132,L132_S06,L132_S06_Q04,13,Q0014,F5,0,L132_S06_T017,0.26141333
L132,L132_S06,L132_S06_Q05,13,Q0005,F2,1,L132_S06_T022,0.37799899
L132,L132_S07,L132_S07_Q01,16,Q0010,F4,0,L132_S07_T002,0.64138174
L132,L132_S07,L132_S07_Q02,16,Q0015,F5,1,L132_S07_T007,0.28860925
L132,L132_S07,L132_S07_Q03,16,Q0007,F3,1,L132_S07_T012,0.64782191
L132,L132_S07,L132_S07_Q04,16,Q0021,F7,0,L132_S07_T017,0.29230674
L132,L132_S07,L132_S07_Q05,16,Q0005,F2,1,L132_S07_T022,0.5165449
L132,L132_S08,L132_S08_Q01,18,Q0023,F8,0,L132_S08_T002,0.38118795
L132,L132_S08,L132_S08_Q02,18,Q0003,F1,0,L132_S08_T007,0.45191724
L132,L132_S08,L132_S08_Q03,18,Q0015,F5,1,L132_S08_T012,0.4569661
L132,L132_S08,L132_S08_Q04,18,Q0024,F8,0,L132_S08_T017,0.4122899
L132,L132_S08,L132_S08_Q05,18,Q0019,F7,0,L132_S08_T022,0.32056736
L133,L133_S01,L133_S01_Q01,1,Q0021,F7,1,L133_S01_T002,0.18943576
L133,L133_S01,L133_S01_Q02,1,Q0017,F6,0,L133_S01_T007,0.18766726
L133,L133_S01,L133_S01_Q03,1,Q0007,F3,0,L133_S01_T012,0.15610973
L133,L133_S01,L133_S01_Q04,1,Q0024,F8,1,L133_S01_T017,0.20031957
L133,L133_S01,L133_S01_Q05,1,Q0001,F1,0,L133_S01_T022,0.33243796
L133,L133_S02,L133_S02_Q01,3,Q0007,F3,0,L133_S02_T002,0.19846424
L133,L133_S02,L133_S02_Q02,3,Q0006,F2,0,L133_S02_T007,0.32192093
L133,L133_S02,L133_S02_Q03,3,Q0010,F4,0,L133_S02_T012,0.2303324
L133,L133_S02,L133_S02_Q04,3,Q0014,F5,0,L133_S02_T017,0.27404734
L133,L133_S02,L133_S02_Q05,3,Q0014,F5,1,L133_S02_T022,0.31617102
L133,L133_S03,L133_S03_Q01,6,Q0016,F6,0,L133_S03_T002,0.21633081
L133,L133_S03,L133_S03_Q02,6,Q0024,F8,1,L133_S03_T007,0.39831637
L133,L133_S03,L133_S03_Q03,6,Q0009,F3,0,L133_S03_T012,0.23322121
L133,L133_S03,L133_S03_Q04,6,Q0003,F1,0,L133_S03_T017,0.34197266
L133,L133_S03,L133_S03_Q05,6,Q0005,F2,1,L133_S03_T022,0.34393519
L133,L133_S04,L133_S04_Q01,8,Q0007,F3,0,L133_S04_T002,0.26875917
L133,L133_S04,L133_S04_Q02,8,Q0019,F7,0,L133_S04_T007,0.37858419
L133,L133_S04,L133_S04_Q03,8,Q0012,F4,0,L133_S04_T012,0.25335852
L133,L133_S04,L133_S04_Q04,8,Q0018,F6,0,L133_S04_T017,0.25336186
L133,L133_S04,L133_S04_Q05,8,Q0011,F4,0,L133_S04_T022,0.29668267
L133,L133_S05,L133_S05_Q01,11,Q0010,F4,0,L133_S05_T002,0.32130193
L133,L133_S05,L133_S05_Q02,11,Q0017,F6,0,L133_S05_T007,0.28245252
L133,L133_S05,L133_S05_Q03,11,Q0006,F2,0,L133_S05_T012,0.49224475
L133,L133_S05,L133_S05_Q04,11,Q0008,F3,0,L133_S05_T017,0.29626057
L133,L133_S05,L133_S05_Q05,11,Q0024,F8,0,L133_S05_T022,0.52781147
L133,L133_S06,L133_S06_Q01,13,Q0017,F6,1,L133_S06_T002,0.3136385
L133,L133_S06,L133_S06_Q02,13,Q0010,F4,0,L133_S06_T007,0.34905367
L133,L133_S06,L133_S06_Q03,13,Q0003,F1,0,L133_S06_T012,0.33895405
L133,L133_S06,L133_S06_Q04,13,Q0014,F5,0,L133_S06_T017,0.43678909
L133,L133_S06,L133_S06_Q05,13,Q0013,F5,0,L133_S06_T022,0.46946962
L133,L133_S07,L133_S07_Q01,16,Q0009,F3,0,L133_S07_T002,0.31057546
L133,L133_S07,L133_S07_Q02,16,Q0001,F1,0,L133_S07_T007,0.35921022
L133,L133_S07,L133_S07_Q03,16,Q0021,F7,0,L133_S07_T012,0.36369426
L133,L133_S07,L133_S07_Q04,16,Q0005,F2,0,L133_S07_T017,0.48066384
L133,L133_S07,L133_S07_Q05,16,Q0008,F3,0,L133_S07_T022,0.35057959
L133,L133_S08,L133_S08_Q01,18,Q0024,F8,0,L133_S08_T002,0.49503712
L133,L133_S08,L133_S08_Q02,18,Q0012,F4,0,L133_S08_T007,0.3563929
L133,L133_S08,L133_S08_Q03,18,Q0008,F3,1,L133_S08_T012,0.37574323
L133,L133_S08,L133_S08_Q04,18,Q0008,F3,1,L133_S08_T017,0.55685691
L133,L133_S08,L133_S08_Q05,18,Q0020,F7,0,L133_S08_T022,0.38769858
L134,L134_S01,L134_S01_Q01,1,Q0002,F1,0,L134_S01_T002,0.14984451
L134,L134_S01,L134_S01_Q02,1,Q0013,F5,0,L134_S01_T007,0.18485221
L134,L134_S01,L134_S01_Q03,1,Q0023,F8,0,L134_S01_T012,0.15275974
L134,L134_S01,L134_S01_Q04,1,Q0020,F7,0,L134_S01_T017,0.24541359
L134,L134_S01,L134_S01_Q05,1,Q0007,F3,0,L134_S01_T022,0.32583665
L134,L134_S02,L134_S02_Q01,3,Q0010,F4,0,L134_S02_T002,0.17316362
L134,L134_S02,L134_S02_Q02,3,Q0001,F1,0,L134_S02_T007,0.19021527
L134,L134_S02,L134_S02_Q03,3,Q0009,F3,1,L134_S02_T012,0.35287193
L134,L134_S02,L134_S02_Q04,3,Q0005,F2,0,L134_S02_T017,0.15261755
L134,L134_S02,L134_S02_Q05,3,Q0023,F8,0,L134_S02_T022,0.1929096
L134,L134_S03,L134_S03_Q01,6,Q0006,F2,0,L134_S03_T002,0.19044609
L134,L134_S03,L134_S03_Q02,6,Q0018,F6,1,L134_S03_T007,0.30600741
L134,L134_S03,L134_S03_Q03,6,Q0018,F6,1,L134_S03_T012,0.4899137
L134,L134_S03,L134_S03_Q04,6,Q0014,F5,0,L134_S03_T017,0.21459016
L134,L134_S03,L134_S03_Q05,6,Q0005,F2,0,L134_S03_T022,0.23335204
L134,L134_S04,L134_S04_Q01,8,Q0020,F7,1,L134_S04_T002,0.26209746
L134,L134_S04,L134_S04_Q02,8,Q0011,F4,0,L134_S04_T007,0.20417458
L134,L134_S04,L134_S04_Q03,8,Q0001,F1,0,L134_S04_T012,0.21936913
L134,L134_S04,L134_S04_Q04,8,Q0024,F8,0,L134_S04_T017,0.22177002
L134,L134_S04,L134_S04_Q05,8,Q0023,F8,0,L134_S04_T022,0.26301581
L134,L134_S05,L134_S05_Q01,11,Q0012,F4,0,L134_S05_T002,0.23752005
L134,L134_S05,L134_S05_Q02,11,Q0014,F5,0,L134_S05_T007,0.24108933
L134,L134_S05,L134_S05_Q03,11,Q0002,F1,0,L134_S05_T012,0.25139337
L134,L134_S05,L134_S05_Q04,11,Q0014,F5,1,L134_S05_T017,0.28131121
L134,L134_S05,L134_S05_Q05,11,Q0006,F2,0,L134_S05_T022,0.25780783
L134,L134_S06,L134_S06_Q01,13,Q0005,F2,0,L134_S06_T002,0.28999787
L134,L134_S06,L134_S06_Q02,13,Q0008,F3,0,L134_S06_T007,0.46427013
L134,L134_S06,L134_S06_Q03,13,Q0002,F1,0,L134_S06_T012,0.28406945
L134,L134_S06,L134_S06_Q04,13,Q0005,F2,0,L134_S06_T017,0.32762763
L134,L134_S06,L134_S06_Q05,13,Q0001,F1,0,L134_S06_T022,0.32201341
L134,L134_S07,L134_S07_Q01,16,Q0016,F6,1,L134_S07_T002,0.55345344
L134,L134_S07,L134_S07_Q02,16,Q0010,F4,0,L134_S07_T007,0.2615219
L134,L134_S07,L134_S07_Q03,16,Q0022,F8,0,L134_S07_T012,0.27404956
L134,L134_S07,L134_S07_Q04,16,Q0010,F4,0,L134_S07_T017,0.30066087
L134,L134_S07,L134_S07_Q05,16,Q0007,F3,1,L134_S07_T022,0.4749993
L134,L134_S08,L134_S08_Q01,18,Q0020,F7,1,L134_S08_T002,0.4051964
L134,L134_S08,L134_S08_Q02,18,Q0023,F8,0,L134_S08_T007,0.30500891
L134,L134_S08,L134_S08_Q03,18,Q0019,F7,1,L134_S08_T012,0.56281786
L134,L134_S08,L134_S08_Q04,18,Q0013,F5,0,L134_S08_T017,0.43323363
L134,L134_S08,L134_S08_Q05,18,Q0017,F6,1,L134_S08_T022,0.65563187
L135,L135_S01,L135_S01_Q01,1,Q0003,F1,0,L135_S01_T002,0.1718826
L135,L135_S01,L135_S01_Q02,1,Q0010,F4,0,L135_S01_T007,0.15783471
L135,L135_S01,L135_S01_Q03,1,Q0002,F1,1,L135_S01_T012,0.21778395
L135,L135_S01,L135_S01_Q04,1,Q0023,F8,1,L135_S01_T017,0.3269966
L135,L135_S01,L135_S01_Q05,1,Q0005,F2,0,L135_S01_T022,0.10864244
L135,L135_S02,L135_S02_Q01,3,Q0009,F3,0,L135_S02_T002,0.15501771
L135,L135_S02,L135_S02_Q02,3,Q0024,F8,1,L135_S02_T007,0.4932504
L135,L135_S02,L135_S02_Q03,3,Q0020,F7,0,L135_S02_T012,0.28654054
L135,L135_S02,L135_S02_Q04,3,Q0020,F7,1,L135_S02_T017,0.32608657
L135,L135_S02,L135_S02_Q05,3,Q0015,F5,0,L135_S02_T022,0.31393522
L135,L135_S03,L135_S03_Q01,6,Q0014,F5,1,L135_S03_T002,0.33133607
L135,L135_S03,L135_S03_Q02,6,Q0004,F2,1,L135_S03_T007,0.14291526
L135,L135_S03,L135_S03_Q03,6,Q0007,F3,0,L135_S03_T012,0.19002424
L135,L135_S03,L135_S03_Q04,6,Q0010,F4,1,L135_S03_T017,0.18493161
L135,L135_S03,L135_S03_Q05,6,Q0018,F6,0,L135_S03_T022,0.15726283
L135,L135_S04,L135_S04_Q01,8,Q0016,F6,0,L135_S04_T002,0.19592533
L135,L135_S04,L135_S04_Q02,8,Q0005,F2,0,L135_S04_T007,0.36543684
L135,L135_S04,L135_S04_Q03,8,Q0009,F3,0,L135_S04_T012,0.22564965
L135,L135_S04,L135_S04_Q04,8,Q0018,F6,0,L135_S04_T017,0.24049402
L135,L135_S04,L135_S04_Q05,8,Q0009,F3,1,L135_S04_T022,0.26857077
L135,L135_S05,L135_S05_Q01,11,Q0018,F6,0,L135_S05_T002,0.26603105
L135,L135_S05,L135_S05_Q02,11,Q0013,F5,0,L135_S05_T007,0.46717998
L135,L135_S05,L135_S05_Q03,11,Q0024,F8,0,L135_S05_T012,0.53943238
L135,L135_S05,L135_S05_Q04,11,Q0018,F6,1,L135_S05_T017,0.30671389
L135,L135_S05,L135_S05_Q05,11,Q0019,F7,1,L135_S05_T022,0.43657076
L135,L135_S06,L135_S06_Q01,13,Q0002,F1,0,L135_S06_T002,0.34130842
L135,L135_S06,L135_S06_Q02,13,Q0008,F3,0,L135_S06_T007,0.42615402
L135,L135_S06,L135_S06_Q03,13,Q0004,F2,0,L135_S06_T012,0.36224975
L135,L135_S06,L135_S06_Q04,13,Q0007,F3,0,L135_S06_T017,0.45796147
L135,L135_S06,L135_S06_Q05,13,Q0005,F2,0,L135_S06_T022,0.39759933
L135,L135_S07,L135_S07_Q01,16,Q0011,F4,0,L135_S07_T002,0.33591296
L135,L135_S07,L135_S07_Q02,16,Q0021,F7,0,L135_S07_T007,0.53596566
L135,L135_S07,L135_S07_Q03,16,Q0003,F1,0,L135_S07_T012,0.35567672
L135,L135_S07,L135_S07_Q04,16,Q0015,F5,0,L135_S07_T017,0.4491511
L135,L135_S07,L135_S07_Q05,16,Q0012,F4,1,L135_S07_T022,0.37272234
L135,L135_S08,L135_S08_Q01,18,Q0002,F1,0,L135_S08_T002,0.37594564
L135,L135_S08,L135_S08_Q02,18,Q0022,F8,0,L135_S08_T007,0.49070407
L135,L135_S08,L135_S08_Q03,18,Q0017,F6,0,L135_S08_T012,0.43328525
L135,L135_S08,L135_S08_Q04,18,Q0010,F4,0,L135_S08_T017,0.52499924
L135,L135_S08,L135_S08_Q05,18,Q0005,F2,0,L135_S08_T022,0.38972054
L136,L136_S01,L136_S01_Q01,1,Q0018,F6,0,L136_S01_T002,0.28269571
L136,L136_S01,L136_S01_Q02,1,Q0012,F4,0,L136_S01_T007,0.14366367
L136,L136_S01,L136_S01_Q03,1,Q0019,F7,0,L136_S01_T012,0.25530035
L136,L136_S01,L136_S01_Q04,1,Q0001,F1,0,L136_S01_T017,0.23092338
L136,L136_S01,L136_S01_Q05,1,Q0014,F5,0,L136_S01_T022,0.18158895
L136,L136_S02,L136_S02_Q01,3,Q0011,F4,0,L136_S02_T002,0.17805866
L136,L136_S02,L136_S02_Q02,3,Q0014,F5,0,L136_S02_T007,0.21319881
L136,L136_S02,L136_S02_Q03,3,Q0022,F8,0,L136_S02_T012,0.18289322
L136,L136_S02,L136_S02_Q04,3,Q0011,F4,1,L136_S02_T017,0.21608449
L136,L136_S02,L136_S02_Q05,3,Q0006,F2,0,L136_S02_T022,0.2208848
L136,L136_S03,L136_S03_Q01,6,Q0011,F4,0,L136_S03_T002,0.38055423
L136,L136_S03,L136_S03_Q02,6,Q0020,F7,0,L136_S03_T007,0.26955246
L136,L136_S03,L136_S03_Q03,6,Q0006,F2,0,L136_S03_T012,0.24602723
L136,L136_S03,L136_S03_Q04,6,Q0007,F3,0,L136_S03_T017,0.19176157
L136,L136_S03,L136_S03_Q05,6,Q0013,F5,1,L136_S03_T022,0.23900786
L136,L136_S04,L136_S04_Q01,8,Q0023,F8,0,L136_S04_T002,0.20530949
L136,L136_S04,L136_S04_Q02,8,Q0001,F1,1,L136_S04_T007,0.24086018
L136,L136_S04,L136_S04_Q03,8,Q0008,F3,0,L136_S04_T012,0.22262438
L136,L136_S04,L136_S04_Q04,8,Q0023,F8,1,L136_S04_T017,0.2420746
L136,L136_S04,L136_S04_Q05,8,Q0018,F6,0,L136_S04_T022,0.28548622
L136,L136_S05,L136_S05_Q01,11,Q0017,F6,0,L136_S05_T002,0.30502559
L136,L136_S05,L136_S05_Q02,11,Q0002,F1,0,L136_S05_T007,0.39879077
L136,L136_S05,L136_S05_Q03,11,Q0023,F8,0,L136_S05_T012,0.39968466
L136,L136_S05,L136_S05_Q04,11,Q0009,F3,0,L136_S05_T017,0.24761593
L136,L136_S05,L136_S05_Q05,11,Q0004,F2,0,L136_S05_T022,0.26132491
L136,L136_S06,L136_S06_Q01,13,Q0015,F5,0,L136_S06_T002,0.37510285
L136,L136_S06,L136_S06_Q02,13,Q0005,F2,0,L136_S06_T007,0.28707917
L136,L136_S06,L136_S06_Q03,13,Q0001,F1,0,L136_S06_T012,0.41444988
L136,L136_S06,L136_S06_Q04,13,Q0021,F7,0,L136_S06_T017,0.27415717
L136,L136_S06,L136_S06_Q05,13,Q0005,F2,0,L136_S06_T022,0.32006133
L136,L136_S07,L136_S07_Q01,16,Q0016,F6,0,L136_S07_T002,0.31367099
L136,L136_S07,L136_S07_Q02,16,Q0021,F7,1,L136_S07_T007,0.29467914
L136,L136_S07,L136_S07_Q03,16,Q0008,F3,0,L136_S07_T012,0.26273448
L136,L136_S07,L136_S07_Q04,16,Q0021,F7,1,L136_S07_T017,0.45783194
L136,L136_S07,L136_S07_Q05,16,Q0012,F4,0,L136_S07_T022,0.35414396
L136,L136_S08,L136_S08_Q01,18,Q0007,F3,0,L136_S08_T002,0.28838521
L136,L136_S08,L136_S08_Q02,18,Q0013,F5,0,L136_S08_T007,0.37584679
L136,L136_S08,L136_S08_Q03,18,Q0009,F3,0,L136_S08_T012,0.32130695
L136,L136_S08,L136_S08_Q04,18,Q0023,F8,0,L136_S08_T017,0.3863268
L136,L136_S08,L136_S08_Q05,18,Q0012,F4,0,L136_S08_T022,0.37308182
L137,L137_S01,L137_S01_Q01,1,Q0019,F7,0,L137_S01_T002,0.12753861
L137,L137_S01,L137_S01_Q02,1,Q0012,F4,1,L137_S01_T007,0.20260053
L137,L137_S01,L137_S01_Q03,1,Q0009,F3,0,L137_S01_T012,0.26435297
L137,L137_S01,L137_S01_Q04,1,Q0015,F5,0,L137_S01_T017,0.15168138
L137,L137_S01,L137_S01_Q05,1,Q0020,F7,0,L137_S01_T022,0.16126838
L137,L137_S02,L137_S02_Q01,3,Q0015,F5,0,L137_S02_T002,0.17920081
L137,L137_S02,L137_S02_Q02,3,Q0001,F1,0,L137_S02_T007,0.2743194
L137,L137_S02,L137_S02_Q03,3,Q0020,F7,0,L137_S02_T012,0.18815353
L137,L137_S02,L137_S02_Q04,3,Q0015,F5,0,L137_S02_T017,0.2109333
L137,L137_S02,L137_S02_Q05,3,Q0004,F2,0,L137_S02_T022,0.22637427
L137,L137_S03,L137_S03_Q01,6,Q0007,F3,0,L137_S03_T002,0.27230213
L137,L137_S03,L137_S03_Q02,6,Q0022,F8,1,L137_S03_T007,0.26218574
L137,L137_S03,L137_S03_Q03,6,Q0022,F8,1,L137_S03_T012,0.40480701
L137,L137_S03,L137_S03_Q04,6,Q0017,F6,0,L137_S03_T017,0.17773458
L137,L137_S03,L137_S03_Q05,6,Q0012,F4,0,L137_S03_T022,0.33177313
L137,L137_S04,L137_S04_Q01,8,Q0020,F7,0,L137_S04_T002,0.20417528
L137,L137_S04,L137_S04_Q02,8,Q0002,F1,1,L137_S04_T007,0.2812127
L137,L137_S04,L137_S04_Q03,8,Q0017,F6,0,L137_S04_T012,0.20353033
L137,L137_S04,L137_S04_Q04,8,Q0017,F6,0,L137_S04_T017,0.23432223
L137,L137_S04,L137_S04_Q05,8,Q0004,F2,1,L137_S04_T022,0.2383469
L137,L137_S05,L137_S05_Q01,11,Q0001,F1,1,L137_S05_T002,0.40225772
L137,L137_S05,L137_S05_Q02,11,Q0008,F3,1,L137_S05_T007,0.27940914
L137,L137_S05,L137_S05_Q03,11,Q0022,F8,1,L137_S05_T012,0.4834766
L137,L137_S05,L137_S05_Q04,11,Q0015,F5,0,L137_S05_T017,0.21497646
L137,L137_S05,L137_S05_Q05,11,Q0005,F2,0,L137_S05_T022,0.36915105
L137,L137_S06,L137_S06_Q01,13,Q0015,F5,0,L137_S06_T002,0.23830831
L137,L137_S06,L137_S06_Q02,13,Q0004,F2,1,L137_S06_T007,0.38228277
L137,L137_S06,L137_S06_Q03,13,Q0010,F4,0,L137_S06_T012,0.32306633
L137,L137_S06,L137_S06_Q04,13,Q0021,F7,0,L137_S06_T017,0.21849968
L137,L137_S06,L137_S06_Q05,13,Q0001,F1,0,L137_S06_T022,0.502991
L137,L137_S07,L137_S07_Q01,16,Q0022,F8,0,L137_S07_T002,0.5424977
L137,L137_S07,L137_S07_Q02,16,Q0016,F6,1,L137_S07_T007,0.23499677
L137,L137_S07,L137_S07_Q03,16,Q0021,F7,0,L137_S07_T012,0.2381179
L137,L137_S07,L137_S07_Q04,16,Q0013,F5,0,L137_S07_T017,0.25634951
L137,L137_S07,L137_S07_Q05,16,Q0008,F3,1,L137_S07_T022,0.38939805
L137,L137_S08,L137_S08_Q01,18,Q0016,F6,1,L137_S08_T002,0.37192163
L137,L137_S08,L137_S08_Q02,18,Q0019,F7,0,L137_S08_T007,0.25991872
L137,L137_S08,L137_S08_Q03,18,Q0011,F4,1,L137_S08_T012,0.32479537
L137,L137_S08,L137_S08_Q04,18,Q0015,F5,0,L137_S08_T017,0.27694414
L137,L137_S08,L137_S08_Q05,18,Q0021,F7,0,L137_S08_T022,0.28853062
L138,L138_S01,L138_S01_Q01,1,Q0014,F5,0,L138_S01_T002,0.13224428
L138,L138_S01,L138_S01_Q02,1,Q0018,F6,0,L138_S01_T007,0.15904939
L138,L138_S01,L138_S01_Q03,1,Q0003,F1,0,L138_S01_T012,0.10980527
L138,L138_S01,L138_S01_Q04,1,Q0013,F5,0,L138_S01_T017,0.16422498
L138,L138_S01,L138_S01_Q05,1,Q0010,F4,0,L138_S01_T022,0.26008631
L138,L138_S02,L138_S02_Q01,3,Q0008,F3,0,L138_S02_T002,0.2586719
L138,L138_S02,L138_S02_Q02,3,Q0024,F8,0,L138_S02_T007,0.28024935
L138,L138_S02,L138_S02_Q03,3,Q0005,F2,0,L138_S02_T012,0.19573687
L138,L138_S02,L138_S02_Q04,3,Q0019,F7,0,L138_S02_T017,0.1351883
L138,L138_S02,L138_S02_Q05,3,Q0011,F4,0,L138_S02_T022,0.27869881
L138,L138_S03,L138_S03_Q01,6,Q0002,F1,0,L138_S03_T002,0.13211378
L138,L138_S03,L138_S03_Q02,6,Q0019,F7,0,L138_S03_T007,0.15956854
L138,L138_S03,L138_S03_Q03,6,Q0020,F7,1,L138_S03_T012,0.19054222
L138,L138_S03,L138_S03_Q04,6,Q0004,F2,0,L138_S03_T017,0.21527034
L138,L138_S03,L138_S03_Q05,6,Q0001,F1,0,L138_S03_T022,0.16409929
L138,L138_S04,L138_S04_Q01,8,Q0007,F3,1,L138_S04_T002,0.26493834
L138,L138_S04,L138_S04_Q02,8,Q0017,F6,0,L138_S04_T007,0.1707477
L138,L138_S04,L138_S04_Q03,8,Q0023,F8,0,L138_S04_T012,0.28419058
L138,L138_S04,L138_S04_Q04,8,Q0018,F6,1,L138_S04_T017,0.20130937
L138,L138_S04,L138_S04_Q05,8,Q0020,F7,0,L138_S04_T022,0.32946939
L138,L138_S05,L138_S05_Q01,11,Q0016,F6,0,L138_S05_T002,0.33285795
L138,L138_S05,L138_S05_Q02,11,Q0006,F2,0,L138_S05_T007,0.22621379
L138,L138_S05,L138_S05_Q03,11,Q0014,F5,0,L138_S05_T012,0.16736827
L138,L138_S05,L138_S05_Q04,11,Q0018,F6,0,L138_S05_T017,0.35744514
L138,L138_S05,L138_S05_Q05,11,Q0003,F1,1,L138_S05_T022,0.180557
L138,L138_S06,L138_S06_Q01,13,Q0013,F5,0,L138_S06_T002,0.19208806
L138,L138_S06,L138_S06_Q02,13,Q0024,F8,0,L138_S06_T007,0.28770709
L138,L138_S06,L138_S06_Q03,13,Q0014,F5,0,L138_S06_T012,0.22186325
L138,L138_S06,L138_S06_Q04,13,Q0009,F3,1,L138_S06_T017,0.37091325
L138,L138_S06,L138_S06_Q05,13,Q0012,F4,0,L138_S06_T022,0.26198684
L138,L138_S07,L138_S07_Q01,16,Q0004,F2,1,L138_S07_T002,0.23597796
L138,L138_S07,L138_S07_Q02,16,Q0014,F5,0,L138_S07_T007,0.23930537
L138,L138_S07,L138_S07_Q03,16,Q0019,F7,1,L138_S07_T012,0.31339239
L138,L138_S07,L138_S07_Q04,16,Q0021,F7,0,L138_S07_T017,0.43991529
L138,L138_S07,L138_S07_Q05,16,Q0013,F5,0,L138_S07_T022,0.26734039
L138,L138_S08,L138_S08_Q01,18,Q0023,F8,0,L138_S08_T002,0.29084466
L138,L138_S08,L138_S08_Q02,18,Q0008,F3,0,L138_S08_T007,0.45099569
L138,L138_S08,L138_S08_Q03,18,Q0011,F4,1,L138_S08_T012,0.26789605
L138,L138_S08,L138_S08_Q04,18,Q0002,F1,0,L138_S08_T017,0.29789558
L138,L138_S08,L138_S08_Q05,18,Q0002,F1,0,L138_S08_T022,0.32377128
L139,L139_S01,L139_S01_Q01,1,Q0007,F3,0,L139_S01_T002,0.14672019
L139,L139_S01,L139_S01_Q02,1,Q0006,F2,0,L139_S01_T007,0.20235619
L139,L139_S01,L139_S01_Q03,1,Q0018,F6,0,L139_S01_T012,0.19764049
L139,L139_S01,L139_S01_Q04,1,Q0017,F6,1,L139_S01_T017,0.23771205
L139,L139_S01,L139_S01_Q05,1,Q0014,F5,0,L139_S01_T022,0.32922011
L139,L139_S02,L139_S02_Q01,3,Q0001,F1,0,L139_S02_T002,0.22976248
L139,L139_S02,L139_S02_Q02,3,Q0008,F3,0,L139_S02_T007,0.18382522
L139,L139_S02,L139_S02_Q03,3,Q0012,F4,0,L139_S02_T012,0.26132863
L139,L139_S02,L139_S02_Q04,3,Q0001,F1,1,L139_S02_T017,0.2682298
L139,L139_S02,L139_S02_Q05,3,Q0012,F4,0,L139_S02_T022,0.29821946
L139,L139_S03,L139_S03_Q01,6,Q0023,F8,0,L139_S03_T002,0.18329983
L139,L139_S03,L139_S03_Q02,6,Q0005,F2,0,L139_S03_T007,0.22495557
L139,L139_S03,L139_S03_Q03,6,Q0019,F7,0,L139_S03_T012,0.24942259
L139,L139_S03,L139_S03_Q04,6,Q0008,F3,0,L139_S03_T017,0.21485528
L139,L139_S03,L139_S03_Q05,6,Q0023,F8,0,L139_S03_T022,0.22408759
L139,L139_S04,L139_S04_Q01,8,Q0022,F8,1,L139_S04_T002,0.25518979
L139,L139_S04,L139_S04_Q02,8,Q0007,F3,1,L139_S04_T007,0.2466738
L139,L139_S04,L139_S04_Q03,8,Q0021,F7,1,L139_S04_T012,0.27855909
L139,L139_S04,L139_S04_Q04,8,Q0008,F3,0,L139_S04_T017,0.43478744
L139,L139_S04,L139_S04_Q05,8,Q0015,F5,0,L139_S04_T022,0.32710185
L139,L139_S05,L139_S05_Q01,11,Q0006,F2,0,L139_S05_T002,0.24489823
L139,L139_S05,L139_S05_Q02,11,Q0005,F2,0,L139_S05_T007,0.28260963
L139,L139_S05,L139_S05_Q03,11,Q0015,F5,0,L139_S05_T012,0.34507817
L139,L139_S05,L139_S05_Q04,11,Q0018,F6,0,L139_S05_T017,0.36930169
L139,L139_S05,L139_S05_Q05,11,Q0003,F1,1,L139_S05_T022,0.4007164
L139,L139_S06,L139_S06_Q01,13,Q0008,F3,0,L139_S06_T002,0.43006286
L139,L139_S06,L139_S06_Q02,13,Q0019,F7,1,L139_S06_T007,0.42606448
L139,L139_S06,L139_S06_Q03,13,Q0010,F4,0,L139_S06_T012,0.28751899
L139,L139_S06,L139_S06_Q04,13,Q0005,F2,0,L139_S06_T017,0.30917119
L139,L139_S06,L139_S06_Q05,13,Q0004,F2,1,L139_S06_T022,0.34367266
L139,L139_S07,L139_S07_Q01,16,Q0007,F3,1,L139_S07_T002,0.43865854
L139,L139_S07,L139_S07_Q02,16,Q0011,F4,0,L139_S07_T007,0.30910165
L139,L139_S07,L139_S07_Q03,16,Q0010,F4,0,L139_S07_T012,0.34360659
L139,L139_S07,L139_S07_Q04,16,Q0016,F6,0,L139_S07_T017,0.37227542
L139,L139_S07,L139_S07_Q05,16,Q0012,F4,1,L139_S07_T022,0.37638829
L139,L139_S08,L139_S08_Q01,18,Q0019,F7,0,L139_S08_T002,0.52885976
L139,L139_S08,L139_S08_Q02,18,Q0023,F8,1,L139_S08_T007,0.38061493
L139,L139_S08,L139_S08_Q03,18,Q0001,F1,1,L139_S08_T012,0.49631925
L139,L139_S08,L139_S08_Q04,18,Q0013,F5,0,L139_S08_T017,0.34068847
L139,L139_S08,L139_S08_Q05,18,Q0024,F8,0,L139_S08_T022,0.53528203
L140,L140_S01,L140_S01_Q01,1,Q0018,F6,1,L140_S01_T002,0.19833985
L140,L140_S01,L140_S01_Q02,1,Q0023,F8,0,L140_S01_T007,0.15488789
L140,L140_S01,L140_S01_Q03,1,Q0020,F7,1,L140_S01_T012,0.3317447
L140,L140_S01,L140_S01_Q04,1,Q0019,F7,0,L140_S01_T017,0.46154349
L140,L140_S01,L140_S01_Q05,1,Q0008,F3,0,L140_S01_T022,0.21692575
L140,L140_S02,L140_S02_Q01,3,Q0012,F4,0,L140_S02_T002,0.2001289
L140,L140_S02,L140_S02_Q02,3,Q0006,F2,0,L140_S02_T007,0.11426926
L140,L140_S02,L140_S02_Q03,3,Q0008,F3,0,L140_S02_T012,0.24189581
L140,L140_S02,L140_S02_Q04,3,Q0013,F5,0,L140_S02_T017,0.13951825
L140,L140_S02,L140_S02_Q05,3,Q0022,F8,0,L140_S02_T022,0.18358179
L140,L140_S03,L140_S03_Q01,6,Q0006,F2,0,L140_S03_T002,0.14379049
L140,L140_S03,L140_S03_Q02,6,Q0015,F5,0,L140_S03_T007,0.16726097
L140,L140_S03,L140_S03_Q03,6,Q0017,F6,1,L140_S03_T012,0.33486862
L140,L140_S03,L140_S03_Q04,6,Q0002,F1,0,L140_S03_T017,0.20201008
L140,L140_S03,L140_S03_Q05,6,Q0005,F2,0,L140_S03_T022,0.17705172
L140,L140_S04,L140_S04_Q01,8,Q0010,F4,0,L140_S04_T002,0.21867538
L140,L140_S04,L140_S04_Q02,8,Q0002,F1,1,L140_S04_T007,0.22787546
L140,L140_S04,L140_S04_Q03,8,Q0013,F5,1,L140_S04_T012,0.19521217
L140,L140_S04,L140_S04_Q04,8,Q0006,F2,1,L140_S04_T017,0.20441524
L140,L140_S04,L140_S04_Q05,8,Q0015,F5,1,L140_S04_T022,0.35153041
L140,L140_S05,L140_S05_Q01,11,Q0005,F2,0,L140_S05_T002,0.34714786
L140,L140_S05,L140_S05_Q02,11,Q0020,F7,0,L140_S05_T007,0.43159904
L140,L140_S05,L140_S05_Q03,11,Q0022,F8,0,L140_S05_T012,0.19693963
L140,L140_S05,L140_S05_Q04,11,Q0011,F4,0,L140_S05_T017,0.24084237
L140,L140_S05,L140_S05_Q05,11,Q0015,F5,0,L140_S05_T022,0.46179182
L140,L140_S06,L140_S06_Q01,13,Q0016,F6,0,L140_S06_T002,0.42924727
L140,L140_S06,L140_S06_Q02,13,Q0001,F1,1,L140_S06_T007,0.357378
L140,L140_S06,L140_S06_Q03,13,Q0008,F3,0,L140_S06_T012,0.24274016
L140,L140_S06,L140_S06_Q04,13,Q0017,F6,0,L140_S06_T017,0.45141934
L140,L140_S06,L140_S06_Q05,13,Q0023,F8,1,L140_S06_T022,0.22310937
L140,L140_S07,L140_S07_Q01,16,Q0011,F4,0,L140_S07_T002,0.25568714
L140,L140_S07,L140_S07_Q02,16,Q0023,F8,0,L140_S07_T007,0.36171583
L140,L140_S07,L140_S07_Q03,16,Q0014,F5,0,L140_S07_T012,0.45654766
L140,L140_S07,L140_S07_Q04,16,Q0023,F8,0,L140_S07_T017,0.3865113
L140,L140_S07,L140_S07_Q05,16,Q0021,F7,1,L140_S07_T022,0.42910003
L140,L140_S08,L140_S08_Q01,18,Q0002,F1,0,L140_S08_T002,0.4560731
L140,L140_S08,L140_S08_Q02,18,Q0008,F3,0,L140_S08_T007,0.25741238
L140,L140_S08,L140_S08_Q03,18,Q0012,F4,0,L140_S08_T012,0.27833054
L140,L140_S08,L140_S08_Q04,18,Q0006,F2,1,L140_S08_T017,0.34456398
L140,L140_S08,L140_S08_Q05,18,Q0008,F3,0,L140_S08_T022,0.28625973
L141,L141_S01,L141_S01_Q01,1,Q0012,F4,0,L141_S01_T002,0.12161949
L141,L141_S01,L141_S01_Q02,1,Q0013,F5,0,L141_S01_T007,0.12761755
L141,L141_S01,L141_S01_Q03,1,Q0003,F1,0,L141_S01_T012,0.31767903
L141,L141_S01,L141_S01_Q04,1,Q0019,F7,0,L141_S01_T017,0.27216826
L141,L141_S01,L141_S01_Q05,1,Q0015,F5,0,L141_S01_T022,0.17521621
L141,L141_S02,L141_S02_Q01,3,Q0023,F8,0,L141_S02_T002,0.18347002
L141,L141_S02,L141_S02_Q02,3,Q0005,F2,0,L141_S02_T007,0.30209292
L141,L141_S02,L141_S02_Q03,3,Q0002,F1,0,L141_S02_T012,0.34840757
L141,L141_S02,L141_S02_Q04,3,Q0007,F3,1,L141_S02_T017,0.29565075
L141,L141_S02,L141_S02_Q05,3,Q0018,F6,0,L141_S02_T022,0.13973194
L141,L141_S03,L141_S03_Q01,6,Q0023,F8,1,L141_S03_T002,0.22178582
L141,L141_S03,L141_S03_Q02,6,Q0004,F2,0,L141_S03_T007,0.33086959
L141,L141_S03,L141_S03_Q03,6,Q0012,F4,1,L141_S03_T012,0.16188877
L141,L141_S03,L141_S03_Q04,6,Q0020,F7,0,L141_S03_T017,0.29779554
L141,L141_S03,L141_S03_Q05,6,Q0013,F5,0,L141_S03_T022,0.21027281
L141,L141_S04,L141_S04_Q01,8,Q0016,F6,1,L141_S04_T002,0.17823965
L141,L141_S04,L141_S04_Q02,8,Q0014,F5,0,L141_S04_T007,0.24872141
L141,L141_S04,L141_S04_Q03,8,Q0014,F5,0,L141_S04_T012,0.28971244
L141,L141_S04,L141_S04_Q04,8,Q0009,F3,0,L141_S04_T017,0.46577408
L141,L141_S04,L141_S04_Q05,8,Q0015,F5,0,L141_S04_T022,0.32846693
L141,L141_S05,L141_S05_Q01,11,Q0001,F1,1,L141_S05_T002,0.35659444
L141,L141_S05,L141_S05_Q02,11,Q0007,F3,1,L141_S05_T007,0.48138823
L141,L141_S05,L141_S05_Q03,11,Q0016,F6,1,L141_S05_T012,0.3914182
L141,L141_S05,L141_S05_Q04,11,Q0024,F8,1,L141_S05_T017,0.41448584
L141,L141_S05,L141_S05_Q05,11,Q0013,F5,1,L141_S05_T022,0.35512272
L141,L141_S06,L141_S06_Q01,13,Q0015,F5,1,L141_S06_T002,0.52132465
L141,L141_S06,L141_S06_Q02,13,Q0021,F7,1,L141_S06_T007,0.31505262
L141,L141_S06,L141_S06_Q03,13,Q0012,F4,0,L141_S06_T012,0.36606672
L141,L141_S06,L141_S06_Q04,13,Q0018,F6,0,L141_S06_T017,0.54723502
L141,L141_S06,L141_S06_Q05,13,Q0024,F8,0,L141_S06_T022,0.56370239
L141,L141_S07,L141_S07_Q01,16,Q0021,F7,0,L141_S07_T002,0.48818681
L141,L141_S07,L141_S07_Q02,16,Q0007,F3,0,L141_S07_T007,0.5947412
L141,L141_S07,L141_S07_Q03,16,Q0004,F2,0,L141_S07_T012,0.33494621
L141,L141_S07,L141_S07_Q04,16,Q0020,F7,1,L141_S07_T017,0.5161122
L141,L141_S07,L141_S07_Q05,16,Q0005,F2,1,L141_S07_T022,0.37123267
L141,L141_S08,L141_S08_Q01,18,Q0005,F2,0,L141_S08_T002,0.53282511
L141,L141_S08,L141_S08_Q02,18,Q0006,F2,1,L141_S08_T007,0.55831496
L141,L141_S08,L141_S08_Q03,18,Q0011,F4,1,L141_S08_T012,0.38256167
L141,L141_S08,L141_S08_Q04,18,Q0011,F4,0,L141_S08_T017,0.55100408
L141,L141_S08,L141_S08_Q05,18,Q0003,F1,1,L141_S08_T022,0.49878488
L142,L142_S01,L142_S01_Q01,1,Q0001,F1,0,L142_S01_T002,0.30108729
L142,L142_S01,L142_S01_Q02,1,Q0005,F2,0,L142_S01_T007,0.2768319
L142,L142_S01,L142_S01_Q03,1,Q0003,F1,1,L142_S01_T012,0.33885104
L142,L142_S01,L142_S01_Q04,1,Q0022,F8,0,L142_S01_T017,0.10996146
L142,L142_S01,L142_S01_Q05,1,Q0024,F8,0,L142_S01_T022,0.15805215
L142,L142_S02,L142_S02_Q01,3,Q0006,F2,0,L142_S02_T002,0.30813233
L142,L142_S02,L142_S02_Q02,3,Q0019,F7,0,L142_S02_T007,0.31191971
L142,L142_S02,L142_S02_Q03,3,Q0010,F4,0,L142_S02_T012,0.20400062
L142,L142_S02,L142_S02_Q04,3,Q0016,F6,0,L142_S02_T017,0.251351
L142,L142_S02,L142_S02_Q05,3,Q0020,F7,0,L142_S02_T022,0.34909816
L142,L142_S03,L142_S03_Q01,6,Q0013,F5,1,L142_S03_T002,0.17074246
L142,L142_S03,L142_S03_Q02,6,Q0016,F6,1,L142_S03_T007,0.28109756
L142,L142_S03,L142_S03_Q03,6,Q0014,F5,0,L142_S03_T012,0.39477526
L142,L142_S03,L142_S03_Q04,6,Q0007,F3,1,L142_S03_T017,0.28925682
L142,L142_S03,L142_S03_Q05,6,Q0007,F3,0,L142_S03_T022,0.4812717
L142,L142_S04,L142_S04_Q01,8,Q0014,F5,1,L142_S04_T002,0.41695741
L142,L142_S04,L142_S04_Q02,8,Q0023,F8,0,L142_S04_T007,0.18654601
L142,L142_S04,L142_S04_Q03,8,Q0023,F8,1,L142_S04_T012,0.23049867
L142,L142_S04,L142_S04_Q04,8,Q0012,F4,1,L142_S04_T017,0.23209328
L142,L142_S04,L142_S04_Q05,8,Q0006,F2,1,L142_S04_T022,0.32464983
L142,L142_S05,L142_S05_Q01,11,Q0017,F6,1,L142_S05_T002,0.44661248
L142,L142_S05,L142_S05_Q02,11,Q0014,F5,1,L142_S05_T007,0.55339849
L142,L142_S05,L142_S05_Q03,11,Q0001,F1,0,L142_S05_T012,0.45685518
L142,L142_S05,L142_S05_Q04,11,Q0022,F8,0,L142_S05_T017,0.42230575
L142,L142_S05,L142_S05_Q05,11,Q0008,F3,1,L142_S05_T022,0.47854321
L142,L142_S06,L142_S06_Q01,13,Q0020,F7,1,L142_S06_T002,0.33925748
L142,L142_S06,L142_S06_Q02,13,Q0011,F4,0,L142_S06_T007,0.41300709
L142,L142_S06,L142_S06_Q03,13,Q0019,F7,0,L142_S06_T012,0.51776415
L142,L142_S06,L142_S06_Q04,13,Q0005,F2,0,L142_S06_T017,0.47647908
L142,L142_S06,L142_S06_Q05,13,Q0022,F8,1,L142_S06_T022,0.4423595
L142,L142_S07,L142_S07_Q01,16,Q0021,F7,0,L142_S07_T002,0.52387072
L142,L142_S07,L142_S07_Q02,16,Q0010,F4,1,L142_S07_T007,0.4284092
L142,L142_S07,L142_S07_Q03,16,Q0014,F5,1,L142_S07_T012,0.63334678
L142,L142_S07,L142_S07_Q04,16,Q0002,F1,1,L142_S07_T017,0.4568408
L142,L142_S07,L142_S07_Q05,16,Q0017,F6,0,L142_S07_T022,0.56011673
L142,L142_S08,L142_S08_Q01,18,Q0012,F4,1,L142_S08_T002,0.56848816
L142,L142_S08,L142_S08_Q02,18,Q0004,F2,0,L142_S08_T007,0.47428332
L142,L142_S08,L142_S08_Q03,18,Q0005,F2,1,L142_S08_T012,0.50268892
L142,L142_S08,L142_S08_Q04,18,Q0011,F4,1,L142_S08_T017,0.6850657
L142,L142_S08,L142_S08_Q05,18,Q0007,F3,1,L142_S08_T022,0.56769137
L143,L143_S01,L143_S01_Q01,1,Q0019,F7,0,L143_S01_T002,0.22215783
L143,L143_S01,L143_S01_Q02,1,Q0006,F2,0,L143_S01_T007,0.1068968
L143,L143_S01,L143_S01_Q03,1,Q0001,F1,0,L143_S01_T012,0.31811998
L143,L143_S01,L143_S01_Q04,1,Q0010,F4,0,L143_S01_T017,0.16169726
L143,L143_S01,L143_S01_Q05,1,Q0023,F8,1,L143_S01_T022,0.12086257
L143,L143_S02,L143_S02_Q01,3,Q0005,F2,1,L143_S02_T002,0.15097927
L143,L143_S02,L143_S02_Q02,3,Q0006,F2,1,L143_S02_T007,0.38516497
L143,L143_S02,L143_S02_Q03,3,Q0012,F4,1,L143_S02_T012,0.20103699
L143,L143_S02,L143_S02_Q04,3,Q0014,F5,1,L143_S02_T017,0.32986485
L143,L143_S02,L143_S02_Q05,3,Q0022,F8,0,L143_S02_T022,0.35128773
L143,L143_S03,L143_S03_Q01,6,Q0016,F6,0,L143_S03_T002,0.20583683
L143,L143_S03,L143_S03_Q02,6,Q0008,F3,0,L143_S03_T007,0.23394522
L143,L143_S03,L143_S03_Q03,6,Q0020,F7,0,L143_S03_T012,0.24360509
L143,L143_S03,L143_S03_Q04,6,Q0017,F6,0,L143_S03_T017,0.2496477
L143,L143_S03,L143_S03_Q05,6,Q0008,F3,0,L143_S03_T022,0.27620545
L143,L143_S04,L143_S04_Q01,8,Q0003,F1,0,L143_S04_T002,0.3160738
L143,L143_S04,L143_S04_Q02,8,Q0020,F7,1,L143_S04_T007,0.27585607
L143,L143_S04,L143_S04_Q03,8,Q0007,F3,0,L143_S04_T012,0.30563501
L143,L143_S04,L143_S04_Q04,8,Q0013,F5,1,L143_S04_T017,0.47303125
L143,L143_S04,L143_S04_Q05,8,Q0017,F6,1,L143_S04_T022,0.28137571
L143,L143_S05,L143_S05_Q01,11,Q0008,F3,1,L143_S05_T002,0.32694921
L143,L143_S05,L143_S05_Q02,11,Q0006,F2,0,L143_S05_T007,0.4846486
L143,L143_S05,L143_S05_Q03,11,Q0016,F6,1,L143_S05_T012,0.45590142
L143,L143_S05,L143_S05_Q04,11,Q0009,F3,0,L143_S05_T017,0.51259706
L143,L143_S05,L143_S05_Q05,11,Q0001,F1,1,L143_S05_T022,0.3363249
L143,L143_S06,L143_S06_Q01,13,Q0015,F5,1,L143_S06_T002,0.56831305
L143,L143_S06,L143_S06_Q02,13,Q0022,F8,1,L143_S06_T007,0.32692773
L143,L143_S06,L143_S06_Q03,13,Q0013,F5,1,L143_S06_T012,0.68738542
L143,L143_S06,L143_S06_Q04,13,Q0010,F4,0,L143_S06_T017,0.3559322
L143,L143_S06,L143_S06_Q05,13,Q0010,F4,0,L143_S06_T022,0.39146289
L143,L143_S07,L143_S07_Q01,16,Q0011,F4,0,L143_S07_T002,0.40403619
L143,L143_S07,L143_S07_Q02,16,Q0022,F8,1,L143_S07_T007,0.48725918
L143,L143_S07,L143_S07_Q03,16,Q0005,F2,0,L143_S07_T012,0.47153327
L143,L143_S07,L143_S07_Q04,16,Q0022,F8,1,L143_S07_T017,0.62868867
L143,L143_S07,L143_S07_Q05,16,Q0003,F1,0,L143_S07_T022,0.47733062
L143,L143_S08,L143_S08_Q01,18,Q0021,F7,0,L143_S08_T002,0.40169469
L143,L143_S08,L143_S08_Q02,18,Q0017,F6,0,L143_S08_T007,0.53841661
L143,L143_S08,L143_S08_Q03,18,Q0011,F4,0,L143_S08_T012,0.42240256
L143,L143_S08,L143_S08_Q04,18,Q0001,F1,1,L143_S08_T017,0.48935368
L143,L143_S08,L143_S08_Q05,18,Q0020,F7,0,L143_S08_T022,0.43470085
L144,L144_S01,L144_S01_Q01,1,Q0021,F7,0,L144_S01_T002,0.30670742
L144,L144_S01,L144_S01_Q02,1,Q0018,F6,0,L144_S01_T007,0.11283307
L144,L144_S01,L144_S01_Q03,1,Q0005,F2,0,L144_S01_T012,0.12075201
L144,L144_S01,L144_S01_Q04,1,Q0017,F6,0,L144_S01_T017,0.15466024
L144,L144_S01,L144_S01_Q05,1,Q0002,F1,0,L144_S01_T022,0.17429815
L144,L144_S02,L144_S02_Q01,3,Q0021,F7,0,L144_S02_T002,0.32892652
L144,L144_S02,L144_S02_Q02,3,Q0017,F6,0,L144_S02_T007,0.1885162
L144,L144_S02,L144_S02_Q03,3,Q0004,F2,0,L144_S02_T012,0.15720312
L144,L144_S02,L144_S02_Q04,3,Q0008,F3,0,L144_S02_T017,0.15586071
L144,L144_S02,L144_S02_Q05,3,Q0007,F3,0,L144_S02_T022,0.19565926
L144,L144_S03,L144_S03_Q01,6,Q0010,F4,0,L144_S03_T002,0.20617424
L144,L144_S03,L144_S03_Q02,6,Q0006,F2,0,L144_S03_T007,0.18789811
L144,L144_S03,L144_S03_Q03,6,Q0013,F5,0,L144_S03_T012,0.26200465
L144,L144_S03,L144_S03_Q04,6,Q0002,F1,0,L144_S03_T017,0.197165
L144,L144_S03,L144_S03_Q05,6,Q0007,F3,0,L144_S03_T022,0.2228591
L144,L144_S04,L144_S04_Q01,8,Q0010,F4,0,L144_S04_T002,0.23608759
L144,L144_S04,L144_S04_Q02,8,Q0003,F1,0,L144_S04_T007,0.22776787
L144,L144_S04,L144_S04_Q03,8,Q0013,F5,0,L144_S04_T012,0.28764505
L144,L144_S04,L144_S04_Q04,8,Q0023,F8,0,L144_S04_T017,0.2584573
L144,L144_S04,L144_S04_Q05,8,Q0023,F8,0,L144_S04_T022,0.29341874
L144,L144_S05,L144_S05_Q01,11,Q0024,F8,1,L144_S05_T002,0.31173354
L144,L144_S05,L144_S05_Q02,11,Q0007,F3,1,L144_S05_T007,0.23995082
L144,L144_S05,L144_S05_Q03,11,Q0019,F7,0,L144_S05_T012,0.31809953
L144,L144_S05,L144_S05_Q04,11,Q0021,F7,1,L144_S05_T017,0.35024902
L144,L144_S05,L144_S05_Q05,11,Q0018,F6,0,L144_S05_T022,0.20006644
L144,L144_S06,L144_S06_Q01,13,Q0006,F2,0,L144_S06_T002,0.2026971
L144,L144_S06,L144_S06_Q02,13,Q0012,F4,0,L144_S06_T007,0.25160611
L144,L144_S06,L144_S06_Q03,13,Q0018,F6,0,L144_S06_T012,0.23044725
L144,L144_S06,L144_S06_Q04,13,Q0022,F8,0,L144_S06_T017,0.45936326
L144,L144_S06,L144_S06_Q05,13,Q0004,F2,1,L144_S06_T022,0.24028746
L144,L144_S07,L144_S07_Q01,16,Q0011,F4,0,L144_S07_T002,0.27372112
L144,L144_S07,L144_S07_Q02,16,Q0002,F1,0,L144_S07_T007,0.23306256
L144,L144_S07,L144_S07_Q03,16,Q0004,F2,0,L144_S07_T012,0.40012676
L144,L144_S07,L144_S07_Q04,16,Q0007,F3,0,L144_S07_T017,0.38754825
L144,L144_S07,L144_S07_Q05,16,Q0002,F1,1,L144_S07_T022,0.26922128
L144,L144_S08,L144_S08_Q01,18,Q0017,F6,0,L144_S08_T002,0.24663655
L144,L144_S08,L144_S08_Q02,18,Q0013,F5,1,L144_S08_T007,0.27465664
L144,L144_S08,L144_S08_Q03,18,Q0014,F5,0,L144_S08_T012,0.44564509
L144,L144_S08,L144_S08_Q04,18,Q0006,F2,1,L144_S08_T017,0.41519605
L144,L144_S08,L144_S08_Q05,18,Q0017,F6,0,L144_S08_T022,0.2821553
L145,L145_S01,L145_S01_Q01,1,Q0002,F1,0,L145_S01_T002,0.19957593
L145,L145_S01,L145_S01_Q02,1,Q0021,F7,0,L145_S01_T007,0.12836412
L145,L145_S01,L145_S01_Q03,1,Q0012,F4,0,L145_S01_T012,0.29475257
L145,L145_S01,L145_S01_Q04,1,Q0012,F4,0,L145_S01_T017,0.33229265
L145,L145_S01,L145_S01_Q05,1,Q0009,F3,1,L145_S01_T022,0.24655477
L145,L145_S02,L145_S02_Q01,3,Q0019,F7,0,L145_S02_T002,0.17157929
L145,L145_S02,L145_S02_Q02,3,Q0013,F5,0,L145_S02_T007,0.19486597
L145,L145_S02,L145_S02_Q03,3,Q0020,F7,1,L145_S02_T012,0.21567585
L145,L145_S02,L145_S02_Q04,3,Q0005,F2,1,L145_S02_T017,0.2387401
L145,L145_S02,L145_S02_Q05,3,Q0016,F6,1,L145_S02_T022,0.28042045
L145,L145_S03,L145_S03_Q01,6,Q0017,F6,1,L145_S03_T002,0.45910602
L145,L145_S03,L145_S03_Q02,6,Q0023,F8,0,L145_S03_T007,0.29597986
L145,L145_S03,L145_S03_Q03,6,Q0022,F8,1,L145_S03_T012,0.33345462
L145,L145_S03,L145_S03_Q04,6,Q0001,F1,1,L145_S03_T017,0.2313093
L145,L145_S03,L145_S03_Q05,6,Q0014,F5,0,L145_S03_T022,0.23126061
L145,L145_S04,L145_S04_Q01,8,Q0004,F2,0,L145_S04_T002,0.42153352
L145,L145_S04,L145_S04_Q02,8,Q0007,F3,0,L145_S04_T007,0.41923666
L145,L145_S04,L145_S04_Q03,8,Q0013,F5,1,L145_S04_T012,0.267225
L145,L145_S04,L145_S04_Q04,8,Q0010,F4,0,L145_S04_T017,0.34492414
L145,L145_S04,L145_S04_Q05,8,Q0014,F5,1,L145_S04_T022,0.46225184
L145,L145_S05,L145_S05_Q01,11,Q0012,F4,1,L145_S05_T002,0.36946911
L145,L145_S05,L145_S05_Q02,11,Q0006,F2,0,L145_S05_T007,0.44002888
L145,L145_S05,L145_S05_Q03,11,Q0018,F6,1,L145_S05_T012,0.57598908
L145,L145_S05,L145_S05_Q04,11,Q0009,F3,0,L145_S05_T017,0.43791339
L145,L145_S05,L145_S05_Q05,11,Q0012,F4,1,L145_S05_T022,0.53728385
L145,L145_S06,L145_S06_Q01,13,Q0021,F7,0,L145_S06_T002,0.38716842
L145,L145_S06,L145_S06_Q02,13,Q0019,F7,1,L145_S06_T007,0.41978924
L145,L145_S06,L145_S06_Q03,13,Q0014,F5,1,L145_S06_T012,0.578194
L145,L145_S06,L145_S06_Q04,13,Q0003,F1,1,L145_S06_T017,0.40874558
L145,L145_S06,L145_S06_Q05,13,Q0021,F7,1,L145_S06_T022,0.57421136
L145,L145_S07,L145_S07_Q01,16,Q0007,F3,0,L145_S07_T002,0.44682939
L145,L145_S07,L145_S07_Q02,16,Q0017,F6,0,L145_S07_T007,0.65791299
L145,L145_S07,L145_S07_Q03,16,Q0004,F2,0,L145_S07_T012,0.44874235
L145,L145_S07,L145_S07_Q04,16,Q0003,F1,1,L145_S07_T017,0.55071762
L145,L145_S07,L145_S07_Q05,16,Q0005,F2,0,L145_S07_T022,0.47808561
L145,L145_S08,L145_S08_Q01,18,Q0013,F5,0,L145_S08_T002,0.65945843
L145,L145_S08,L145_S08_Q02,18,Q0022,F8,0,L145_S08_T007,0.45752963
L145,L145_S08,L145_S08_Q03,18,Q0024,F8,0,L145_S08_T012,0.48640514
L145,L145_S08,L145_S08_Q04,18,Q0008,F3,0,L145_S08_T017,0.46760337
L145,L145_S08,L145_S08_Q05,18,Q0001,F1,1,L145_S08_T022,0.65808994
L146,L146_S01,L146_S01_Q01,1,Q0018,F6,0,L146_S01_T002,0.10730589
L146,L146_S01,L146_S01_Q02,1,Q0022,F8,0,L146_S01_T007,0.2054483
L146,L146_S01,L146_S01_Q03,1,Q0019,F7,0,L146_S01_T012,0.1583319
L146,L146_S01,L146_S01_Q04,1,Q0022,F8,0,L146_S01_T017,0.23629807
L146,L146_S01,L146_S01_Q05,1,Q0016,F6,0,L146_S01_T022,0.1419662
L146,L146_S02,L146_S02_Q01,3,Q0016,F6,0,L146_S02_T002,0.16920978
L146,L146_S02,L146_S02_Q02,3,Q0006,F2,0,L146_S02_T007,0.20067748
L146,L146_S02,L146_S02_Q03,3,Q0008,F3,0,L146_S02_T012,0.19115121
L146,L146_S02,L146_S02_Q04,3,Q0019,F7,0,L146_S02_T017,0.18439522
L146,L146_S02,L146_S02_Q05,3,Q0002,F1,0,L146_S02_T022,0.22156529
L146,L146_S03,L146_S03_Q01,6,Q0011,F4,0,L146_S03_T002,0.18081635
L146,L146_S03,L146_S03_Q02,6,Q0021,F7,0,L146_S03_T007,0.20493494
L146,L146_S03,L146_S03_Q03,6,Q0015,F5,1,L146_S03_T012,0.20676573
L146,L146_S03,L146_S03_Q04,6,Q0007,F3,1,L146_S03_T017,0.21109418
L146,L146_S03,L146_S03_Q05,6,Q0015,F5,0,L146_S03_T022,0.36075882
L146,L146_S04,L146_S04_Q01,8,Q0005,F2,0,L146_S04_T002,0.21216679
L146,L146_S04,L146_S04_Q02,8,Q0011,F4,1,L146_S04_T007,0.20525814
L146,L146_S04,L146_S04_Q03,8,Q0018,F6,0,L146_S04_T012,0.18447222
L146,L146_S04,L146_S04_Q04,8,Q0011,F4,0,L146_S04_T017,0.35954391
L146,L146_S04,L146_S04_Q05,8,Q0002,F1,1,L146_S04_T022,0.23055005
L146,L146_S05,L146_S05_Q01,11,Q0003,F1,1,L146_S05_T002,0.36035918
L146,L146_S05,L146_S05_Q02,11,Q0023,F8,0,L146_S05_T007,0.22297492
L146,L146_S05,L146_S05_Q03,11,Q0018,F6,0,L146_S05_T012,0.20500513
L146,L146_S05,L146_S05_Q04,11,Q0005,F2,0,L146_S05_T017,0.23025349
L146,L146_S05,L146_S05_Q05,11,Q0008,F3,1,L146_S05_T022,0.33352157
L146,L146_S06,L146_S06_Q01,13,Q0007,F3,0,L146_S06_T002,0.44687399
L146,L146_S06,L146_S06_Q02,13,Q0006,F2,0,L146_S06_T007,0.25112999
L146,L146_S06,L146_S06_Q03,13,Q0003,F1,0,L146_S06_T012,0.46775244
L146,L146_S06,L146_S06_Q04,13,Q0021,F7,1,L146_S06_T017,0.20843541
L146,L146_S06,L146_S06_Q05,13,Q0016,F6,0,L146_S06_T022,0.22770249
L146,L146_S07,L146_S07_Q01,16,Q0010,F4,0,L146_S07_T002,0.33385676
L146,L146_S07,L146_S07_Q02,16,Q0022,F8,0,L146_S07_T007,0.23179066
L146,L146_S07,L146_S07_Q03,16,Q0021,F7,1,L146_S07_T012,0.34345555
L146,L146_S07,L146_S07_Q04,16,Q0011,F4,0,L146_S07_T017,0.35972087
L146,L146_S07,L146_S07_Q05,16,Q0016,F6,0,L146_S07_T022,0.24441695
L146,L146_S08,L146_S08_Q01,18,Q0015,F5,1,L146_S08_T002,0.31207561
L146,L146_S08,L146_S08_Q02,18,Q0023,F8,1,L146_S08_T007,0.2525563
L146,L146_S08,L146_S08_Q03,18,Q0016,F6,1,L146_S08_T012,0.26427202
L146,L146_S08,L146_S08_Q04,18,Q0013,F5,1,L146_S08_T017,0.44562456
L146,L146_S08,L146_S08_Q05,18,Q0018,F6,0,L146_S08_T022,0.40710124
L147,L147_S01,L147_S01_Q01,1,Q0016,F6,0,L147_S01_T002,0.24705752
L147,L147_S01,L147_S01_Q02,1,Q0005,F2,0,L147_S01_T007,0.27504
L147,L147_S01,L147_S01_Q03,1,Q0013,F5,0,L147_S01_T012,0.28146048
L147,L147_S01,L147_S01_Q04,1,Q0001,F1,0,L147_S01_T017,0.11703208
L147,L147_S01,L147_S01_Q05,1,Q0001,F1,1,L147_S01_T022,0.15056071
L147,L147_S02,L147_S02_Q01,3,Q0006,F2,0,L147_S02_T002,0.29181453
L147,L147_S02,L147_S02_Q02,3,Q0009,F3,0,L147_S02_T007,0.23304342
L147,L147_S02,L147_S02_Q03,3,Q0022,F8,0,L147_S02_T012,0.23456152
L147,L147_S02,L147_S02_Q04,3,Q0019,F7,0,L147_S02_T017,0.2107927
L147,L147_S02,L147_S02_Q05,3,Q0012,F4,0,L147_S02_T022,0.22096683
L147,L147_S03,L147_S03_Q01,6,Q0021,F7,1,L147_S03_T002,0.22803977
L147,L147_S03,L147_S03_Q02,6,Q0010,F4,0,L147_S03_T007,0.23731039
L147,L147_S03,L147_S03_Q03,6,Q0003,F1,0,L147_S03_T012,0.28486329
L147,L147_S03,L147_S03_Q04,6,Q0012,F4,0,L147_S03_T017,0.26627173
L147,L147_S03,L147_S03_Q05,6,Q0013,F5,0,L147_S03_T022,0.28203814
L147,L147_S04,L147_S04_Q01,8,Q0018,F6,0,L147_S04_T002,0.24285466
L147,L147_S04,L147_S04_Q02,8,Q0023,F8,0,L147_S04_T007,0.24082287
L147,L147_S04,L147_S04_Q03,8,Q0007,F3,1,L147_S04_T012,0.23948876
L147,L147_S04,L147_S04_Q04,8,Q0022,F8,0,L147_S04_T017,0.26965084
L147,L147_S04,L147_S04_Q05,8,Q0017,F6,0,L147_S04_T022,0.27160547
L147,L147_S05,L147_S05_Q01,11,Q0010,F4,1,L147_S05_T002,0.26869012
L147,L147_S05,L147_S05_Q02,11,Q0004,F2,0,L147_S05_T007,0.27575439
L147,L147_S05,L147_S05_Q03,11,Q0003,F1,0,L147_S05_T012,0.28502856
L147,L147_S05,L147_S05_Q04,11,Q0021,F7,0,L147_S05_T017,0.34220229
L147,L147_S05,L147_S05_Q05,11,Q0002,F1,0,L147_S05_T022,0.31217792
L147,L147_S06,L147_S06_Q01,13,Q0022,F8,0,L147_S06_T002,0.27165971
L147,L147_S06,L147_S06_Q02,13,Q0014,F5,0,L147_S06_T007,0.27250333
L147,L147_S06,L147_S06_Q03,13,Q0023,F8,0,L147_S06_T012,0.29931672
L147,L147_S06,L147_S06_Q04,13,Q0006,F2,0,L147_S06_T017,0.29247736
L147,L147_S06,L147_S06_Q05,13,Q0017,F6,0,L147_S06_T022,0.27337746
L147,L147_S07,L147_S07_Q01,16,Q0015,F5,0,L147_S07_T002,0.28427026
L147,L147_S07,L147_S07_Q02,16,Q0012,F4,0,L147_S07_T007,0.37228591
L147,L147_S07,L147_S07_Q03,16,Q0007,F3,1,L147_S07_T012,0.33214638
L147,L147_S07,L147_S07_Q04,16,Q0005,F2,0,L147_S07_T017,0.30247052
L147,L147_S07,L147_S07_Q05,16,Q0021,F7,1,L147_S07_T022,0.33541863
L147,L147_S08,L147_S08_Q01,18,Q0023,F8,0,L147_S08_T002,0.29773038
L147,L147_S08,L147_S08_Q02,18,Q0015,F5,0,L147_S08_T007,0.30037868
L147,L147_S08,L147_S08_Q03,18,Q0008,F3,0,L147_S08_T012,0.44263498
L147,L147_S08,L147_S08_Q04,18,Q0017,F6,0,L147_S08_T017,0.2749347
L147,L147_S08,L147_S08_Q05,18,Q0003,F1,0,L147_S08_T022,0.29804904
L148,L148_S01,L148_S01_Q01,1,Q0016,F6,1,L148_S01_T002,0.29155876
L148,L148_S01,L148_S01_Q02,1,Q0005,F2,1,L148_S01_T007,0.13799996
L148,L148_S01,L148_S01_Q03,1,Q0003,F1,0,L148_S01_T012,0.1396437
L148,L148_S01,L148_S01_Q04,1,Q0016,F6,1,L148_S01_T017,0.43938249
L148,L148_S01,L148_S01_Q05,1,Q0020,F7,0,L148_S01_T022,0.27219953
L148,L148_S02,L148_S02_Q01,3,Q0012,F4,0,L148_S02_T002,0.240095
L148,L148_S02,L148_S02_Q02,3,Q0014,F5,0,L148_S02_T007,0.13718726
L148,L148_S02,L148_S02_Q03,3,Q0003,F1,0,L148_S02_T012,0.17008597
L148,L148_S02,L148_S02_Q04,3,Q0022,F8,0,L148_S02_T017,0.2078632
L148,L148_S02,L148_S02_Q05,3,Q0024,F8,0,L148_S02_T022,0.24092074
L148,L148_S03,L148_S03_Q01,6,Q0010,F4,0,L148_S03_T002,0.25922064
L148,L148_S03,L148_S03_Q02,6,Q0021,F7,1,L148_S03_T007,0.27958213
L148,L148_S03,L148_S03_Q03,6,Q0007,F3,1,L148_S03_T012,0.26878982
L148,L148_S03,L148_S03_Q04,6,Q0001,F1,0,L148_S03_T017,0.19523991
L148,L148_S03,L148_S03_Q05,6,Q0007,F3,0,L148_S03_T022,0.42136453
L148,L148_S04,L148_S04_Q01,8,Q0013,F5,0,L148_S04_T002,0.1600346
L148,L148_S04,L148_S04_Q02,8,Q0004,F2,1,L148_S04_T007,0.28457436
L148,L148_S04,L148_S04_Q03,8,Q0015,F5,0,L148_S04_T012,0.19508813
L148,L148_S04,L148_S04_Q04,8,Q0014,F5,0,L148_S04_T017,0.2286788
L148,L148_S04,L148_S04_Q05,8,Q0013,F5,0,L148_S04_T022,0.26086766
L148,L148_S05,L148_S05_Q01,11,Q0002,F1,0,L148_S05_T002,0.21143771
L148,L148_S05,L148_S05_Q02,11,Q0015,F5,0,L148_S05_T007,0.27820462
L148,L148_S05,L148_S05_Q03,11,Q0017,F6,0,L148_S05_T012,0.47502635
L148,L148_S05,L148_S05_Q04,11,Q0008,F3,0,L148_S05_T017,0.41166128
L148,L148_S05,L148_S05_Q05,11,Q0002,F1,0,L148_S05_T022,0.24434608
L148,L148_S06,L148_S06_Q01,13,Q0021,F7,1,L148_S06_T002,0.38487969
L148,L148_S06,L148_S06_Q02,13,Q0024,F8,0,L148_S06_T007,0.2327473
L148,L148_S06,L148_S06_Q03,13,Q0012,F4,0,L148_S06_T012,0.25974823
L148,L148_S06,L148_S06_Q04,13,Q0007,F3,1,L148_S06_T017,0.42264104
L148,L148_S06,L148_S06_Q05,13,Q0017,F6,0,L148_S06_T022,0.48147242
L148,L148_S07,L148_S07_Q01,16,Q0011,F4,1,L148_S07_T002,0.27718159
L148,L148_S07,L148_S07_Q02,16,Q0002,F1,0,L148_S07_T007,0.2549191
L148,L148_S07,L148_S07_Q03,16,Q0024,F8,1,L148_S07_T012,0.25250563
L148,L148_S07,L148_S07_Q04,16,Q0012,F4,0,L148_S07_T017,0.42800526
L148,L148_S07,L148_S07_Q05,16,Q0015,F5,0,L148_S07_T022,0.28489938
L148,L148_S08,L148_S08_Q01,18,Q0006,F2,0,L148_S08_T002,0.37042979
L148,L148_S08,L148_S08_Q02,18,Q0019,F7,0,L148_S08_T007,0.47423469
L148,L148_S08,L148_S08_Q03,18,Q0023,F8,1,L148_S08_T012,0.39576835
L148,L148_S08,L148_S08_Q04,18,Q0015,F5,0,L148_S08_T017,0.30494879
L148,L148_S08,L148_S08_Q05,18,Q0006,F2,0,L148_S08_T022,0.39670308
L149,L149_S01,L149_S01_Q01,1,Q0011,F4,0,L149_S01_T002,0.1696283
L149,L149_S01,L149_S01_Q02,1,Q0013,F5,0,L149_S01_T007,0.10064944
L149,L149_S01,L149_S01_Q03,1,Q0013,F5,0,L149_S01_T012,0.14480859
L149,L149_S01,L149_S01_Q04,1,Q0014,F5,0,L149_S01_T017,0.18679948
L149,L149_S01,L149_S01_Q05,1,Q0001,F1,1,L149_S01_T022,0.12605867
L149,L149_S02,L149_S02_Q01,3,Q0008,F3,0,L149_S02_T002,0.30049822
L149,L149_S02,L149_S02_Q02,3,Q0023,F8,0,L149_S02_T007,0.15707639
L149,L149_S02,L149_S02_Q03,3,Q0005,F2,0,L149_S02_T012,0.17984862
L149,L149_S02,L149_S02_Q04,3,Q0004,F2,0,L149_S02_T017,0.220119
L149,L149_S02,L149_S02_Q05,3,Q0006,F2,1,L149_S02_T022,0.25841206
L149,L149_S03,L149_S03_Q01,6,Q0022,F8,0,L149_S03_T002,0.18762953
L149,L149_S03,L149_S03_Q02,6,Q0023,F8,0,L149_S03_T007,0.22751786
L149,L149_S03,L149_S03_Q03,6,Q0020,F7,0,L149_S03_T012,0.2547241
L149,L149_S03,L149_S03_Q04,6,Q0008,F3,0,L149_S03_T017,0.31656342
L149,L149_S03,L149_S03_Q05,6,Q0022,F8,0,L149_S03_T022,0.26544762
L149,L149_S04,L149_S04_Q01,8,Q0011,F4,0,L149_S04_T002,0.18456707
L149,L149_S04,L149_S04_Q02,8,Q0003,F1,0,L149_S04_T007,0.29879468
L149,L149_S04,L149_S04_Q03,8,Q0018,F6,1,L149_S04_T012,0.29342865
L149,L149_S04,L149_S04_Q04,8,Q0021,F7,0,L149_S04_T017,0.28061593
L149,L149_S04,L149_S04_Q05,8,Q0018,F6,1,L149_S04_T022,0.46689599
L149,L149_S05,L149_S05_Q01,11,Q0001,F1,1,L149_S05_T002,0.31503196
L149,L149_S05,L149_S05_Q02,11,Q0011,F4,0,L149_S05_T007,0.21234321
L149,L149_S05,L149_S05_Q03,11,Q0005,F2,0,L149_S05_T012,0.3792297
L149,L149_S05,L149_S05_Q04,11,Q0007,F3,0,L149_S05_T017,0.31884568
L149,L149_S05,L149_S05_Q05,11,Q0015,F5,0,L149_S05_T022,0.18803173
L149,L149_S06,L149_S06_Q01,13,Q0024,F8,1,L149_S06_T002,0.26449432
L149,L149_S06,L149_S06_Q02,13,Q0010,F4,0,L149_S06_T007,0.24179647
L149,L149_S06,L149_S06_Q03,13,Q0013,F5,0,L149_S06_T012,0.21952798
L149,L149_S06,L149_S06_Q04,13,Q0023,F8,0,L149_S06_T017,0.4450652
L149,L149_S06,L149_S06_Q05,13,Q0015,F5,0,L149_S06_T022,0.25785006
L149,L149_S07,L149_S07_Q01,16,Q0012,F4,0,L149_S07_T002,0.2637915
L149,L149_S07,L149_S07_Q02,16,Q0016,F6,0,L149_S07_T007,0.51465769
L149,L149_S07,L149_S07_Q03,16,Q0006,F2,1,L149_S07_T012,0.37311204
L149,L149_S07,L149_S07_Q04,16,Q0019,F7,0,L149_S07_T017,0.27200851
L149,L149_S07,L149_S07_Q05,16,Q0021,F7,0,L149_S07_T022,0.30775373
L149,L149_S08,L149_S08_Q01,18,Q0008,F3,0,L149_S08_T002,0.30903606
L149,L149_S08,L149_S08_Q02,18,Q0013,F5,0,L149_S08_T007,0.26800239
L149,L149_S08,L149_S08_Q03,18,Q0012,F4,1,L149_S08_T012,0.28892135
L149,L149_S08,L149_S08_Q04,18,Q0002,F1,1,L149_S08_T017,0.42386775
L149,L149_S08,L149_S08_Q05,18,Q0016,F6,0,L149_S08_T022,0.51870622
L150,L150_S01,L150_S01_Q01,1,Q0003,F1,0,L150_S01_T002,0.19307645
L150,L150_S01,L150_S01_Q02,1,Q0014,F5,0,L150_S01_T007,0.23019199
L150,L150_S01,L150_S01_Q03,1,Q0002,F1,0,L150_S01_T012,0.23032299
L150,L150_S01,L150_S01_Q04,1,Q0008,F3,0,L150_S01_T017,0.10015018
L150,L150_S01,L150_S01_Q05,1,Q0016,F6,0,L150_S01_T022,0.19126429
L150,L150_S02,L150_S02_Q01,3,Q0007,F3,0,L150_S02_T002,0.13860251
L150,L150_S02,L150_S02_Q02,3,Q0011,F4,0,L150_S02_T007,0.28003828
L150,L150_S02,L150_S02_Q03,3,Q0019,F7,0,L150_S02_T012,0.26343699
L150,L150_S02,L150_S02_Q04,3,Q0023,F8,0,L150_S02_T017,0.21800607
L150,L150_S02,L150_S02_Q05,3,Q0008,F3,0,L150_S02_T022,0.1783635
L150,L150_S03,L150_S03_Q01,6,Q0023,F8,1,L150_S03_T002,0.24585203
L150,L150_S03,L150_S03_Q02,6,Q0021,F7,0,L150_S03_T007,0.28777901
L150,L150_S03,L150_S03_Q03,6,Q0008,F3,0,L150_S03_T012,0.20926697
L150,L150_S03,L150_S03_Q04,6,Q0018,F6,0,L150_S03_T017,0.2163593
L150,L150_S03,L150_S03_Q05,6,Q0011,F4,0,L150_S03_T022,0.3030999
L150,L150_S04,L150_S04_Q01,8,Q0013,F5,0,L150_S04_T002,0.24602925
L150,L150_S04,L150_S04_Q02,8,Q0018,F6,0,L150_S04_T007,0.24703522
L150,L150_S04,L150_S04_Q03,8,Q0005,F2,0,L150_S04_T012,0.21681364
L150,L150_S04,L150_S04_Q04,8,Q0006,F2,0,L150_S04_T017,0.2529645
L150,L150_S04,L150_S04_Q05,8,Q0009,F3,0,L150_S04_T022,0.24041748
L150,L150_S05,L150_S05_Q01,11,Q0014,F5,0,L150_S05_T002,0.27171387
L150,L150_S05,L150_S05_Q02,11,Q0015,F5,0,L150_S05_T007,0.30533061
L150,L150_S05,L150_S05_Q03,11,Q0021,F7,0,L150_S05_T012,0.30349168
L150,L150_S05,L150_S05_Q04,11,Q0002,F1,0,L150_S05_T017,0.23815342
L150,L150_S05,L150_S05_Q05,11,Q0017,F6,0,L150_S05_T022,0.27264226
L150,L150_S06,L150_S06_Q01,13,Q0005,F2,1,L150_S06_T002,0.27206154
L150,L150_S06,L150_S06_Q02,13,Q0006,F2,1,L150_S06_T007,0.44006498
L150,L150_S06,L150_S06_Q03,13,Q0023,F8,0,L150_S06_T012,0.38878033
L150,L150_S06,L150_S06_Q04,13,Q0007,F3,0,L150_S06_T017,0.26073424
L150,L150_S06,L150_S06_Q05,13,Q0010,F4,0,L150_S06_T022,0.31041719
L150,L150_S07,L150_S07_Q01,16,Q0002,F1,1,L150_S07_T002,0.25869027
L150,L150_S07,L150_S07_Q02,16,Q0022,F8,0,L150_S07_T007,0.40345502
L150,L150_S07,L150_S07_Q03,16,Q0008,F3,0,L150_S07_T012,0.28528472
L150,L150_S07,L150_S07_Q04,16,Q0009,F3,0,L150_S07_T017,0.31827504
L150,L150_S07,L150_S07_Q05,16,Q0021,F7,0,L150_S07_T022,0.31767689
L150,L150_S08,L150_S08_Q01,18,Q0001,F1,0,L150_S08_T002,0.42042628
L150,L150_S08,L150_S08_Q02,18,Q0008,F3,0,L150_S08_T007,0.34213101
L150,L150_S08,L150_S08_Q03,18,Q0016,F6,1,L150_S08_T012,0.28351881
L150,L150_S08,L150_S08_Q04,18,Q0017,F6,1,L150_S08_T017,0.44887799
L150,L150_S08,L150_S08_Q05,18,Q0012,F4,0,L150_S08_T022,0.32392917
L151,L151_S01,L151_S01_Q01,1,Q0008,F3,0,L151_S01_T002,0.33859245
L151,L151_S01,L151_S01_Q02,1,Q0004,F2,1,L151_S01_T007,0.29884855
L151,L151_S01,L151_S01_Q03,1,Q0020,F7,0,L151_S01_T012,0.10304413
L151,L151_S01,L151_S01_Q04,1,Q0015,F5,0,L151_S01_T017,0.14432927
L151,L151_S01,L151_S01_Q05,1,Q0018,F6,1,L151_S01_T022,0.26847961
L151,L151_S02,L151_S02_Q01,3,Q0011,F4,0,L151_S02_T002,0.26971274
L151,L151_S02,L151_S02_Q02,3,Q0006,F2,0,L151_S02_T007,0.47984319
L151,L151_S02,L151_S02_Q03,3,Q0002,F1,0,L151_S02_T012,0.22418615
L151,L151_S02,L151_S02_Q04,3,Q0018,F6,1,L151_S02_T017,0.45903044
L151,L151_S02,L151_S02_Q05,3,Q0019,F7,0,L151_S02_T022,0.14829835
L151,L151_S03,L151_S03_Q01,6,Q0024,F8,0,L151_S03_T002,0.21636812
L151,L151_S03,L151_S03_Q02,6,Q0014,F5,0,L151_S03_T007,0.17474687
L151,L151_S03,L151_S03_Q03,6,Q0011,F4,0,L151_S03_T012,0.29320343
L151,L151_S03,L151_S03_Q04,6,Q0019,F7,0,L151_S03_T017,0.18548063
L151,L151_S03,L151_S03_Q05,6,Q0013,F5,0,L151_S03_T022,0.22201483
L151,L151_S04,L151_S04_Q01,8,Q0009,F3,0,L151_S04_T002,0.32678461
L151,L151_S04,L151_S04_Q02,8,Q0020,F7,1,L151_S04_T007,0.22293278
L151,L151_S04,L151_S04_Q03,8,Q0002,F1,1,L151_S04_T012,0.24279018
L151,L151_S04,L151_S04_Q04,8,Q0024,F8,0,L151_S04_T017,0.25089698
L151,L151_S04,L151_S04_Q05,8,Q0023,F8,0,L151_S04_T022,0.2938033
L151,L151_S05,L151_S05_Q01,11,Q0016,F6,1,L151_S05_T002,0.52225112
L151,L151_S05,L151_S05_Q02,11,Q0013,F5,0,L151_S05_T007,0.24094008
L151,L151_S05,L151_S05_Q03,11,Q0014,F5,0,L151_S05_T012,0.2844167
L151,L151_S05,L151_S05_Q04,11,Q0015,F5,1,L151_S05_T017,0.32540311
L151,L151_S05,L151_S05_Q05,11,Q0021,F7,1,L151_S05_T022,0.41925151
L151,L151_S06,L151_S06_Q01,13,Q0011,F4,0,L151_S06_T002,0.28964311
L151,L151_S06,L151_S06_Q02,13,Q0002,F1,1,L151_S06_T007,0.4154416
L151,L151_S06,L151_S06_Q03,13,Q0023,F8,0,L151_S06_T012,0.30210856
L151,L151_S06,L151_S06_Q04,13,Q0005,F2,0,L151_S06_T017,0.41633036
L151,L151_S06,L151_S06_Q05,13,Q0009,F3,1,L151_S06_T022,0.3302108
L151,L151_S07,L151_S07_Q01,16,Q0006,F2,1,L151_S07_T002,0.42328736
L151,L151_S07,L151_S07_Q02,16,Q0002,F1,1,L151_S07_T007,0.54854247
L151,L151_S07,L151_S07_Q03,16,Q0011,F4,1,L151_S07_T012,0.31088631
L151,L151_S07,L151_S07_Q04,16,Q0010,F4,0,L151_S07_T017,0.50823788
L151,L151_S07,L151_S07_Q05,16,Q0019,F7,0,L151_S07_T022,0.52925743
L151,L151_S08,L151_S08_Q01,18,Q0018,F6,1,L151_S08_T002,0.57207995
L151,L151_S08,L151_S08_Q02,18,Q0022,F8,1,L151_S08_T007,0.30918519
L151,L151_S08,L151_S08_Q03,18,Q0009,F3,1,L151_S08_T012,0.47182704
L151,L151_S08,L151_S08_Q04,18,Q0011,F4,0,L151_S08_T017,0.51514321
L151,L151_S08,L151_S08_Q05,18,Q0007,F3,1,L151_S08_T022,0.62308766
L152,L152_S01,L152_S01_Q01,1,Q0012,F4,0,L152_S01_T002,0.16768325
L152,L152_S01,L152_S01_Q02,1,Q0011,F4,0,L152_S01_T007,0.20207063
L152,L152_S01,L152_S01_Q03,1,Q0024,F8,0,L152_S01_T012,0.29026099
L152,L152_S01,L152_S01_Q04,1,Q0008,F3,1,L152_S01_T017,0.2645797
L152,L152_S01,L152_S01_Q05,1,Q0024,F8,0,L152_S01_T022,0.31958404
L152,L152_S02,L152_S02_Q01,3,Q0014,F5,0,L152_S02_T002,0.14132925
L152,L152_S02,L152_S02_Q02,3,Q0016,F6,0,L152_S02_T007,0.16975818
L152,L152_S02,L152_S02_Q03,3,Q0005,F2,0,L152_S02_T012,0.24856352
L152,L152_S02,L152_S02_Q04,3,Q0021,F7,0,L152_S02_T017,0.14539251
L152,L152_S02,L152_S02_Q05,3,Q0020,F7,1,L152_S02_T022,0.18070085
L152,L152_S03,L152_S03_Q01,6,Q0016,F6,0,L152_S03_T002,0.19261932
L152,L152_S03,L152_S03_Q02,6,Q0002,F1,0,L152_S03_T007,0.1708717
L152,L152_S03,L152_S03_Q03,6,Q0015,F5,0,L152_S03_T012,0.16689294
L152,L152_S03,L152_S03_Q04,6,Q0009,F3,1,L152_S03_T017,0.37831392
L152,L152_S03,L152_S03_Q05,6,Q0013,F5,0,L152_S03_T022,0.20131298
L152,L152_S04,L152_S04_Q01,8,Q0003,F1,0,L152_S04_T002,0.19738696
L152,L152_S04,L152_S04_Q02,8,Q0014,F5,0,L152_S04_T007,0.22546932
L152,L152_S04,L152_S04_Q03,8,Q0006,F2,1,L152_S04_T012,0.25397375
L152,L152_S04,L152_S04_Q04,8,Q0019,F7,0,L152_S04_T017,0.31786412
L152,L152_S04,L152_S04_Q05,8,Q0002,F1,0,L152_S04_T022,0.23054713
L152,L152_S05,L152_S05_Q01,11,Q0019,F7,0,L152_S05_T002,0.3266458
L152,L152_S05,L152_S05_Q02,11,Q0011,F4,0,L152_S05_T007,0.19391488
L152,L152_S05,L152_S05_Q03,11,Q0024,F8,0,L152_S05_T012,0.28686236
L152,L152_S05,L152_S05_Q04,11,Q0009,F3,0,L152_S05_T017,0.46027986
L152,L152_S05,L152_S05_Q05,11,Q0006,F2,1,L152_S05_T022,0.38520601
L152,L152_S06,L152_S06_Q01,13,Q0010,F4,0,L152_S06_T002,0.21864451
L152,L152_S06,L152_S06_Q02,13,Q0016,F6,1,L152_S06_T007,0.19751281
L152,L152_S06,L152_S06_Q03,13,Q0004,F2,1,L152_S06_T012,0.49287993
L152,L152_S06,L152_S06_Q04,13,Q0008,F3,1,L152_S06_T017,0.46436864
L152,L152_S06,L152_S06_Q05,13,Q0014,F5,0,L152_S06_T022,0.23386356
L152,L152_S07,L152_S07_Q01,16,Q0019,F7,1,L152_S07_T002,0.32196694
L152,L152_S07,L152_S07_Q02,16,Q0018,F6,0,L152_S07_T007,0.34292012
L152,L152_S07,L152_S07_Q03,16,Q0016,F6,0,L152_S07_T012,0.37006754
L152,L152_S07,L152_S07_Q04,16,Q0001,F1,1,L152_S07_T017,0.22492591
L152,L152_S07,L152_S07_Q05,16,Q0014,F5,0,L152_S07_T022,0.25063063
L152,L152_S08,L152_S08_Q01,18,Q0012,F4,0,L152_S08_T002,0.22792059
L152,L152_S08,L152_S08_Q02,18,Q0010,F4,0,L152_S08_T007,0.25981926
L152,L152_S08,L152_S08_Q03,18,Q0013,F5,0,L152_S08_T012,0.2709653
L152,L152_S08,L152_S08_Q04,18,Q0024,F8,0,L152_S08_T017,0.2764819
L152,L152_S08,L152_S08_Q05,18,Q0002,F1,1,L152_S08_T022,0.37050862
L153,L153_S01,L153_S01_Q01,1,Q0015,F5,0,L153_S01_T002,0.33863948
L153,L153_S01,L153_S01_Q02,1,Q0020,F7,0,L153_S01_T007,0.22249779
L153,L153_S01,L153_S01_Q03,1,Q0008,F3,0,L153_S01_T012,0.2412011
L153,L153_S01,L153_S01_Q04,1,Q0022,F8,0,L153_S01_T017,0.28443134
L153,L153_S01,L153_S01_Q05,1,Q0003,F1,0,L153_S01_T022,0.13356766
L153,L153_S02,L153_S02_Q01,3,Q0019,F7,0,L153_S02_T002,0.24924438
L153,L153_S02,L153_S02_Q02,3,Q0023,F8,0,L153_S02_T007,0.30739284
L153,L153_S02,L153_S02_Q03,3,Q0001,F1,1,L153_S02_T012,0.16574924
L153,L153_S02,L153_S02_Q04,3,Q0017,F6,0,L153_S02_T017,0.26373681
L153,L153_S02,L153_S02_Q05,3,Q0010,F4,0,L153_S02_T022,0.18965257
L153,L153_S03,L153_S03_Q01,6,Q0011,F4,0,L153_S03_T002,0.21612637
L153,L153_S03,L153_S03_Q02,6,Q0005,F2,0,L153_S03_T007,0.2169843
L153,L153_S03,L153_S03_Q03,6,Q0012,F4,0,L153_S03_T012,0.24842225
L153,L153_S03,L153_S03_Q04,6,Q0004,F2,0,L153_S03_T017,0.24924483
L153,L153_S03,L153_S03_Q05,6,Q0007,F3,0,L153_S03_T022,0.25853536
L153,L153_S04,L153_S04_Q01,8,Q0020,F7,0,L153_S04_T002,0.26585302
L153,L153_S04,L153_S04_Q02,8,Q0007,F3,0,L153_S04_T007,0.2830795
L153,L153_S04,L153_S04_Q03,8,Q0016,F6,0,L153_S04_T012,0.27903801
L153,L153_S04,L153_S04_Q04,8,Q0013,F5,0,L153_S04_T017,0.33997211
L153,L153_S04,L153_S04_Q05,8,Q0011,F4,1,L153_S04_T022,0.27358446
L153,L153_S05,L153_S05_Q01,11,Q0011,F4,0,L153_S05_T002,0.41011001
L153,L153_S05,L153_S05_Q02,11,Q0008,F3,0,L153_S05_T007,0.30292773
L153,L153_S05,L153_S05_Q03,11,Q0018,F6,0,L153_S05_T012,0.29917286
L153,L153_S05,L153_S05_Q04,11,Q0008,F3,0,L153_S05_T017,0.33164736
L153,L153_S05,L153_S05_Q05,11,Q0016,F6,0,L153_S05_T022,0.32804719
L153,L153_S06,L153_S06_Q01,13,Q0021,F7,1,L153_S06_T002,0.28096331
L153,L153_S06,L153_S06_Q02,13,Q0005,F2,0,L153_S06_T007,0.26033147
L153,L153_S06,L153_S06_Q03,13,Q0024,F8,1,L153_S06_T012,0.30246063
L153,L153_S06,L153_S06_Q04,13,Q0004,F2,1,L153_S06_T017,0.29080608
L153,L153_S06,L153_S06_Q05,13,Q0003,F1,0,L153_S06_T022,0.30397138
L153,L153_S07,L153_S07_Q01,16,Q0001,F1,0,L153_S07_T002,0.32233802
L153,L153_S07,L153_S07_Q02,16,Q0024,F8,1,L153_S07_T007,0.43232702
L153,L153_S07,L153_S07_Q03,16,Q0020,F7,0,L153_S07_T012,0.41578722
L153,L153_S07,L153_S07_Q04,16,Q0003,F1,0,L153_S07_T017,0.35025795
L153,L153_S07,L153_S07_Q05,16,Q0013,F5,0,L153_S07_T022,0.33759769
L153,L153_S08,L153_S08_Q01,18,Q0017,F6,1,L153_S08_T002,0.33053557
L153,L153_S08,L153_S08_Q02,18,Q0014,F5,1,L153_S08_T007,0.35730991
L153,L153_S08,L153_S08_Q03,18,Q0012,F4,0,L153_S08_T012,0.40364437
L153,L153_S08,L153_S08_Q04,18,Q0008,F3,0,L153_S08_T017,0.33374292
L153,L153_S08,L153_S08_Q05,18,Q0006,F2,0,L153_S08_T022,0.41456665
L154,L154_S01,L154_S01_Q01,1,Q0012,F4,1,L154_S01_T002,0.25550563
L154,L154_S01,L154_S01_Q02,1,Q0014,F5,0,L154_S01_T007,0.25270341
L154,L154_S01,L154_S01_Q03,1,Q0004,F2,0,L154_S01_T012,0.1466462
L154,L154_S01,L154_S01_Q04,1,Q0018,F6,0,L154_S01_T017,0.11020537
L154,L154_S01,L154_S01_Q05,1,Q0024,F8,0,L154_S01_T022,0.17740383
L154,L154_S02,L154_S02_Q01,3,Q0021,F7,1,L154_S02_T002,0.19572679
L154,L154_S02,L154_S02_Q02,3,Q0019,F7,1,L154_S02_T007,0.41827678
L154,L154_S02,L154_S02_Q03,3,Q0001,F1,0,L154_S02_T012,0.10796081
L154,L154_S02,L154_S02_Q04,3,Q0015,F5,1,L154_S02_T017,0.28459544
L154,L154_S02,L154_S02_Q05,3,Q0008,F3,0,L154_S02_T022,0.1297803
L154,L154_S03,L154_S03_Q01,6,Q0016,F6,1,L154_S03_T002,0.14692611
L154,L154_S03,L154_S03_Q02,6,Q0008,F3,0,L154_S03_T007,0.1694185
L154,L154_S03,L154_S03_Q03,6,Q0016,F6,0,L154_S03_T012,0.38297971
L154,L154_S03,L154_S03_Q04,6,Q0018,F6,0,L154_S03_T017,0.41712677
L154,L154_S03,L154_S03_Q05,6,Q0024,F8,0,L154_S03_T022,0.20542036
L154,L154_S04,L154_S04_Q01,8,Q0002,F1,0,L154_S04_T002,0.1449723
L154,L154_S04,L154_S04_Q02,8,Q0004,F2,0,L154_S04_T007,0.17289675
L154,L154_S04,L154_S04_Q03,8,Q0004,F2,0,L154_S04_T012,0.2186702
L154,L154_S04,L154_S04_Q04,8,Q0008,F3,0,L154_S04_T017,0.20845197
L154,L154_S04,L154_S04_Q05,8,Q0010,F4,0,L154_S04_T022,0.41158157
L154,L154_S05,L154_S05_Q01,11,Q0004,F2,0,L154_S05_T002,0.24936778
L154,L154_S05,L154_S05_Q02,11,Q0002,F1,0,L154_S05_T007,0.18308247
L154,L154_S05,L154_S05_Q03,11,Q0003,F1,1,L154_S05_T012,0.22829223
L154,L154_S05,L154_S05_Q04,11,Q0012,F4,0,L154_S05_T017,0.42287597
L154,L154_S05,L154_S05_Q05,11,Q0017,F6,0,L154_S05_T022,0.41409199
L154,L154_S06,L154_S06_Q01,13,Q0009,F3,0,L154_S06_T002,0.23244683
L154,L154_S06,L154_S06_Q02,13,Q0022,F8,0,L154_S06_T007,0.22241119
L154,L154_S06,L154_S06_Q03,13,Q0013,F5,1,L154_S06_T012,0.40973663
L154,L154_S06,L154_S06_Q04,13,Q0012,F4,1,L154_S06_T017,0.44017619
L154,L154_S06,L154_S06_Q05,13,Q0005,F2,1,L154_S06_T022,0.28154583
L154,L154_S07,L154_S07_Q01,16,Q0013,F5,1,L154_S07_T002,0.5456243
L154,L154_S07,L154_S07_Q02,16,Q0022,F8,0,L154_S07_T007,0.2527325
L154,L154_S07,L154_S07_Q03,16,Q0023,F8,1,L154_S07_T012,0.2940877
L154,L154_S07,L154_S07_Q04,16,Q0009,F3,0,L154_S07_T017,0.26175875
L154,L154_S07,L154_S07_Q05,16,Q0020,F7,0,L154_S07_T022,0.46828274
L154,L154_S08,L154_S08_Q01,18,Q0008,F3,1,L154_S08_T002,0.2928743
L154,L154_S08,L154_S08_Q02,18,Q0002,F1,1,L154_S08_T007,0.39402797
L154,L154_S08,L154_S08_Q03,18,Q0018,F6,0,L154_S08_T012,0.39820715
L154,L154_S08,L154_S08_Q04,18,Q0020,F7,1,L154_S08_T017,0.48168945
L154,L154_S08,L154_S08_Q05,18,Q0018,F6,1,L154_S08_T022,0.4315115
L155,L155_S01,L155_S01_Q01,1,Q0014,F5,0,L155_S01_T002,0.17028465
L155,L155_S01,L155_S01_Q02,1,Q0021,F7,0,L155_S01_T007,0.22523421
L155,L155_S01,L155_S01_Q03,1,Q0010,F4,0,L155_S01_T012,0.25646981
L155,L155_S01,L155_S01_Q04,1,Q0023,F8,0,L155_S01_T017,0.13448317
L155,L155_S01,L155_S01_Q05,1,Q0023,F8,0,L155_S01_T022,0.17438666
L155,L155_S02,L155_S02_Q01,3,Q0005,F2,0,L155_S02_T002,0.1932926
L155,L155_S02,L155_S02_Q02,3,Q0008,F3,0,L155_S02_T007,0.26553117
L155,L155_S02,L155_S02_Q03,3,Q0019,F7,0,L155_S02_T012,0.2542097
L155,L155_S02,L155_S02_Q04,3,Q0003,F1,0,L155_S02_T017,0.24761876
L155,L155_S02,L155_S02_Q05,3,Q0008,F3,0,L155_S02_T022,0.29939287
L155,L155_S03,L155_S03_Q01,6,Q0014,F5,0,L155_S03_T002,0.19532406
L155,L155_S03,L155_S03_Q02,6,Q0012,F4,1,L155_S03_T007,0.27232661
L155,L155_S03,L155_S03_Q03,6,Q0023,F8,0,L155_S03_T012,0.19898902
L155,L155_S03,L155_S03_Q04,6,Q0017,F6,0,L155_S03_T017,0.18281518
L155,L155_S03,L155_S03_Q05,6,Q0003,F1,0,L155_S03_T022,0.27143348
L155,L155_S04,L155_S04_Q01,8,Q0018,F6,0,L155_S04_T002,0.21479207
L155,L155_S04,L155_S04_Q02,8,Q0023,F8,0,L155_S04_T007,0.22982151
L155,L155_S04,L155_S04_Q03,8,Q0018,F6,0,L155_S04_T012,0.25099303
L155,L155_S04,L155_S04_Q04,8,Q0006,F2,0,L155_S04_T017,0.21588062
L155,L155_S04,L155_S04_Q05,8,Q0014,F5,0,L155_S04_T022,0.22641587
L155,L155_S05,L155_S05_Q01,11,Q0013,F5,0,L155_S05_T002,0.25198709
L155,L155_S05,L155_S05_Q02,11,Q0006,F2,0,L155_S05_T007,0.2423246
L155,L155_S05,L155_S05_Q03,11,Q0021,F7,0,L155_S05_T012,0.25989663
L155,L155_S05,L155_S05_Q04,11,Q0022,F8,1,L155_S05_T017,0.2551106
L155,L155_S05,L155_S05_Q05,11,Q0009,F3,1,L155_S05_T022,0.29871097
L155,L155_S06,L155_S06_Q01,13,Q0024,F8,0,L155_S06_T002,0.41579052
L155,L155_S06,L155_S06_Q02,13,Q0021,F7,0,L155_S06_T007,0.28641955
L155,L155_S06,L155_S06_Q03,13,Q0003,F1,1,L155_S06_T012,0.2783125
L155,L155_S06,L155_S06_Q04,13,Q0017,F6,1,L155_S06_T017,0.26743335
L155,L155_S06,L155_S06_Q05,13,Q0005,F2,1,L155_S06_T022,0.27009084
L155,L155_S07,L155_S07_Q01,16,Q0016,F6,1,L155_S07_T002,0.41949948
L155,L155_S07,L155_S07_Q02,16,Q0011,F4,0,L155_S07_T007,0.38606756
L155,L155_S07,L155_S07_Q03,16,Q0013,F5,1,L155_S07_T012,0.2683215
L155,L155_S07,L155_S07_Q04,16,Q0014,F5,0,L155_S07_T017,0.43698677
L155,L155_S07,L155_S07_Q05,16,Q0003,F1,0,L155_S07_T022,0.42754837
L155,L155_S08,L155_S08_Q01,18,Q0024,F8,0,L155_S08_T002,0.41467248
L155,L155_S08,L155_S08_Q02,18,Q0005,F2,0,L155_S08_T007,0.41057332
L155,L155_S08,L155_S08_Q03,18,Q0011,F4,1,L155_S08_T012,0.40366312
L155,L155_S08,L155_S08_Q04,18,Q0008,F3,0,L155_S08_T017,0.42005669
L155,L155_S08,L155_S08_Q05,18,Q0021,F7,1,L155_S08_T022,0.29908535
L156,L156_S01,L156_S01_Q01,1,Q0021,F7,0,L156_S01_T002,0.14635883
L156,L156_S01,L156_S01_Q02,1,Q0004,F2,0,L156_S01_T007,0.26328839
L156,L156_S01,L156_S01_Q03,1,Q0012,F4,0,L156_S01_T012,0.17099669
L156,L156_S01,L156_S01_Q04,1,Q0020,F7,0,L156_S01_T017,0.17741863
L156,L156_S01,L156_S01_Q05,1,Q0023,F8,1,L156_S01_T022,0.16701664
L156,L156_S02,L156_S02_Q01,3,Q0011,F4,0,L156_S02_T002,0.19289959
L156,L156_S02,L156_S02_Q02,3,Q0020,F7,0,L156_S02_T007,0.19883375
L156,L156_S02,L156_S02_Q03,3,Q0015,F5,0,L156_S02_T012,0.27411746
L156,L156_S02,L156_S02_Q04,3,Q0014,F5,1,L156_S02_T017,0.30052875
L156,L156_S02,L156_S02_Q05,3,Q0006,F2,1,L156_S02_T022,0.27818127
L156,L156_S03,L156_S03_Q01,6,Q0007,F3,1,L156_S03_T002,0.19614467
L156,L156_S03,L156_S03_Q02,6,Q0001,F1,0,L156_S03_T007,0.29764904
L156,L156_S03,L156_S03_Q03,6,Q0024,F8,1,L156_S03_T012,0.28685455
L156,L156_S03,L156_S03_Q04,6,Q0017,F6,0,L156_S03_T017,0.20885401
L156,L156_S03,L156_S03_Q05,6,Q0024,F8,1,L156_S03_T022,0.41659378
L156,L156_S04,L156_S04_Q01,8,Q0011,F4,0,L156_S04_T002,0.20014605
L156,L156_S04,L156_S04_Q02,8,Q0001,F1,0,L156_S04_T007,0.30993206
L156,L156_S04,L156_S04_Q03,8,Q0007,F3,0,L156_S04_T012,0.32832656
L156,L156_S04,L156_S04_Q04,8,Q0008,F3,0,L156_S04_T017,0.35276545
L156,L156_S04,L156_S04_Q05,8,Q0016,F6,0,L156_S04_T022,0.22788145
L156,L156_S05,L156_S05_Q01,11,Q0013,F5,0,L156_S05_T002,0.36172555
L156,L156_S05,L156_S05_Q02,11,Q0001,F1,0,L156_S05_T007,0.3146164
L156,L156_S05,L156_S05_Q03,11,Q0009,F3,1,L156_S05_T012,0.3533752
L156,L156_S05,L156_S05_Q04,11,Q0015,F5,1,L156_S05_T017,0.38494921
L156,L156_S05,L156_S05_Q05,11,Q0016,F6,0,L156_S05_T022,0.24037097
L156,L156_S06,L156_S06_Q01,13,Q0008,F3,1,L156_S06_T002,0.45167096
L156,L156_S06,L156_S06_Q02,13,Q0021,F7,0,L156_S06_T007,0.1848642
L156,L156_S06,L156_S06_Q03,13,Q0001,F1,0,L156_S06_T012,0.32561066
L156,L156_S06,L156_S06_Q04,13,Q0022,F8,1,L156_S06_T017,0.4513788
L156,L156_S06,L156_S06_Q05,13,Q0012,F4,1,L156_S06_T022,0.20643392
L156,L156_S07,L156_S07_Q01,16,Q0019,F7,0,L156_S07_T002,0.2014458
L156,L156_S07,L156_S07_Q02,16,Q0021,F7,1,L156_S07_T007,0.23050125
L156,L156_S07,L156_S07_Q03,16,Q0004,F2,1,L156_S07_T012,0.3118061
L156,L156_S07,L156_S07_Q04,16,Q0018,F6,0,L156_S07_T017,0.24133772
L156,L156_S07,L156_S07_Q05,16,Q0024,F8,0,L156_S07_T022,0.51758692
L156,L156_S08,L156_S08_Q01,18,Q0016,F6,0,L156_S08_T002,0.25789787
L156,L156_S08,L156_S08_Q02,18,Q0004,F2,1,L156_S08_T007,0.41906078
L156,L156_S08,L156_S08_Q03,18,Q0018,F6,1,L156_S08_T012,0.2848993
L156,L156_S08,L156_S08_Q04,18,Q0018,F6,0,L156_S08_T017,0.41499425
L156,L156_S08,L156_S08_Q05,18,Q0010,F4,0,L156_S08_T022,0.31589167
L157,L157_S01,L157_S01_Q01,1,Q0017,F6,0,L157_S01_T002,0.20518761
L157,L157_S01,L157_S01_Q02,1,Q0012,F4,0,L157_S01_T007,0.13110557
L157,L157_S01,L157_S01_Q03,1,Q0017,F6,0,L157_S01_T012,0.24272307
L157,L157_S01,L157_S01_Q04,1,Q0005,F2,1,L157_S01_T017,0.33928421
L157,L157_S01,L157_S01_Q05,1,Q0023,F8,0,L157_S01_T022,0.30745643
L157,L157_S02,L157_S02_Q01,3,Q0012,F4,0,L157_S02_T002,0.16848127
L157,L157_S02,L157_S02_Q02,3,Q0004,F2,1,L157_S02_T007,0.48477146
L157,L157_S02,L157_S02_Q03,3,Q0022,F8,0,L157_S02_T012,0.33293304
L157,L157_S02,L157_S02_Q04,3,Q0009,F3,1,L157_S02_T017,0.24649641
L157,L157_S02,L157_S02_Q05,3,Q0001,F1,0,L157_S02_T022,0.27563
L157,L157_S03,L157_S03_Q01,6,Q0013,F5,0,L157_S03_T002,0.25937941
L157,L157_S03,L157_S03_Q02,6,Q0008,F3,0,L157_S03_T007,0.41096199
L157,L157_S03,L157_S03_Q03,6,Q0015,F5,1,L157_S03_T012,0.29435563
L157,L157_S03,L157_S03_Q04,6,Q0010,F4,0,L157_S03_T017,0.20116283
L157,L157_S03,L157_S03_Q05,6,Q0002,F1,0,L157_S03_T022,0.30001437
L157,L157_S04,L157_S04_Q01,8,Q0019,F7,0,L157_S04_T002,0.21333512
L157,L157_S04,L157_S04_Q02,8,Q0011,F4,0,L157_S04_T007,0.23381149
L157,L157_S04,L157_S04_Q03,8,Q0019,F7,0,L157_S04_T012,0.2504858
L157,L157_S04,L157_S04_Q04,8,Q0021,F7,0,L157_S04_T017,0.28588203
L157,L157_S04,L157_S04_Q05,8,Q0011,F4,0,L157_S04_T022,0.26999517
L157,L157_S05,L157_S05_Q01,11,Q0014,F5,0,L157_S05_T002,0.43687502
L157,L157_S05,L157_S05_Q02,11,Q0017,F6,0,L157_S05_T007,0.25012522
L157,L157_S05,L157_S05_Q03,11,Q0011,F4,0,L157_S05_T012,0.29481588
L157,L157_S05,L157_S05_Q04,11,Q0023,F8,1,L157_S05_T017,0.33442927
L157,L157_S05,L157_S05_Q05,11,Q0011,F4,1,L157_S05_T022,0.32811859
L157,L157_S06,L157_S06_Q01,13,Q0002,F1,0,L157_S06_T002,0.30894813
L157,L157_S06,L157_S06_Q02,13,Q0017,F6,0,L157_S06_T007,0.27947019
L157,L157_S06,L157_S06_Q03,13,Q0008,F3,1,L157_S06_T012,0.40700005
L157,L157_S06,L157_S06_Q04,13,Q0017,F6,0,L157_S06_T017,0.31349761
L157,L157_S06,L157_S06_Q05,13,Q0021,F7,1,L157_S06_T022,0.30289559
L157,L157_S07,L157_S07_Q01,16,Q0001,F1,1,L157_S07_T002,0.33075247
L157,L157_S07,L157_S07_Q02,16,Q0023,F8,0,L157_S07_T007,0.46588562
L157,L157_S07,L157_S07_Q03,16,Q0009,F3,1,L157_S07_T012,0.52967871
L157,L157_S07,L157_S07_Q04,16,Q0017,F6,0,L157_S07_T017,0.33494965
L157,L157_S07,L157_S07_Q05,16,Q0019,F7,0,L157_S07_T022,0.45267771
L157,L157_S08,L157_S08_Q01,18,Q0014,F5,0,L157_S08_T002,0.42990115
L157,L157_S08,L157_S08_Q02,18,Q0021,F7,0,L157_S08_T007,0.46835566
L157,L157_S08,L157_S08_Q03,18,Q0002,F1,0,L157_S08_T012,0.47839281
L157,L157_S08,L157_S08_Q04,18,Q0006,F2,1,L157_S08_T017,0.51619405
L157,L157_S08,L157_S08_Q05,18,Q0005,F2,1,L157_S08_T022,0.63043407
L158,L158_S01,L158_S01_Q01,1,Q0008,F3,0,L158_S01_T002,0.32938559
L158,L158_S01,L158_S01_Q02,1,Q0003,F1,1,L158_S01_T007,0.31859145
L158,L158_S01,L158_S01_Q03,1,Q0012,F4,1,L158_S01_T012,0.10776215
L158,L158_S01,L158_S01_Q04,1,Q0023,F8,0,L158_S01_T017,0.1476434
L158,L158_S01,L158_S01_Q05,1,Q0004,F2,0,L158_S01_T022,0.12774303
L158,L158_S02,L158_S02_Q01,3,Q0004,F2,0,L158_S02_T002,0.17229512
L158,L158_S02,L158_S02_Q02,3,Q0015,F5,0,L158_S02_T007,0.17711845
L158,L158_S02,L158_S02_Q03,3,Q0004,F2,0,L158_S02_T012,0.21837798
L158,L158_S02,L158_S02_Q04,3,Q0020,F7,0,L158_S02_T017,0.24006065
L158,L158_S02,L158_S02_Q05,3,Q0024,F8,0,L158_S02_T022,0.19065998
L158,L158_S03,L158_S03_Q01,6,Q0002,F1,1,L158_S03_T002,0.47986131
L158,L158_S03,L158_S03_Q02,6,Q0015,F5,0,L158_S03_T007,0.21536814
L158,L158_S03,L158_S03_Q03,6,Q0015,F5,0,L158_S03_T012,0.25905289
L158,L158_S03,L158_S03_Q04,6,Q0021,F7,1,L158_S03_T017,0.27278914
L158,L158_S03,L158_S03_Q05,6,Q0022,F8,0,L158_S03_T022,0.22772182
L158,L158_S04,L158_S04_Q01,8,Q0007,F3,0,L158_S04_T002,0.33834129
L158,L158_S04,L158_S04_Q02,8,Q0018,F6,0,L158_S04_T007,0.23607388
L158,L158_S04,L158_S04_Q03,8,Q0014,F5,0,L158_S04_T012,0.29347308
L158,L158_S04,L158_S04_Q04,8,Q0016,F6,0,L158_S04_T017,0.27860583
L158,L158_S04,L158_S04_Q05,8,Q0011,F4,0,L158_S04_T022,0.3285788
L158,L158_S05,L158_S05_Q01,11,Q0020,F7,0,L158_S05_T002,0.44865732
L158,L158_S05,L158_S05_Q02,11,Q0015,F5,0,L158_S05_T007,0.3215163
L158,L158_S05,L158_S05_Q03,11,Q0005,F2,0,L158_S05_T012,0.23886228
L158,L158_S05,L158_S05_Q04,11,Q0001,F1,1,L158_S05_T017,0.5897305
L158,L158_S05,L158_S05_Q05,11,Q0003,F1,1,L158_S05_T022,0.70394024
L158,L158_S06,L158_S06_Q01,13,Q0011,F4,0,L158_S06_T002,0.34549898
L158,L158_S06,L158_S06_Q02,13,Q0007,F3,1,L158_S06_T007,0.3542025
L158,L158_S06,L158_S06_Q03,13,Q0022,F8,0,L158_S06_T012,0.24976753
L158,L158_S06,L158_S06_Q04,13,Q0004,F2,0,L158_S06_T017,0.27484039
L158,L158_S06,L158_S06_Q05,13,Q0009,F3,0,L158_S06_T022,0.5339779
L158,L158_S07,L158_S07_Q01,16,Q0005,F2,1,L158_S07_T002,0.30451804
L158,L158_S07,L158_S07_Q02,16,Q0024,F8,0,L158_S07_T007,0.28164454
L158,L158_S07,L158_S07_Q03,16,Q0014,F5,1,L158_S07_T012,0.33920259
L158,L158_S07,L158_S07_Q04,16,Q0018,F6,0,L158_S07_T017,0.29073497
L158,L158_S07,L158_S07_Q05,16,Q0023,F8,0,L158_S07_T022,0.32163932
L158,L158_S08,L158_S08_Q01,18,Q0016,F6,0,L158_S08_T002,0.32271057
L158,L158_S08,L158_S08_Q02,18,Q0023,F8,1,L158_S08_T007,0.35123033
L158,L158_S08,L158_S08_Q03,18,Q0019,F7,0,L158_S08_T012,0.44225585
L158,L158_S08,L158_S08_Q04,18,Q0016,F6,0,L158_S08_T017,0.36041898
L158,L158_S08,L158_S08_Q05,18,Q0012,F4,0,L158_S08_T022,0.36058377
L159,L159_S01,L159_S01_Q01,1,Q0002,F1,1,L159_S01_T002,0.26234193
L159,L159_S01,L159_S01_Q02,1,Q0018,F6,0,L159_S01_T007,0.28370531
L159,L159_S01,L159_S01_Q03,1,Q0020,F7,0,L159_S01_T012,0.22808907
L159,L159_S01,L159_S01_Q04,1,Q0011,F4,0,L159_S01_T017,0.31441916
L159,L159_S01,L159_S01_Q05,1,Q0023,F8,0,L159_S01_T022,0.29445051
L159,L159_S02,L159_S02_Q01,3,Q0005,F2,0,L159_S02_T002,0.29270306
L159,L159_S02,L159_S02_Q02,3,Q0019,F7,0,L159_S02_T007,0.25175702
L159,L159_S02,L159_S02_Q03,3,Q0007,F3,0,L159_S02_T012,0.22521139
L159,L159_S02,L159_S02_Q04,3,Q0005,F2,0,L159_S02_T017,0.32337475
L159,L159_S02,L159_S02_Q05,3,Q0001,F1,0,L159_S02_T022,0.40645243
L159,L159_S03,L159_S03_Q01,6,Q0008,F3,0,L159_S03_T002,0.24439334
L159,L159_S03,L159_S03_Q02,6,Q0023,F8,1,L159_S03_T007,0.29543348
L159,L159_S03,L159_S03_Q03,6,Q0013,F5,1,L159_S03_T012,0.3021346
L159,L159_S03,L159_S03_Q04,6,Q0008,F3,1,L159_S03_T017,0.27715997
L159,L159_S03,L159_S03_Q05,6,Q0017,F6,0,L159_S03_T022,0.28609073
L159,L159_S04,L159_S04_Q01,8,Q0008,F3,0,L159_S04_T002,0.41762251
L159,L159_S04,L159_S04_Q02,8,Q0010,F4,1,L159_S04_T007,0.30106949
L159,L159_S04,L159_S04_Q03,8,Q0019,F7,0,L159_S04_T012,0.25831225
L159,L159_S04,L159_S04_Q04,8,Q0015,F5,0,L159_S04_T017,0.43644879
L159,L159_S04,L159_S04_Q05,8,Q0019,F7,0,L159_S04_T022,0.29047529
L159,L159_S05,L159_S05_Q01,11,Q0020,F7,1,L159_S05_T002,0.30334934
L159,L159_S05,L159_S05_Q02,11,Q0009,F3,0,L159_S05_T007,0.41820751
L159,L159_S05,L159_S05_Q03,11,Q0016,F6,0,L159_S05_T012,0.2881648
L159,L159_S05,L159_S05_Q04,11,Q0017,F6,0,L159_S05_T017,0.31903329
L159,L159_S05,L159_S05_Q05,11,Q0012,F4,0,L159_S05_T022,0.42740194
L159,L159_S06,L159_S06_Q01,13,Q0014,F5,0,L159_S06_T002,0.41889847
L159,L159_S06,L159_S06_Q02,13,Q0006,F2,1,L159_S06_T007,0.29137633
L159,L159_S06,L159_S06_Q03,13,Q0024,F8,0,L159_S06_T012,0.39209547
L159,L159_S06,L159_S06_Q04,13,Q0016,F6,1,L159_S06_T017,0.33549592
L159,L159_S06,L159_S06_Q05,13,Q0002,F1,0,L159_S06_T022,0.35703007
L159,L159_S07,L159_S07_Q01,16,Q0007,F3,1,L159_S07_T002,0.40303801
L159,L159_S07,L159_S07_Q02,16,Q0023,F8,0,L159_S07_T007,0.39514772
L159,L159_S07,L159_S07_Q03,16,Q0012,F4,0,L159_S07_T012,0.4110324
L159,L159_S07,L159_S07_Q04,16,Q0003,F1,0,L159_S07_T017,0.36347146
L159,L159_S07,L159_S07_Q05,16,Q0001,F1,0,L159_S07_T022,0.3910743
L159,L159_S08,L159_S08_Q01,18,Q0019,F7,1,L159_S08_T002,0.39751895
L159,L159_S08,L159_S08_Q02,18,Q0019,F7,0,L159_S08_T007,0.52815088
L159,L159_S08,L159_S08_Q03,18,Q0005,F2,1,L159_S08_T012,0.40447925
L159,L159_S08,L159_S08_Q04,18,Q0002,F1,1,L159_S08_T017,0.40182927
L159,L159_S08,L159_S08_Q05,18,Q0013,F5,0,L159_S08_T022,0.40363879
L160,L160_S01,L160_S01_Q01,1,Q0023,F8,0,L160_S01_T002,0.3208272
L160,L160_S01,L160_S01_Q02,1,Q0015,F5,0,L160_S01_T007,0.17528438
L160,L160_S01,L160_S01_Q03,1,Q0018,F6,1,L160_S01_T012,0.32907766
L160,L160_S01,L160_S01_Q04,1,Q0003,F1,1,L160_S01_T017,0.32514845
L160,L160_S01,L160_S01_Q05,1,Q0007,F3,0,L160_S01_T022,0.20447882
L160,L160_S02,L160_S02_Q01,3,Q0012,F4,1,L160_S02_T002,0.20571092
L160,L160_S02,L160_S02_Q02,3,Q0013,F5,1,L160_S02_T007,0.21134345
L160,L160_S02,L160_S02_Q03,3,Q0019,F7,1,L160_S02_T012,0.32428409
L160,L160_S02,L160_S02_Q04,3,Q0008,F3,1,L160_S02_T017,0.23821548
L160,L160_S02,L160_S02_Q05,3,Q0003,F1,0,L160_S02_T022,0.48426405
L160,L160_S03,L160_S03_Q01,6,Q0020,F7,0,L160_S03_T002,0.4764427
L160,L160_S03,L160_S03_Q02,6,Q0022,F8,0,L160_S03_T007,0.33011778
L160,L160_S03,L160_S03_Q03,6,Q0006,F2,0,L160_S03_T012,0.28020644
L160,L160_S03,L160_S03_Q04,6,Q0010,F4,0,L160_S03_T017,0.39228951
L160,L160_S03,L160_S03_Q05,6,Q0013,F5,0,L160_S03_T022,0.396287
L160,L160_S04,L160_S04_Q01,8,Q0007,F3,0,L160_S04_T002,0.40308593
L160,L160_S04,L160_S04_Q02,8,Q0009,F3,0,L160_S04_T007,0.43384213
L160,L160_S04,L160_S04_Q03,8,Q0017,F6,0,L160_S04_T012,0.45190783
L160,L160_S04,L160_S04_Q04,8,Q0006,F2,0,L160_S04_T017,0.30791898
L160,L160_S04,L160_S04_Q05,8,Q0006,F2,0,L160_S04_T022,0.34357869
L160,L160_S05,L160_S05_Q01,11,Q0002,F1,1,L160_S05_T002,0.45308634
L160,L160_S05,L160_S05_Q02,11,Q0012,F4,1,L160_S05_T007,0.39300164
L160,L160_S05,L160_S05_Q03,11,Q0001,F1,0,L160_S05_T012,0.59398588
L160,L160_S05,L160_S05_Q04,11,Q0013,F5,0,L160_S05_T017,0.39651926
L160,L160_S05,L160_S05_Q05,11,Q0022,F8,1,L160_S05_T022,0.33829311
L160,L160_S06,L160_S06_Q01,13,Q0023,F8,0,L160_S06_T002,0.49373397
L160,L160_S06,L160_S06_Q02,13,Q0024,F8,1,L160_S06_T007,0.51981949
L160,L160_S06,L160_S06_Q03,13,Q0013,F5,0,L160_S06_T012,0.41497914
L160,L160_S06,L160_S06_Q04,13,Q0011,F4,1,L160_S06_T017,0.53314809
L160,L160_S06,L160_S06_Q05,13,Q0016,F6,1,L160_S06_T022,0.44546327
L160,L160_S07,L160_S07_Q01,16,Q0021,F7,1,L160_S07_T002,0.43331376
L160,L160_S07,L160_S07_Q02,16,Q0019,F7,1,L160_S07_T007,0.57930724
L160,L160_S07,L160_S07_Q03,16,Q0018,F6,1,L160_S07_T012,0.56244543
L160,L160_S07,L160_S07_Q04,16,Q0006,F2,0,L160_S07_T017,0.3347351
L160,L160_S07,L160_S07_Q05,16,Q0007,F3,1,L160_S07_T022,0.41066901
L160,L160_S08,L160_S08_Q01,18,Q0005,F2,0,L160_S08_T002,0.35810989
L160,L160_S08,L160_S08_Q02,18,Q0005,F2,0,L160_S08_T007,0.39118349
L160,L160_S08,L160_S08_Q03,18,Q0008,F3,0,L160_S08_T012,0.54587635
L160,L160_S08,L160_S08_Q04,18,Q0004,F2,1,L160_S08_T017,0.42255297
L160,L160_S08,L160_S08_Q05,18,Q0015,F5,1,L160_S08_T022,0.41296757
L161,L161_S01,L161_S01_Q01,1,Q0021,F7,0,L161_S01_T002,0.17989232
L161,L161_S01,L161_S01_Q02,1,Q0018,F6,0,L161_S01_T007,0.31048129
L161,L161_S01,L161_S01_Q03,1,Q0014,F5,0,L161_S01_T012,0.1012511
L161,L161_S01,L161_S01_Q04,1,Q0011,F4,0,L161_S01_T017,0.23912677
L161,L161_S01,L161_S01_Q05,1,Q0001,F1,1,L161_S01_T022,0.2711485
L161,L161_S02,L161_S02_Q01,3,Q0003,F1,0,L161_S02_T002,0.45607556
L161,L161_S02,L161_S02_Q02,3,Q0018,F6,0,L161_S02_T007,0.33443857
L161,L161_S02,L161_S02_Q03,3,Q0009,F3,1,L161_S02_T012,0.3083763
L161,L161_S02,L161_S02_Q04,3,Q0024,F8,0,L161_S02_T017,0.1151164
L161,L161_S02,L161_S02_Q05,3,Q0019,F7,0,L161_S02_T022,0.21644856
L161,L161_S03,L161_S03_Q01,6,Q0013,F5,1,L161_S03_T002,0.13621067
L161,L161_S03,L161_S03_Q02,6,Q0006,F2,1,L161_S03_T007,0.15333707
L161,L161_S03,L161_S03_Q03,6,Q0008,F3,0,L161_S03_T012,0.47132045
L161,L161_S03,L161_S03_Q04,6,Q0023,F8,0,L161_S03_T017,0.15452448
L161,L161_S03,L161_S03_Q05,6,Q0023,F8,0,L161_S03_T022,0.20213213
L161,L161_S04,L161_S04_Q01,8,Q0006,F2,0,L161_S04_T002,0.37503609
L161,L161_S04,L161_S04_Q02,8,Q0021,F7,0,L161_S04_T007,0.23371971
L161,L161_S04,L161_S04_Q03,8,Q0015,F5,0,L161_S04_T012,0.36325528
L161,L161_S04,L161_S04_Q04,8,Q0024,F8,1,L161_S04_T017,0.23654272
L161,L161_S04,L161_S04_Q05,8,Q0010,F4,0,L161_S04_T022,0.24215009
L161,L161_S05,L161_S05_Q01,11,Q0019,F7,0,L161_S05_T002,0.25937968
L161,L161_S05,L161_S05_Q02,11,Q0003,F1,1,L161_S05_T007,0.40897757
L161,L161_S05,L161_S05_Q03,11,Q0010,F4,0,L161_S05_T012,0.26683283
L161,L161_S05,L161_S05_Q04,11,Q0017,F6,0,L161_S05_T017,0.31252122
L161,L161_S05,L161_S05_Q05,11,Q0020,F7,0,L161_S05_T022,0.30108307
L161,L161_S06,L161_S06_Q01,13,Q0009,F3,0,L161_S06_T002,0.43032475
L161,L161_S06,L161_S06_Q02,13,Q0004,F2,1,L161_S06_T007,0.36795633
L161,L161_S06,L161_S06_Q03,13,Q0001,F1,1,L161_S06_T012,0.55088467
L161,L161_S06,L161_S06_Q04,13,Q0007,F3,1,L161_S06_T017,0.46240244
L161,L161_S06,L161_S06_Q05,13,Q0005,F2,1,L161_S06_T022,0.5459042
L161,L161_S07,L161_S07_Q01,16,Q0021,F7,1,L161_S07_T002,0.3053587
L161,L161_S07,L161_S07_Q02,16,Q0017,F6,0,L161_S07_T007,0.31504054
L161,L161_S07,L161_S07_Q03,16,Q0022,F8,1,L161_S07_T012,0.37938719
L161,L161_S07,L161_S07_Q04,16,Q0020,F7,1,L161_S07_T017,0.50093054
L161,L161_S07,L161_S07_Q05,16,Q0014,F5,1,L161_S07_T022,0.33537244
L161,L161_S08,L161_S08_Q01,18,Q0013,F5,0,L161_S08_T002,0.50025358
L161,L161_S08,L161_S08_Q02,18,Q0012,F4,0,L161_S08_T007,0.26460366
L161,L161_S08,L161_S08_Q03,18,Q0024,F8,0,L161_S08_T012,0.5305302
L161,L161_S08,L161_S08_Q04,18,Q0012,F4,1,L161_S08_T017,0.3060129
L161,L161_S08,L161_S08_Q05,18,Q0018,F6,0,L161_S08_T022,0.33855796
L162,L162_S01,L162_S01_Q01,1,Q0012,F4,0,L162_S01_T002,0.1063568
L162,L162_S01,L162_S01_Q02,1,Q0002,F1,0,L162_S01_T007,0.32112387
L162,L162_S01,L162_S01_Q03,1,Q0003,F1,0,L162_S01_T012,0.34982402
L162,L162_S01,L162_S01_Q04,1,Q0020,F7,0,L162_S01_T017,0.14032635
L162,L162_S01,L162_S01_Q05,1,Q0016,F6,0,L162_S01_T022,0.29287396
L162,L162_S02,L162_S02_Q01,3,Q0013,F5,0,L162_S02_T002,0.28989063
L162,L162_S02,L162_S02_Q02,3,Q0012,F4,0,L162_S02_T007,0.14031731
L162,L162_S02,L162_S02_Q03,3,Q0014,F5,0,L162_S02_T012,0.3199112
L162,L162_S02,L162_S02_Q04,3,Q0009,F3,0,L162_S02_T017,0.19226959
L162,L162_S02,L162_S02_Q05,3,Q0024,F8,1,L162_S02_T022,0.32248639
L162,L162_S03,L162_S03_Q01,6,Q0023,F8,0,L162_S03_T002,0.4473131
L162,L162_S03,L162_S03_Q02,6,Q0020,F7,0,L162_S03_T007,0.16519853
L162,L162_S03,L162_S03_Q03,6,Q0010,F4,0,L162_S03_T012,0.16968656
L162,L162_S03,L162_S03_Q04,6,Q0007,F3,0,L162_S03_T017,0.21747812
L162,L162_S03,L162_S03_Q05,6,Q0006,F2,0,L162_S03_T022,0.26617954
L162,L162_S04,L162_S04_Q01,8,Q0019,F7,0,L162_S04_T002,0.19517825
L162,L162_S04,L162_S04_Q02,8,Q0021,F7,0,L162_S04_T007,0.22920288
L162,L162_S04,L162_S04_Q03,8,Q0018,F6,0,L162_S04_T012,0.29381373
L162,L162_S04,L162_S04_Q04,8,Q0004,F2,0,L162_S04_T017,0.28932765
L162,L162_S04,L162_S04_Q05,8,Q0012,F4,0,L162_S04_T022,0.19936266
L162,L162_S05,L162_S05_Q01,11,Q0004,F2,0,L162_S05_T002,0.30676304
L162,L162_S05,L162_S05_Q02,11,Q0002,F1,0,L162_S05_T007,0.3299032
L162,L162_S05,L162_S05_Q03,11,Q0015,F5,0,L162_S05_T012,0.313152
L162,L162_S05,L162_S05_Q04,11,Q0011,F4,0,L162_S05_T017,0.22400312
L162,L162_S05,L162_S05_Q05,11,Q0011,F4,1,L162_S05_T022,0.25680915
L162,L162_S06,L162_S06_Q01,13,Q0007,F3,0,L162_S06_T002,0.22808294
L162,L162_S06,L162_S06_Q02,13,Q0019,F7,0,L162_S06_T007,0.24479083
L162,L162_S06,L162_S06_Q03,13,Q0018,F6,0,L162_S06_T012,0.30265231
L162,L162_S06,L162_S06_Q04,13,Q0007,F3,1,L162_S06_T017,0.26071649
L162,L162_S06,L162_S06_Q05,13,Q0007,F3,0,L162_S06_T022,0.41698617
L162,L162_S07,L162_S07_Q01,16,Q0022,F8,1,L162_S07_T002,0.41153956
L162,L162_S07,L162_S07_Q02,16,Q0005,F2,1,L162_S07_T007,0.3142489
L162,L162_S07,L162_S07_Q03,16,Q0021,F7,0,L162_S07_T012,0.26579307
L162,L162_S07,L162_S07_Q04,16,Q0014,F5,0,L162_S07_T017,0.31997046
L162,L162_S07,L162_S07_Q05,16,Q0019,F7,0,L162_S07_T022,0.29683239
L162,L162_S08,L162_S08_Q01,18,Q0003,F1,0,L162_S08_T002,0.32609617
L162,L162_S08,L162_S08_Q02,18,Q0018,F6,0,L162_S08_T007,0.31056759
L162,L162_S08,L162_S08_Q03,18,Q0018,F6,1,L162_S08_T012,0.33971402
L162,L162_S08,L162_S08_Q04,18,Q0023,F8,0,L162_S08_T017,0.52172796
L162,L162_S08,L162_S08_Q05,18,Q0020,F7,0,L162_S08_T022,0.31790675
L163,L163_S01,L163_S01_Q01,1,Q0009,F3,0,L163_S01_T002,0.26077234
L163,L163_S01,L163_S01_Q02,1,Q0023,F8,0,L163_S01_T007,0.15234337
L163,L163_S01,L163_S01_Q03,1,Q0006,F2,0,L163_S01_T012,0.28338853
L163,L163_S01,L163_S01_Q04,1,Q0001,F1,0,L163_S01_T017,0.28724422
L163,L163_S01,L163_S01_Q05,1,Q0010,F4,1,L163_S01_T022,0.30029638
L163,L163_S02,L163_S02_Q01,3,Q0018,F6,0,L163_S02_T002,0.16024555
L163,L163_S02,L163_S02_Q02,3,Q0012,F4,0,L163_S02_T007,0.49525436
L163,L163_S02,L163_S02_Q03,3,Q0024,F8,0,L163_S02_T012,0.19800622
L163,L163_S02,L163_S02_Q04,3,Q0024,F8,1,L163_S02_T017,0.24498807
L163,L163_S02,L163_S02_Q05,3,Q0023,F8,0,L163_S02_T022,0.46613603
L163,L163_S03,L163_S03_Q01,6,Q0020,F7,0,L163_S03_T002,0.29538765
L163,L163_S03,L163_S03_Q02,6,Q0021,F7,1,L163_S03_T007,0.33666477
L163,L163_S03,L163_S03_Q03,6,Q0016,F6,0,L163_S03_T012,0.20325865
L163,L163_S03,L163_S03_Q04,6,Q0008,F3,0,L163_S03_T017,0.2892687
L163,L163_S03,L163_S03_Q05,6,Q0017,F6,0,L163_S03_T022,0.2499328
L163,L163_S04,L163_S04_Q01,8,Q0014,F5,0,L163_S04_T002,0.29512056
L163,L163_S04,L163_S04_Q02,8,Q0006,F2,0,L163_S04_T007,0.30340316
L163,L163_S04,L163_S04_Q03,8,Q0013,F5,0,L163_S04_T012,0.33641333
L163,L163_S04,L163_S04_Q04,8,Q0017,F6,0,L163_S04_T017,0.2880622
L163,L163_S04,L163_S04_Q05,8,Q0001,F1,1,L163_S04_T022,0.30678792
L163,L163_S05,L163_S05_Q01,11,Q0009,F3,1,L163_S05_T002,0.31478923
L163,L163_S05,L163_S05_Q02,11,Q0020,F7,0,L163_S05_T007,0.50510226
L163,L163_S05,L163_S05_Q03,11,Q0018,F6,0,L163_S05_T012,0.32003657
L163,L163_S05,L163_S05_Q04,11,Q0024,F8,1,L163_S05_T017,0.45922225
L163,L163_S05,L163_S05_Q05,11,Q0002,F1,1,L163_S05_T022,0.49478844
L163,L163_S06,L163_S06_Q01,13,Q0005,F2,1,L163_S06_T002,0.32744765
L163,L163_S06,L163_S06_Q02,13,Q0023,F8,1,L163_S06_T007,0.60540788
L163,L163_S06,L163_S06_Q03,13,Q0008,F3,1,L163_S06_T012,0.50529954
L163,L163_S06,L163_S06_Q04,13,Q0016,F6,0,L163_S06_T017,0.35275429
L163,L163_S06,L163_S06_Q05,13,Q0004,F2,0,L163_S06_T022,0.52444266
L163,L163_S07,L163_S07_Q01,16,Q0016,F6,1,L163_S07_T002,0.3791416
L163,L163_S07,L163_S07_Q02,16,Q0001,F1,1,L163_S07_T007,0.61146541
L163,L163_S07,L163_S07_Q03,16,Q0021,F7,0,L163_S07_T012,0.50808363
L163,L163_S07,L163_S07_Q04,16,Q0008,F3,1,L163_S07_T017,0.63101231
L163,L163_S07,L163_S07_Q05,16,Q0013,F5,0,L163_S07_T022,0.34647478
L163,L163_S08,L163_S08_Q01,18,Q0015,F5,1,L163_S08_T002,0.3771516
L163,L163_S08,L163_S08_Q02,18,Q0013,F5,1,L163_S08_T007,0.55958799
L163,L163_S08,L163_S08_Q03,18,Q0004,F2,0,L163_S08_T012,0.52540434
L163,L163_S08,L163_S08_Q04,18,Q0011,F4,0,L163_S08_T017,0.4518199
L163,L163_S08,L163_S08_Q05,18,Q0012,F4,1,L163_S08_T022,0.48393301
L164,L164_S01,L164_S01_Q01,1,Q0024,F8,1,L164_S01_T002,0.27435731
L164,L164_S01,L164_S01_Q02,1,Q0011,F4,1,L164_S01_T007,0.25286989
L164,L164_S01,L164_S01_Q03,1,Q0007,F3,1,L164_S01_T012,0.13118011
L164,L164_S01,L164_S01_Q04,1,Q0021,F7,0,L164_S01_T017,0.26050076
L164,L164_S01,L164_S01_Q05,1,Q0017,F6,0,L164_S01_T022,0.31131233
L164,L164_S02,L164_S02_Q01,3,Q0004,F2,0,L164_S02_T002,0.21129033
L164,L164_S02,L164_S02_Q02,3,Q0024,F8,0,L164_S02_T007,0.39145091
L164,L164_S02,L164_S02_Q03,3,Q0011,F4,1,L164_S02_T012,0.37456587
L164,L164_S02,L164_S02_Q04,3,Q0003,F1,0,L164_S02_T017,0.15433006
L164,L164_S02,L164_S02_Q05,3,Q0002,F1,0,L164_S02_T022,0.18525918
L164,L164_S03,L164_S03_Q01,6,Q0006,F2,0,L164_S03_T002,0.22646226
L164,L164_S03,L164_S03_Q02,6,Q0019,F7,0,L164_S03_T007,0.26077877
L164,L164_S03,L164_S03_Q03,6,Q0002,F1,1,L164_S03_T012,0.20281123
L164,L164_S03,L164_S03_Q04,6,Q0018,F6,1,L164_S03_T017,0.30517487
L164,L164_S03,L164_S03_Q05,6,Q0008,F3,0,L164_S03_T022,0.26305716
L164,L164_S04,L164_S04_Q01,8,Q0014,F5,0,L164_S04_T002,0.19677006
L164,L164_S04,L164_S04_Q02,8,Q0003,F1,1,L164_S04_T007,0.33522924
L164,L164_S04,L164_S04_Q03,8,Q0009,F3,1,L164_S04_T012,0.27889328
L164,L164_S04,L164_S04_Q04,8,Q0015,F5,1,L164_S04_T017,0.22614701
L164,L164_S04,L164_S04_Q05,8,Q0015,F5,0,L164_S04_T022,0.36765964
L164,L164_S05,L164_S05_Q01,11,Q0002,F1,1,L164_S05_T002,0.43078326
L164,L164_S05,L164_S05_Q02,11,Q0006,F2,0,L164_S05_T007,0.23103796
L164,L164_S05,L164_S05_Q03,11,Q0011,F4,0,L164_S05_T012,0.41817217
L164,L164_S05,L164_S05_Q04,11,Q0017,F6,1,L164_S05_T017,0.39199851
L164,L164_S05,L164_S05_Q05,11,Q0006,F2,0,L164_S05_T022,0.25916161
L164,L164_S06,L164_S06_Q01,13,Q0015,F5,1,L164_S06_T002,0.35440776
L164,L164_S06,L164_S06_Q02,13,Q0013,F5,0,L164_S06_T007,0.47246567
L164,L164_S06,L164_S06_Q03,13,Q0020,F7,0,L164_S06_T012,0.25101635
L164,L164_S06,L164_S06_Q04,13,Q0021,F7,1,L164_S06_T017,0.27840932
L164,L164_S06,L164_S06_Q05,13,Q0022,F8,1,L164_S06_T022,0.34026777
L164,L164_S07,L164_S07_Q01,16,Q0007,F3,1,L164_S07_T002,0.35130981
L164,L164_S07,L164_S07_Q02,16,Q0003,F1,1,L164_S07_T007,0.48508244
L164,L164_S07,L164_S07_Q03,16,Q0021,F7,1,L164_S07_T012,0.38699767
L164,L164_S07,L164_S07_Q04,16,Q0011,F4,0,L164_S07_T017,0.39854258
L164,L164_S07,L164_S07_Q05,16,Q0022,F8,0,L164_S07_T022,0.43466596
L164,L164_S08,L164_S08_Q01,18,Q0005,F2,0,L164_S08_T002,0.24965754
L164,L164_S08,L164_S08_Q02,18,Q0007,F3,1,L164_S08_T007,0.451921
L164,L164_S08,L164_S08_Q03,18,Q0005,F2,0,L164_S08_T012,0.2771002
L164,L164_S08,L164_S08_Q04,18,Q0016,F6,0,L164_S08_T017,0.43884828
L164,L164_S08,L164_S08_Q05,18,Q0006,F2,0,L164_S08_T022,0.30353919
L165,L165_S01,L165_S01_Q01,1,Q0021,F7,0,L165_S01_T002,0.19583348
L165,L165_S01,L165_S01_Q02,1,Q0015,F5,0,L165_S01_T007,0.18647899
L165,L165_S01,L165_S01_Q03,1,Q0018,F6,0,L165_S01_T012,0.31488872
L165,L165_S01,L165_S01_Q04,1,Q0004,F2,0,L165_S01_T017,0.24199266
L165,L165_S01,L165_S01_Q05,1,Q0022,F8,0,L165_S01_T022,0.28034937
L165,L165_S02,L165_S02_Q01,3,Q0005,F2,0,L165_S02_T002,0.26332742
L165,L165_S02,L165_S02_Q02,3,Q0003,F1,0,L165_S02_T007,0.11580378
L165,L165_S02,L165_S02_Q03,3,Q0014,F5,0,L165_S02_T012,0.21197794
L165,L165_S02,L165_S02_Q04,3,Q0002,F1,0,L165_S02_T017,0.15200411
L165,L165_S02,L165_S02_Q05,3,Q0009,F3,0,L165_S02_T022,0.29864479
L165,L165_S03,L165_S03_Q01,6,Q0001,F1,0,L165_S03_T002,0.17686135
L165,L165_S03,L165_S03_Q02,6,Q0002,F1,0,L165_S03_T007,0.21056189
L165,L165_S03,L165_S03_Q03,6,Q0017,F6,0,L165_S03_T012,0.31328789
L165,L165_S03,L165_S03_Q04,6,Q0008,F3,0,L165_S03_T017,0.31007115
L165,L165_S03,L165_S03_Q05,6,Q0021,F7,1,L165_S03_T022,0.20897899
L165,L165_S04,L165_S04_Q01,8,Q0003,F1,0,L165_S04_T002,0.23425434
L165,L165_S04,L165_S04_Q02,8,Q0024,F8,1,L165_S04_T007,0.27297218
L165,L165_S04,L165_S04_Q03,8,Q0012,F4,0,L165_S04_T012,0.2703243
L165,L165_S04,L165_S04_Q04,8,Q0010,F4,0,L165_S04_T017,0.30019833
L165,L165_S04,L165_S04_Q05,8,Q0021,F7,0,L165_S04_T022,0.35773061
L165,L165_S05,L165_S05_Q01,11,Q0015,F5,0,L165_S05_T002,0.21134038
L165,L165_S05,L165_S05_Q02,11,Q0021,F7,0,L165_S05_T007,0.36374528
L165,L165_S05,L165_S05_Q03,11,Q0014,F5,1,L165_S05_T012,0.2436293
L165,L165_S05,L165_S05_Q04,11,Q0009,F3,0,L165_S05_T017,0.30906702
L165,L165_S05,L165_S05_Q05,11,Q0022,F8,0,L165_S05_T022,0.39952457
L165,L165_S06,L165_S06_Q01,13,Q0012,F4,0,L165_S06_T002,0.30041707
L165,L165_S06,L165_S06_Q02,13,Q0020,F7,0,L165_S06_T007,0.37594716
L165,L165_S06,L165_S06_Q03,13,Q0003,F1,0,L165_S06_T012,0.24264099
L165,L165_S06,L165_S06_Q04,13,Q0006,F2,0,L165_S06_T017,0.24493207
L165,L165_S06,L165_S06_Q05,13,Q0006,F2,0,L165_S06_T022,0.2758457
L165,L165_S07,L165_S07_Q01,16,Q0010,F4,1,L165_S07_T002,0.31168111
L165,L165_S07,L165_S07_Q02,16,Q0007,F3,0,L165_S07_T007,0.30818727
L165,L165_S07,L165_S07_Q03,16,Q0003,F1,0,L165_S07_T012,0.25919676
L165,L165_S07,L165_S07_Q04,16,Q0002,F1,0,L165_S07_T017,0.28952637
L165,L165_S07,L165_S07_Q05,16,Q0018,F6,0,L165_S07_T022,0.28491982
L165,L165_S08,L165_S08_Q01,18,Q0005,F2,0,L165_S08_T002,0.27908079
L165,L165_S08,L165_S08_Q02,18,Q0016,F6,0,L165_S08_T007,0.30303455
L165,L165_S08,L165_S08_Q03,18,Q0013,F5,1,L165_S08_T012,0.35108156
L165,L165_S08,L165_S08_Q04,18,Q0002,F1,0,L165_S08_T017,0.30729555
L165,L165_S08,L165_S08_Q05,18,Q0022,F8,1,L165_S08_T022,0.37367689
L166,L166_S01,L166_S01_Q01,1,Q0004,F2,0,L166_S01_T002,0.13624967
L166,L166_S01,L166_S01_Q02,1,Q0023,F8,0,L166_S01_T007,0.207964
L166,L166_S01,L166_S01_Q03,1,Q0013,F5,0,L166_S01_T012,0.22974685
L166,L166_S01,L166_S01_Q04,1,Q0010,F4,0,L166_S01_T017,0.14726565
L166,L166_S01,L166_S01_Q05,1,Q0024,F8,0,L166_S01_T022,0.2522519
L166,L166_S02,L166_S02_Q01,3,Q0011,F4,1,L166_S02_T002,0.18727459
L166,L166_S02,L166_S02_Q02,3,Q0017,F6,1,L166_S02_T007,0.30936442
L166,L166_S02,L166_S02_Q03,3,Q0005,F2,0,L166_S02_T012,0.17728391
L166,L166_S02,L166_S02_Q04,3,Q0008,F3,0,L166_S02_T017,0.16358431
L166,L166_S02,L166_S02_Q05,3,Q0019,F7,0,L166_S02_T022,0.24097152
L166,L166_S03,L166_S03_Q01,6,Q0013,F5,1,L166_S03_T002,0.24675924
L166,L166_S03,L166_S03_Q02,6,Q0009,F3,0,L166_S03_T007,0.19805771
L166,L166_S03,L166_S03_Q03,6,Q0002,F1,0,L166_S03_T012,0.20088089
L166,L166_S03,L166_S03_Q04,6,Q0011,F4,0,L166_S03_T017,0.39026931
L166,L166_S03,L166_S03_Q05,6,Q0008,F3,0,L166_S03_T022,0.24289954
L166,L166_S04,L166_S04_Q01,8,Q0003,F1,0,L166_S04_T002,0.23589958
L166,L166_S04,L166_S04_Q02,8,Q0019,F7,0,L166_S04_T007,0.25634411
L166,L166_S04,L166_S04_Q03,8,Q0002,F1,0,L166_S04_T012,0.27862542
L166,L166_S04,L166_S04_Q04,8,Q0005,F2,1,L166_S04_T017,0.20196054
L166,L166_S04,L166_S04_Q05,8,Q0016,F6,1,L166_S04_T022,0.45446332
L166,L166_S05,L166_S05_Q01,11,Q0001,F1,1,L166_S05_T002,0.30031751
L166,L166_S05,L166_S05_Q02,11,Q0022,F8,0,L166_S05_T007,0.24057239
L166,L166_S05,L166_S05_Q03,11,Q0008,F3,0,L166_S05_T012,0.25799047
L166,L166_S05,L166_S05_Q04,11,Q0010,F4,1,L166_S05_T017,0.3838312
L166,L166_S05,L166_S05_Q05,11,Q0022,F8,0,L166_S05_T022,0.28303695
L166,L166_S06,L166_S06_Q01,13,Q0009,F3,0,L166_S06_T002,0.28769369
L166,L166_S06,L166_S06_Q02,13,Q0021,F7,0,L166_S06_T007,0.26947094
L166,L166_S06,L166_S06_Q03,13,Q0014,F5,0,L166_S06_T012,0.39738753
L166,L166_S06,L166_S06_Q04,13,Q0016,F6,1,L166_S06_T017,0.54901097
L166,L166_S06,L166_S06_Q05,13,Q0019,F7,0,L166_S06_T022,0.31031959
L166,L166_S07,L166_S07_Q01,16,Q0022,F8,0,L166_S07_T002,0.29226426
L166,L166_S07,L166_S07_Q02,16,Q0001,F1,1,L166_S07_T007,0.44856828
L166,L166_S07,L166_S07_Q03,16,Q0007,F3,0,L166_S07_T012,0.30837827
L166,L166_S07,L166_S07_Q04,16,Q0007,F3,0,L166_S07_T017,0.34705135
L166,L166_S07,L166_S07_Q05,16,Q0010,F4,1,L166_S07_T022,0.5029865
L166,L166_S08,L166_S08_Q01,18,Q0021,F7,1,L166_S08_T002,0.31556122
L166,L166_S08,L166_S08_Q02,18,Q0004,F2,0,L166_S08_T007,0.34775549
L166,L166_S08,L166_S08_Q03,18,Q0018,F6,0,L166_S08_T012,0.61061901
L166,L166_S08,L166_S08_Q04,18,Q0015,F5,0,L166_S08_T017,0.38990953
L166,L166_S08,L166_S08_Q05,18,Q0005,F2,0,L166_S08_T022,0.38422673
L167,L167_S01,L167_S01_Q01,1,Q0003,F1,0,L167_S01_T002,0.33690432
L167,L167_S01,L167_S01_Q02,1,Q0018,F6,1,L167_S01_T007,0.25205187
L167,L167_S01,L167_S01_Q03,1,Q0023,F8,0,L167_S01_T012,0.19651785
L167,L167_S01,L167_S01_Q04,1,Q0011,F4,0,L167_S01_T017,0.16858144
L167,L167_S01,L167_S01_Q05,1,Q0020,F7,1,L167_S01_T022,0.32215767
L167,L167_S02,L167_S02_Q01,3,Q0005,F2,0,L167_S02_T002,0.25664427
L167,L167_S02,L167_S02_Q02,3,Q0016,F6,1,L167_S02_T007,0.40357904
L167,L167_S02,L167_S02_Q03,3,Q0020,F7,0,L167_S02_T012,0.45671399
L167,L167_S02,L167_S02_Q04,3,Q0009,F3,0,L167_S02_T017,0.14699742
L167,L167_S02,L167_S02_Q05,3,Q0015,F5,0,L167_S02_T022,0.17621865
L167,L167_S03,L167_S03_Q01,6,Q0006,F2,0,L167_S03_T002,0.27648858
L167,L167_S03,L167_S03_Q02,6,Q0015,F5,0,L167_S03_T007,0.20296716
L167,L167_S03,L167_S03_Q03,6,Q0009,F3,0,L167_S03_T012,0.17625444
L167,L167_S03,L167_S03_Q04,6,Q0014,F5,0,L167_S03_T017,0.23787885
L167,L167_S03,L167_S03_Q05,6,Q0009,F3,0,L167_S03_T022,0.21233621
L167,L167_S04,L167_S04_Q01,8,Q0009,F3,0,L167_S04_T002,0.23954787
L167,L167_S04,L167_S04_Q02,8,Q0012,F4,0,L167_S04_T007,0.18458073
L167,L167_S04,L167_S04_Q03,8,Q0024,F8,1,L167_S04_T012,0.20863279
L167,L167_S04,L167_S04_Q04,8,Q0022,F8,0,L167_S04_T017,0.38195045
L167,L167_S04,L167_S04_Q05,8,Q0001,F1,0,L167_S04_T022,0.32949959
L167,L167_S05,L167_S05_Q01,11,Q0003,F1,1,L167_S05_T002,0.34308958
L167,L167_S05,L167_S05_Q02,11,Q0011,F4,0,L167_S05_T007,0.21061139
L167,L167_S05,L167_S05_Q03,11,Q0001,F1,1,L167_S05_T012,0.48695981
L167,L167_S05,L167_S05_Q04,11,Q0015,F5,0,L167_S05_T017,0.25167539
L167,L167_S05,L167_S05_Q05,11,Q0008,F3,0,L167_S05_T022,0.26085984
L167,L167_S06,L167_S06_Q01,13,Q0019,F7,0,L167_S06_T002,0.41362717
L167,L167_S06,L167_S06_Q02,13,Q0019,F7,1,L167_S06_T007,0.43931152
L167,L167_S06,L167_S06_Q03,13,Q0017,F6,0,L167_S06_T012,0.45984421
L167,L167_S06,L167_S06_Q04,13,Q0011,F4,0,L167_S06_T017,0.23794731
L167,L167_S06,L167_S06_Q05,13,Q0022,F8,0,L167_S06_T022,0.37948956
L167,L167_S07,L167_S07_Q01,16,Q0011,F4,0,L167_S07_T002,0.25939667
L167,L167_S07,L167_S07_Q02,16,Q0004,F2,1,L167_S07_T007,0.26528334
L167,L167_S07,L167_S07_Q03,16,Q0014,F5,0,L167_S07_T012,0.26391509
L167,L167_S07,L167_S07_Q04,16,Q0008,F3,1,L167_S07_T017,0.27206314
L167,L167_S07,L167_S07_Q05,16,Q0011,F4,0,L167_S07_T022,0.29183664
L167,L167_S08,L167_S08_Q01,18,Q0016,F6,1,L167_S08_T002,0.44859358
L167,L167_S08,L167_S08_Q02,18,Q0024,F8,0,L167_S08_T007,0.37730636
L167,L167_S08,L167_S08_Q03,18,Q0014,F5,0,L167_S08_T012,0.28741097
L167,L167_S08,L167_S08_Q04,18,Q0008,F3,1,L167_S08_T017,0.41874608
L167,L167_S08,L167_S08_Q05,18,Q0005,F2,1,L167_S08_T022,0.4136075
L168,L168_S01,L168_S01_Q01,1,Q0011,F4,1,L168_S01_T002,0.25632141
L168,L168_S01,L168_S01_Q02,1,Q0018,F6,0,L168_S01_T007,0.29444851
L168,L168_S01,L168_S01_Q03,1,Q0003,F1,0,L168_S01_T012,0.31072074
L168,L168_S01,L168_S01_Q04,1,Q0015,F5,0,L168_S01_T017,0.20817435
L168,L168_S01,L168_S01_Q05,1,Q0007,F3,0,L168_S01_T022,0.28289928
L168,L168_S02,L168_S02_Q01,3,Q0001,F1,0,L168_S02_T002,0.33854128
L168,L168_S02,L168_S02_Q02,3,Q0014,F5,1,L168_S02_T007,0.24555062
L168,L168_S02,L168_S02_Q03,3,Q0020,F7,0,L168_S02_T012,0.14824161
L168,L168_S02,L168_S02_Q04,3,Q0006,F2,0,L168_S02_T017,0.20032413
L168,L168_S02,L168_S02_Q05,3,Q0017,F6,0,L168_S02_T022,0.32378536
L168,L168_S03,L168_S03_Q01,6,Q0024,F8,0,L168_S03_T002,0.18347854
L168,L168_S03,L168_S03_Q02,6,Q0020,F7,0,L168_S03_T007,0.1876896
L168,L168_S03,L168_S03_Q03,6,Q0008,F3,1,L168_S03_T012,0.29635769
L168,L168_S03,L168_S03_Q04,6,Q0021,F7,0,L168_S03_T017,0.23555104
L168,L168_S03,L168_S03_Q05,6,Q0022,F8,0,L168_S03_T022,0.2315881
L168,L168_S04,L168_S04_Q01,8,Q0006,F2,0,L168_S04_T002,0.22552936
L168,L168_S04,L168_S04_Q02,8,Q0022,F8,0,L168_S04_T007,0.26678257
L168,L168_S04,L168_S04_Q03,8,Q0019,F7,0,L168_S04_T012,0.27037623
L168,L168_S04,L168_S04_Q04,8,Q0011,F4,0,L168_S04_T017,0.41753379
L168,L168_S04,L168_S04_Q05,8,Q0006,F2,0,L168_S04_T022,0.27116128
L168,L168_S05,L168_S05_Q01,11,Q0018,F6,0,L168_S05_T002,0.31349254
L168,L168_S05,L168_S05_Q02,11,Q0008,F3,0,L168_S05_T007,0.45905112
L168,L168_S05,L168_S05_Q03,11,Q0022,F8,0,L168_S05_T012,0.29320931
L168,L168_S05,L168_S05_Q04,11,Q0019,F7,0,L168_S05_T017,0.29640822
L168,L168_S05,L168_S05_Q05,11,Q0004,F2,1,L168_S05_T022,0.29710704
L168,L168_S06,L168_S06_Q01,13,Q0019,F7,0,L168_S06_T002,0.32556246
L168,L168_S06,L168_S06_Q02,13,Q0005,F2,1,L168_S06_T007,0.48582283
L168,L168_S06,L168_S06_Q03,13,Q0020,F7,0,L168_S06_T012,0.36530042
L168,L168_S06,L168_S06_Q04,13,Q0015,F5,0,L168_S06_T017,0.3886276
L168,L168_S06,L168_S06_Q05,13,Q0022,F8,0,L168_S06_T022,0.32266164
L168,L168_S07,L168_S07_Q01,16,Q0011,F4,1,L168_S07_T002,0.38955324
L168,L168_S07,L168_S07_Q02,16,Q0001,F1,0,L168_S07_T007,0.29664339
L168,L168_S07,L168_S07_Q03,16,Q0010,F4,1,L168_S07_T012,0.5693913
L168,L168_S07,L168_S07_Q04,16,Q0001,F1,1,L168_S07_T017,0.33808527
L168,L168_S07,L168_S07_Q05,16,Q0008,F3,0,L168_S07_T022,0.44745086
L168,L168_S08,L168_S08_Q01,18,Q0017,F6,0,L168_S08_T002,0.31085317
L168,L168_S08,L168_S08_Q02,18,Q0013,F5,0,L168_S08_T007,0.38704551
L168,L168_S08,L168_S08_Q03,18,Q0024,F8,0,L168_S08_T012,0.33046361
L168,L168_S08,L168_S08_Q04,18,Q0004,F2,1,L168_S08_T017,0.58086464
L168,L168_S08,L168_S08_Q05,18,Q0001,F1,0,L168_S08_T022,0.51367639
L169,L169_S01,L169_S01_Q01,1,Q0017,F6,0,L169_S01_T002,0.24369209
L169,L169_S01,L169_S01_Q02,1,Q0010,F4,0,L169_S01_T007,0.27349756
L169,L169_S01,L169_S01_Q03,1,Q0015,F5,0,L169_S01_T012,0.10430737
L169,L169_S01,L169_S01_Q04,1,Q0007,F3,0,L169_S01_T017,0.2406692
L169,L169_S01,L169_S01_Q05,1,Q0022,F8,0,L169_S01_T022,0.22370708
L169,L169_S02,L169_S02_Q01,3,Q0015,F5,0,L169_S02_T002,0.13966302
L169,L169_S02,L169_S02_Q02,3,Q0010,F4,1,L169_S02_T007,0.29811432
L169,L169_S02,L169_S02_Q03,3,Q0017,F6,0,L169_S02_T012,0.27020067
L169,L169_S02,L169_S02_Q04,3,Q0020,F7,0,L169_S02_T017,0.1581798
L169,L169_S02,L169_S02_Q05,3,Q0008,F3,1,L169_S02_T022,0.26736965
L169,L169_S03,L169_S03_Q01,6,Q0019,F7,0,L169_S03_T002,0.18806157
L169,L169_S03,L169_S03_Q02,6,Q0015,F5,0,L169_S03_T007,0.17090749
L169,L169_S03,L169_S03_Q03,6,Q0003,F1,0,L169_S03_T012,0.19844112
L169,L169_S03,L169_S03_Q04,6,Q0019,F7,0,L169_S03_T017,0.22289245
L169,L169_S03,L169_S03_Q05,6,Q0005,F2,0,L169_S03_T022,0.23897318
L169,L169_S04,L169_S04_Q01,8,Q0002,F1,0,L169_S04_T002,0.22782189
L169,L169_S04,L169_S04_Q02,8,Q0015,F5,0,L169_S04_T007,0.20203587
L169,L169_S04,L169_S04_Q03,8,Q0005,F2,0,L169_S04_T012,0.26578128
L169,L169_S04,L169_S04_Q04,8,Q0015,F5,0,L169_S04_T017,0.23626727
L169,L169_S04,L169_S04_Q05,8,Q0024,F8,0,L169_S04_T022,0.23818648
L169,L169_S05,L169_S05_Q01,11,Q0013,F5,0,L169_S05_T002,0.26040237
L169,L169_S05,L169_S05_Q02,11,Q0010,F4,0,L169_S05_T007,0.41131152
L169,L169_S05,L169_S05_Q03,11,Q0001,F1,1,L169_S05_T012,0.2525785
L169,L169_S05,L169_S05_Q04,11,Q0006,F2,0,L169_S05_T017,0.28774436
L169,L169_S05,L169_S05_Q05,11,Q0019,F7,0,L169_S05_T022,0.24268056
L169,L169_S06,L169_S06_Q01,13,Q0020,F7,0,L169_S06_T002,0.26925334
L169,L169_S06,L169_S06_Q02,13,Q0023,F8,0,L169_S06_T007,0.2565445
L169,L169_S06,L169_S06_Q03,13,Q0009,F3,0,L169_S06_T012,0.38080623
L169,L169_S06,L169_S06_Q04,13,Q0023,F8,1,L169_S06_T017,0.28843757
L169,L169_S06,L169_S06_Q05,13,Q0018,F6,0,L169_S06_T022,0.27046537
L169,L169_S07,L169_S07_Q01,16,Q0018,F6,0,L169_S07_T002,0.29208373
L169,L169_S07,L169_S07_Q02,16,Q0004,F2,0,L169_S07_T007,0.30146837
L169,L169_S07,L169_S07_Q03,16,Q0020,F7,0,L169_S07_T012,0.2909609
L169,L169_S07,L169_S07_Q04,16,Q0014,F5,0,L169_S07_T017,0.27668305
L169,L169_S07,L169_S07_Q05,16,Q0001,F1,1,L169_S07_T022,0.39106198
L169,L169_S08,L169_S08_Q01,18,Q0009,F3,1,L169_S08_T002,0.38582832
L169,L169_S08,L169_S08_Q02,18,Q0024,F8,1,L169_S08_T007,0.41774015
L169,L169_S08,L169_S08_Q03,18,Q0013,F5,1,L169_S08_T012,0.30109761
L169,L169_S08,L169_S08_Q04,18,Q0011,F4,0,L169_S08_T017,0.40459296
L169,L169_S08,L169_S08_Q05,18,Q0021,F7,1,L169_S08_T022,0.31446922
L170,L170_S01,L170_S01_Q01,1,Q0007,F3,0,L170_S01_T002,0.322381
L170,L170_S01,L170_S01_Q02,1,Q0018,F6,0,L170_S01_T007,0.17606571
L170,L170_S01,L170_S01_Q03,1,Q0010,F4,0,L170_S01_T012,0.33951127
L170,L170_S01,L170_S01_Q04,1,Q0021,F7,0,L170_S01_T017,0.13300464
L170,L170_S01,L170_S01_Q05,1,Q0019,F7,0,L170_S01_T022,0.18038478
L170,L170_S02,L170_S02_Q01,3,Q0015,F5,0,L170_S02_T002,0.27771662
L170,L170_S02,L170_S02_Q02,3,Q0024,F8,0,L170_S02_T007,0.16268549
L170,L170_S02,L170_S02_Q03,3,Q0024,F8,0,L170_S02_T012,0.20844362
L170,L170_S02,L170_S02_Q04,3,Q0002,F1,1,L170_S02_T017,0.27869233
L170,L170_S02,L170_S02_Q05,3,Q0022,F8,0,L170_S02_T022,0.25170112
L170,L170_S03,L170_S03_Q01,6,Q0001,F1,1,L170_S03_T002,0.4573402
L170,L170_S03,L170_S03_Q02,6,Q0017,F6,1,L170_S03_T007,0.20699294
L170,L170_S03,L170_S03_Q03,6,Q0004,F2,0,L170_S03_T012,0.28904238
L170,L170_S03,L170_S03_Q04,6,Q0019,F7,0,L170_S03_T017,0.21081559
L170,L170_S03,L170_S03_Q05,6,Q0014,F5,0,L170_S03_T022,0.30489206
L170,L170_S04,L170_S04_Q01,8,Q0019,F7,0,L170_S04_T002,0.24733726
L170,L170_S04,L170_S04_Q02,8,Q0012,F4,0,L170_S04_T007,0.3425046
L170,L170_S04,L170_S04_Q03,8,Q0017,F6,1,L170_S04_T012,0.41265511
L170,L170_S04,L170_S04_Q04,8,Q0004,F2,1,L170_S04_T017,0.31936525
L170,L170_S04,L170_S04_Q05,8,Q0009,F3,0,L170_S04_T022,0.32773764
L170,L170_S05,L170_S05_Q01,11,Q0022,F8,0,L170_S05_T002,0.2633155
L170,L170_S05,L170_S05_Q02,11,Q0019,F7,1,L170_S05_T007,0.27728625
L170,L170_S05,L170_S05_Q03,11,Q0024,F8,0,L170_S05_T012,0.30357433
L170,L170_S05,L170_S05_Q04,11,Q0019,F7,0,L170_S05_T017,0.47476297
L170,L170_S05,L170_S05_Q05,11,Q0021,F7,1,L170_S05_T022,0.50346648
L170,L170_S06,L170_S06_Q01,13,Q0004,F2,0,L170_S06_T002,0.47311697
L170,L170_S06,L170_S06_Q02,13,Q0024,F8,0,L170_S06_T007,0.33274567
L170,L170_S06,L170_S06_Q03,13,Q0017,F6,1,L170_S06_T012,0.53659227
L170,L170_S06,L170_S06_Q04,13,Q0015,F5,1,L170_S06_T017,0.31266149
L170,L170_S06,L170_S06_Q05,13,Q0005,F2,0,L170_S06_T022,0.50191043
L170,L170_S07,L170_S07_Q01,16,Q0003,F1,1,L170_S07_T002,0.53083749
L170,L170_S07,L170_S07_Q02,16,Q0008,F3,1,L170_S07_T007,0.32800377
L170,L170_S07,L170_S07_Q03,16,Q0010,F4,0,L170_S07_T012,0.3405668
L170,L170_S07,L170_S07_Q04,16,Q0010,F4,1,L170_S07_T017,0.37660395
L170,L170_S07,L170_S07_Q05,16,Q0023,F8,0,L170_S07_T022,0.35489713
L170,L170_S08,L170_S08_Q01,18,Q0011,F4,1,L170_S08_T002,0.53271435
L170,L170_S08,L170_S08_Q02,18,Q0017,F6,1,L170_S08_T007,0.62092028
L170,L170_S08,L170_S08_Q03,18,Q0008,F3,1,L170_S08_T012,0.49831269
L170,L170_S08,L170_S08_Q04,18,Q0014,F5,1,L170_S08_T017,0.46855567
L170,L170_S08,L170_S08_Q05,18,Q0003,F1,1,L170_S08_T022,0.64188864
L171,L171_S01,L171_S01_Q01,1,Q0016,F6,0,L171_S01_T002,0.10013307
L171,L171_S01,L171_S01_Q02,1,Q0008,F3,0,L171_S01_T007,0.18691873
L171,L171_S01,L171_S01_Q03,1,Q0004,F2,0,L171_S01_T012,0.11973989
L171,L171_S01,L171_S01_Q04,1,Q0024,F8,0,L171_S01_T017,0.15515414
L171,L171_S01,L171_S01_Q05,1,Q0001,F1,0,L171_S01_T022,0.25903796
L171,L171_S02,L171_S02_Q01,3,Q0009,F3,0,L171_S02_T002,0.21965301
L171,L171_S02,L171_S02_Q02,3,Q0016,F6,0,L171_S02_T007,0.14093245
L171,L171_S02,L171_S02_Q03,3,Q0021,F7,1,L171_S02_T012,0.1580476
L171,L171_S02,L171_S02_Q04,3,Q0021,F7,1,L171_S02_T017,0.3784147
L171,L171_S02,L171_S02_Q05,3,Q0004,F2,1,L171_S02_T022,0.15871719
L171,L171_S03,L171_S03_Q01,6,Q0010,F4,1,L171_S03_T002,0.16167995
L171,L171_S03,L171_S03_Q02,6,Q0003,F1,0,L171_S03_T007,0.26695483
L171,L171_S03,L171_S03_Q03,6,Q0014,F5,0,L171_S03_T012,0.27349436
L171,L171_S03,L171_S03_Q04,6,Q0016,F6,0,L171_S03_T017,0.17408834
L171,L171_S03,L171_S03_Q05,6,Q0012,F4,0,L171_S03_T022,0.38109635
L171,L171_S04,L171_S04_Q01,8,Q0024,F8,0,L171_S04_T002,0.17105942
L171,L171_S04,L171_S04_Q02,8,Q0017,F6,0,L171_S04_T007,0.20801496
L171,L171_S04,L171_S04_Q03,8,Q0014,F5,1,L171_S04_T012,0.29818306
L171,L171_S04,L171_S04_Q04,8,Q0018,F6,0,L171_S04_T017,0.24947276
L171,L171_S04,L171_S04_Q05,8,Q0022,F8,1,L171_S04_T022,0.21445172
L171,L171_S05,L171_S05_Q01,11,Q0004,F2,0,L171_S05_T002,0.31805181
L171,L171_S05,L171_S05_Q02,11,Q0004,F2,1,L171_S05_T007,0.35374954
L171,L171_S05,L171_S05_Q03,11,Q0015,F5,0,L171_S05_T012,0.45125062
L171,L171_S05,L171_S05_Q04,11,Q0023,F8,0,L171_S05_T017,0.39336278
L171,L171_S05,L171_S05_Q05,11,Q0011,F4,1,L171_S05_T022,0.37063458
L171,L171_S06,L171_S06_Q01,13,Q0008,F3,0,L171_S06_T002,0.20929749
L171,L171_S06,L171_S06_Q02,13,Q0022,F8,1,L171_S06_T007,0.40691196
L171,L171_S06,L171_S06_Q03,13,Q0007,F3,0,L171_S06_T012,0.25068815
L171,L171_S06,L171_S06_Q04,13,Q0009,F3,0,L171_S06_T017,0.28991214
L171,L171_S06,L171_S06_Q05,13,Q0012,F4,0,L171_S06_T022,0.51243301
L171,L171_S07,L171_S07_Q01,16,Q0016,F6,1,L171_S07_T002,0.24238208
L171,L171_S07,L171_S07_Q02,16,Q0019,F7,0,L171_S07_T007,0.40711844
L171,L171_S07,L171_S07_Q03,16,Q0002,F1,1,L171_S07_T012,0.24531229
L171,L171_S07,L171_S07_Q04,16,Q0003,F1,1,L171_S07_T017,0.4428393
L171,L171_S07,L171_S07_Q05,16,Q0016,F6,1,L171_S07_T022,0.44067603
L171,L171_S08,L171_S08_Q01,18,Q0003,F1,1,L171_S08_T002,0.56345643
L171,L171_S08,L171_S08_Q02,18,Q0008,F3,1,L171_S08_T007,0.29318021
L171,L171_S08,L171_S08_Q03,18,Q0013,F5,0,L171_S08_T012,0.41180055
L171,L171_S08,L171_S08_Q04,18,Q0019,F7,0,L171_S08_T017,0.41938929
L171,L171_S08,L171_S08_Q05,18,Q0021,F7,1,L171_S08_T022,0.44978234
L172,L172_S01,L172_S01_Q01,1,Q0019,F7,0,L172_S01_T002,0.27760662
L172,L172_S01,L172_S01_Q02,1,Q0006,F2,0,L172_S01_T007,0.31994304
L172,L172_S01,L172_S01_Q03,1,Q0014,F5,0,L172_S01_T012,0.12148152
L172,L172_S01,L172_S01_Q04,1,Q0016,F6,0,L172_S01_T017,0.11355306
L172,L172_S01,L172_S01_Q05,1,Q0003,F1,0,L172_S01_T022,0.31802324
L172,L172_S02,L172_S02_Q01,3,Q0002,F1,0,L172_S02_T002,0.34603987
L172,L172_S02,L172_S02_Q02,3,Q0015,F5,0,L172_S02_T007,0.16419834
L172,L172_S02,L172_S02_Q03,3,Q0017,F6,0,L172_S02_T012,0.15686289
L172,L172_S02,L172_S02_Q04,3,Q0009,F3,0,L172_S02_T017,0.32490031
L172,L172_S02,L172_S02_Q05,3,Q0007,F3,0,L172_S02_T022,0.36069544
L172,L172_S03,L172_S03_Q01,6,Q0017,F6,1,L172_S03_T002,0.19465634
L172,L172_S03,L172_S03_Q02,6,Q0024,F8,0,L172_S03_T007,0.30113166
L172,L172_S03,L172_S03_Q03,6,Q0022,F8,0,L172_S03_T012,0.33818705
L172,L172_S03,L172_S03_Q04,6,Q0019,F7,0,L172_S03_T017,0.29806333
L172,L172_S03,L172_S03_Q05,6,Q0016,F6,0,L172_S03_T022,0.40816095
L172,L172_S04,L172_S04_Q01,8,Q0011,F4,0,L172_S04_T002,0.18927705
L172,L172_S04,L172_S04_Q02,8,Q0012,F4,1,L172_S04_T007,0.23226319
L172,L172_S04,L172_S04_Q03,8,Q0014,F5,1,L172_S04_T012,0.19673504
L172,L172_S04,L172_S04_Q04,8,Q0006,F2,1,L172_S04_T017,0.32816761
L172,L172_S04,L172_S04_Q05,8,Q0021,F7,0,L172_S04_T022,0.32757284
L172,L172_S05,L172_S05_Q01,11,Q0020,F7,1,L172_S05_T002,0.35077197
L172,L172_S05,L172_S05_Q02,11,Q0008,F3,0,L172_S05_T007,0.35953623
L172,L172_S05,L172_S05_Q03,11,Q0003,F1,0,L172_S05_T012,0.34689072
L172,L172_S05,L172_S05_Q04,11,Q0011,F4,0,L172_S05_T017,0.42085521
L172,L172_S05,L172_S05_Q05,11,Q0021,F7,0,L172_S05_T022,0.52288877
L172,L172_S06,L172_S06_Q01,13,Q0016,F6,0,L172_S06_T002,0.40517654
L172,L172_S06,L172_S06_Q02,13,Q0024,F8,1,L172_S06_T007,0.34409353
L172,L172_S06,L172_S06_Q03,13,Q0012,F4,0,L172_S06_T012,0.4411806
L172,L172_S06,L172_S06_Q04,13,Q0003,F1,0,L172_S06_T017,0.37274823
L172,L172_S06,L172_S06_Q05,13,Q0016,F6,1,L172_S06_T022,0.43671526
L172,L172_S07,L172_S07_Q01,16,Q0015,F5,0,L172_S07_T002,0.373291
L172,L172_S07,L172_S07_Q02,16,Q0007,F3,0,L172_S07_T007,0.37126598
L172,L172_S07,L172_S07_Q03,16,Q0005,F2,1,L172_S07_T012,0.46129838
L172,L172_S07,L172_S07_Q04,16,Q0007,F3,1,L172_S07_T017,0.40460271
L172,L172_S07,L172_S07_Q05,16,Q0002,F1,0,L172_S07_T022,0.39208522
L172,L172_S08,L172_S08_Q01,18,Q0004,F2,0,L172_S08_T002,0.59022416
L172,L172_S08,L172_S08_Q02,18,Q0023,F8,0,L172_S08_T007,0.4887196
L172,L172_S08,L172_S08_Q03,18,Q0013,F5,1,L172_S08_T012,0.39717392
L172,L172_S08,L172_S08_Q04,18,Q0013,F5,1,L172_S08_T017,0.5569891
L172,L172_S08,L172_S08_Q05,18,Q0001,F1,1,L172_S08_T022,0.41456244
L173,L173_S01,L173_S01_Q01,1,Q0002,F1,0,L173_S01_T002,0.31117953
L173,L173_S01,L173_S01_Q02,1,Q0020,F7,1,L173_S01_T007,0.12336559
L173,L173_S01,L173_S01_Q03,1,Q0017,F6,0,L173_S01_T012,0.18693817
L173,L173_S01,L173_S01_Q04,1,Q0024,F8,0,L173_S01_T017,0.31124782
L173,L173_S01,L173_S01_Q05,1,Q0011,F4,0,L173_S01_T022,0.16189741
L173,L173_S02,L173_S02_Q01,3,Q0014,F5,0,L173_S02_T002,0.30093831
L173,L173_S02,L173_S02_Q02,3,Q0005,F2,1,L173_S02_T007,0.24117442
L173,L173_S02,L173_S02_Q03,3,Q0011,F4,0,L173_S02_T012,0.18621143
L173,L173_S02,L173_S02_Q04,3,Q0021,F7,1,L173_S02_T017,0.27960078
L173,L173_S02,L173_S02_Q05,3,Q0022,F8,0,L173_S02_T022,0.32406596
L173,L173_S03,L173_S03_Q01,6,Q0018,F6,0,L173_S03_T002,0.19683113
L173,L173_S03,L173_S03_Q02,6,Q0019,F7,1,L173_S03_T007,0.3926889
L173,L173_S03,L173_S03_Q03,6,Q0011,F4,1,L173_S03_T012,0.20441731
L173,L173_S03,L173_S03_Q04,6,Q0018,F6,0,L173_S03_T017,0.22760523
L173,L173_S03,L173_S03_Q05,6,Q0009,F3,1,L173_S03_T022,0.29673683
L173,L173_S04,L173_S04_Q01,8,Q0006,F2,0,L173_S04_T002,0.34886765
L173,L173_S04,L173_S04_Q02,8,Q0018,F6,0,L173_S04_T007,0.24686155
L173,L173_S04,L173_S04_Q03,8,Q0008,F3,0,L173_S04_T012,0.41412382
L173,L173_S04,L173_S04_Q04,8,Q0015,F5,0,L173_S04_T017,0.29577601
L173,L173_S04,L173_S04_Q05,8,Q0002,F1,0,L173_S04_T022,0.29241816
L173,L173_S05,L173_S05_Q01,11,Q0015,F5,1,L173_S05_T002,0.303495
L173,L173_S05,L173_S05_Q02,11,Q0003,F1,0,L173_S05_T007,0.30045855
L173,L173_S05,L173_S05_Q03,11,Q0018,F6,0,L173_S05_T012,0.25926235
L173,L173_S05,L173_S05_Q04,11,Q0016,F6,1,L173_S05_T017,0.28764434
L173,L173_S05,L173_S05_Q05,11,Q0004,F2,0,L173_S05_T022,0.35150502
L173,L173_S06,L173_S06_Q01,13,Q0012,F4,0,L173_S06_T002,0.3091038
L173,L173_S06,L173_S06_Q02,13,Q0024,F8,0,L173_S06_T007,0.28505941
L173,L173_S06,L173_S06_Q03,13,Q0017,F6,1,L173_S06_T012,0.40706873
L173,L173_S06,L173_S06_Q04,13,Q0012,F4,0,L173_S06_T017,0.33557607
L173,L173_S06,L173_S06_Q05,13,Q0008,F3,0,L173_S06_T022,0.39401382
L173,L173_S07,L173_S07_Q01,16,Q0018,F6,0,L173_S07_T002,0.48958621
L173,L173_S07,L173_S07_Q02,16,Q0007,F3,1,L173_S07_T007,0.39233005
L173,L173_S07,L173_S07_Q03,16,Q0005,F2,1,L173_S07_T012,0.33966469
L173,L173_S07,L173_S07_Q04,16,Q0022,F8,0,L173_S07_T017,0.29380413
L173,L173_S07,L173_S07_Q05,16,Q0019,F7,0,L173_S07_T022,0.41462957
L173,L173_S08,L173_S08_Q01,18,Q0014,F5,0,L173_S08_T002,0.37848645
L173,L173_S08,L173_S08_Q02,18,Q0021,F7,1,L173_S08_T007,0.41949015
L173,L173_S08,L173_S08_Q03,18,Q0001,F1,0,L173_S08_T012,0.28348707
L173,L173_S08,L173_S08_Q04,18,Q0022,F8,1,L173_S08_T017,0.30796495
L173,L173_S08,L173_S08_Q05,18,Q0001,F1,0,L173_S08_T022,0.31094087
L174,L174_S01,L174_S01_Q01,1,Q0015,F5,1,L174_S01_T002,0.3428424
L174,L174_S01,L174_S01_Q02,1,Q0006,F2,1,L174_S01_T007,0.21823334
L174,L174_S01,L174_S01_Q03,1,Q0002,F1,0,L174_S01_T012,0.18371503
L174,L174_S01,L174_S01_Q04,1,Q0014,F5,0,L174_S01_T017,0.51125533
L174,L174_S01,L174_S01_Q05,1,Q0008,F3,1,L174_S01_T022,0.27526491
L174,L174_S02,L174_S02_Q01,3,Q0003,F1,0,L174_S02_T002,0.21988427
L174,L174_S02,L174_S02_Q02,3,Q0020,F7,1,L174_S02_T007,0.21447084
L174,L174_S02,L174_S02_Q03,3,Q0006,F2,1,L174_S02_T012,0.40805918
L174,L174_S02,L174_S02_Q04,3,Q0022,F8,0,L174_S02_T017,0.27376795
L174,L174_S02,L174_S02_Q05,3,Q0018,F6,1,L174_S02_T022,0.17847919
L174,L174_S03,L174_S03_Q01,6,Q0002,F1,0,L174_S03_T002,0.25013297
L174,L174_S03,L174_S03_Q02,6,Q0008,F3,0,L174_S03_T007,0.43257158
L174,L174_S03,L174_S03_Q03,6,Q0010,F4,0,L174_S03_T012,0.25084746
L174,L174_S03,L174_S03_Q04,6,Q0016,F6,0,L174_S03_T017,0.3744397
L174,L174_S03,L174_S03_Q05,6,Q0012,F4,0,L174_S03_T022,0.28924524
L174,L174_S04,L174_S04_Q01,8,Q0020,F7,0,L174_S04_T002,0.39014536
L174,L174_S04,L174_S04_Q02,8,Q0024,F8,1,L174_S04_T007,0.29181548
L174,L174_S04,L174_S04_Q03,8,Q0003,F1,0,L174_S04_T012,0.28131407
L174,L174_S04,L174_S04_Q04,8,Q0012,F4,0,L174_S04_T017,0.31748893
L174,L174_S04,L174_S04_Q05,8,Q0003,F1,0,L174_S04_T022,0.31815029
L174,L174_S05,L174_S05_Q01,11,Q0008,F3,1,L174_S05_T002,0.4331898
L174,L174_S05,L174_S05_Q02,11,Q0004,F2,0,L174_S05_T007,0.50556591
L174,L174_S05,L174_S05_Q03,11,Q0003,F1,1,L174_S05_T012,0.3398695
L174,L174_S05,L174_S05_Q04,11,Q0023,F8,0,L174_S05_T017,0.45557276
L174,L174_S05,L174_S05_Q05,11,Q0021,F7,0,L174_S05_T022,0.40561539
L174,L174_S06,L174_S06_Q01,13,Q0011,F4,1,L174_S06_T002,0.33073791
L174,L174_S06,L174_S06_Q02,13,Q0006,F2,1,L174_S06_T007,0.51756344
L174,L174_S06,L174_S06_Q03,13,Q0021,F7,0,L174_S06_T012,0.42511942
L174,L174_S06,L174_S06_Q04,13,Q0017,F6,0,L174_S06_T017,0.37185046
L174,L174_S06,L174_S06_Q05,13,Q0018,F6,0,L174_S06_T022,0.40404624
L174,L174_S07,L174_S07_Q01,16,Q0023,F8,1,L174_S07_T002,0.45366651
L174,L174_S07,L174_S07_Q02,16,Q0001,F1,1,L174_S07_T007,0.47765703
L174,L174_S07,L174_S07_Q03,16,Q0013,F5,1,L174_S07_T012,0.44309244
L174,L174_S07,L174_S07_Q04,16,Q0017,F6,1,L174_S07_T017,0.41830967
L174,L174_S07,L174_S07_Q05,16,Q0019,F7,0,L174_S07_T022,0.4375537
L174,L174_S08,L174_S08_Q01,18,Q0012,F4,0,L174_S08_T002,0.47128439
L174,L174_S08,L174_S08_Q02,18,Q0015,F5,1,L174_S08_T007,0.57108906
L174,L174_S08,L174_S08_Q03,18,Q0007,F3,0,L174_S08_T012,0.52913911
L174,L174_S08,L174_S08_Q04,18,Q0017,F6,1,L174_S08_T017,0.55312078
L174,L174_S08,L174_S08_Q05,18,Q0011,F4,1,L174_S08_T022,0.49838369
L175,L175_S01,L175_S01_Q01,1,Q0001,F1,0,L175_S01_T002,0.10551552
L175,L175_S01,L175_S01_Q02,1,Q0022,F8,1,L175_S01_T007,0.12115503
L175,L175_S01,L175_S01_Q03,1,Q0003,F1,0,L175_S01_T012,0.14810902
L175,L175_S01,L175_S01_Q04,1,Q0019,F7,0,L175_S01_T017,0.28431937
L175,L175_S01,L175_S01_Q05,1,Q0016,F6,0,L175_S01_T022,0.3225516
L175,L175_S02,L175_S02_Q01,3,Q0010,F4,1,L175_S02_T002,0.22013808
L175,L175_S02,L175_S02_Q02,3,Q0001,F1,0,L175_S02_T007,0.18414014
L175,L175_S02,L175_S02_Q03,3,Q0022,F8,0,L175_S02_T012,0.32245889
L175,L175_S02,L175_S02_Q04,3,Q0019,F7,0,L175_S02_T017,0.31074694
L175,L175_S02,L175_S02_Q05,3,Q0004,F2,0,L175_S02_T022,0.20987871
L175,L175_S03,L175_S03_Q01,6,Q0008,F3,0,L175_S03_T002,0.21681078
L175,L175_S03,L175_S03_Q02,6,Q0008,F3,1,L175_S03_T007,0.25410464
L175,L175_S03,L175_S03_Q03,6,Q0023,F8,1,L175_S03_T012,0.34201226
L175,L175_S03,L175_S03_Q04,6,Q0006,F2,0,L175_S03_T017,0.23863461
L175,L175_S03,L175_S03_Q05,6,Q0002,F1,0,L175_S03_T022,0.21499995
L175,L175_S04,L175_S04_Q01,8,Q0004,F2,0,L175_S04_T002,0.26828319
L175,L175_S04,L175_S04_Q02,8,Q0010,F4,1,L175_S04_T007,0.38187174
L175,L175_S04,L175_S04_Q03,8,Q0014,F5,1,L175_S04_T012,0.23302848
L175,L175_S04,L175_S04_Q04,8,Q0015,F5,1,L175_S04_T017,0.41563648
L175,L175_S04,L175_S04_Q05,8,Q0018,F6,0,L175_S04_T022,0.3258526
L175,L175_S05,L175_S05_Q01,11,Q0022,F8,1,L175_S05_T002,0.46925029
L175,L175_S05,L175_S05_Q02,11,Q0005,F2,1,L175_S05_T007,0.29226499
L175,L175_S05,L175_S05_Q03,11,Q0007,F3,1,L175_S05_T012,0.4062243
L175,L175_S05,L175_S05_Q04,11,Q0010,F4,0,L175_S05_T017,0.51008607
L175,L175_S05,L175_S05_Q05,11,Q0022,F8,1,L175_S05_T022,0.59561632
L175,L175_S06,L175_S06_Q01,13,Q0002,F1,0,L175_S06_T002,0.23178214
L175,L175_S06,L175_S06_Q02,13,Q0011,F4,1,L175_S06_T007,0.52059589
L175,L175_S06,L175_S06_Q03,13,Q0005,F2,0,L175_S06_T012,0.44969631
L175,L175_S06,L175_S06_Q04,13,Q0020,F7,1,L175_S06_T017,0.30422221
L175,L175_S06,L175_S06_Q05,13,Q0013,F5,0,L175_S06_T022,0.52203569
L175,L175_S07,L175_S07_Q01,16,Q0001,F1,0,L175_S07_T002,0.25874761
L175,L175_S07,L175_S07_Q02,16,Q0013,F5,1,L175_S07_T007,0.52527528
L175,L175_S07,L175_S07_Q03,16,Q0016,F6,1,L175_S07_T012,0.32476571
L175,L175_S07,L175_S07_Q04,16,Q0020,F7,1,L175_S07_T017,0.45304387
L175,L175_S07,L175_S07_Q05,16,Q0002,F1,1,L175_S07_T022,0.29404451
L175,L175_S08,L175_S08_Q01,18,Q0004,F2,1,L175_S08_T002,0.44782213
L175,L175_S08,L175_S08_Q02,18,Q0002,F1,0,L175_S08_T007,0.45101957
L175,L175_S08,L175_S08_Q03,18,Q0016,F6,1,L175_S08_T012,0.47386386
L175,L175_S08,L175_S08_Q04,18,Q0008,F3,0,L175_S08_T017,0.50290432
L175,L175_S08,L175_S08_Q05,18,Q0003,F1,0,L175_S08_T022,0.47716088
L176,L176_S01,L176_S01_Q01,1,Q0003,F1,1,L176_S01_T002,0.15344306
L176,L176_S01,L176_S01_Q02,1,Q0008,F3,0,L176_S01_T007,0.21092296
L176,L176_S01,L176_S01_Q03,1,Q0020,F7,0,L176_S01_T012,0.14248432
L176,L176_S01,L176_S01_Q04,1,Q0012,F4,0,L176_S01_T017,0.19396125
L176,L176_S01,L176_S01_Q05,1,Q0015,F5,0,L176_S01_T022,0.18431154
L176,L176_S02,L176_S02_Q01,3,Q0013,F5,1,L176_S02_T002,0.2158795
L176,L176_S02,L176_S02_Q02,3,Q0010,F4,0,L176_S02_T007,0.22468123
L176,L176_S02,L176_S02_Q03,3,Q0018,F6,0,L176_S02_T012,0.2167674
L176,L176_S02,L176_S02_Q04,3,Q0019,F7,0,L176_S02_T017,0.17772789
L176,L176_S02,L176_S02_Q05,3,Q0006,F2,0,L176_S02_T022,0.16903967
L176,L176_S03,L176_S03_Q01,6,Q0006,F2,1,L176_S03_T002,0.19785795
L176,L176_S03,L176_S03_Q02,6,Q0017,F6,1,L176_S03_T007,0.24050952
L176,L176_S03,L176_S03_Q03,6,Q0022,F8,0,L176_S03_T012,0.30237985
L176,L176_S03,L176_S03_Q04,6,Q0024,F8,0,L176_S03_T017,0.33709377
L176,L176_S03,L176_S03_Q05,6,Q0008,F3,0,L176_S03_T022,0.22584898
L176,L176_S04,L176_S04_Q01,8,Q0019,F7,0,L176_S04_T002,0.19737431
L176,L176_S04,L176_S04_Q02,8,Q0004,F2,0,L176_S04_T007,0.38149122
L176,L176_S04,L176_S04_Q03,8,Q0002,F1,0,L176_S04_T012,0.31546839
L176,L176_S04,L176_S04_Q04,8,Q0020,F7,0,L176_S04_T017,0.23731336
L176,L176_S04,L176_S04_Q05,8,Q0006,F2,0,L176_S04_T022,0.41226852
L176,L176_S05,L176_S05_Q01,11,Q0022,F8,0,L176_S05_T002,0.33407805
L176,L176_S05,L176_S05_Q02,11,Q0017,F6,1,L176_S05_T007,0.38769253
L176,L176_S05,L176_S05_Q03,11,Q0013,F5,0,L176_S05_T012,0.34889432
L176,L176_S05,L176_S05_Q04,11,Q0002,F1,1,L176_S05_T017,0.32871302
L176,L176_S05,L176_S05_Q05,11,Q0011,F4,0,L176_S05_T022,0.22349636
L176,L176_S06,L176_S06_Q01,13,Q0022,F8,0,L176_S06_T002,0.35248512
L176,L176_S06,L176_S06_Q02,13,Q0008,F3,0,L176_S06_T007,0.22907978
L176,L176_S06,L176_S06_Q03,13,Q0021,F7,0,L176_S06_T012,0.24848661
L176,L176_S06,L176_S06_Q04,13,Q0010,F4,0,L176_S06_T017,0.25162091
L176,L176_S06,L176_S06_Q05,13,Q0007,F3,0,L176_S06_T022,0.26744115
L176,L176_S07,L176_S07_Q01,16,Q0016,F6,1,L176_S07_T002,0.48750018
L176,L176_S07,L176_S07_Q02,16,Q0019,F7,0,L176_S07_T007,0.26885519
L176,L176_S07,L176_S07_Q03,16,Q0002,F1,1,L176_S07_T012,0.44750503
L176,L176_S07,L176_S07_Q04,16,Q0008,F3,0,L176_S07_T017,0.28579379
L176,L176_S07,L176_S07_Q05,16,Q0012,F4,1,L176_S07_T022,0.27165614
L176,L176_S08,L176_S08_Q01,18,Q0004,F2,0,L176_S08_T002,0.35978972
L176,L176_S08,L176_S08_Q02,18,Q0007,F3,0,L176_S08_T007,0.30844389
L176,L176_S08,L176_S08_Q03,18,Q0019,F7,0,L176_S08_T012,0.29299379
L176,L176_S08,L176_S08_Q04,18,Q0004,F2,0,L176_S08_T017,0.39164689
L176,L176_S08,L176_S08_Q05,18,Q0013,F5,0,L176_S08_T022,0.33039414
L177,L177_S01,L177_S01_Q01,1,Q0012,F4,0,L177_S01_T002,0.11882189
L177,L177_S01,L177_S01_Q02,1,Q0014,F5,0,L177_S01_T007,0.22456838
L177,L177_S01,L177_S01_Q03,1,Q0006,F2,0,L177_S01_T012,0.2089309
L177,L177_S01,L177_S01_Q04,1,Q0010,F4,1,L177_S01_T017,0.1662525
L177,L177_S01,L177_S01_Q05,1,Q0024,F8,0,L177_S01_T022,0.23041164
L177,L177_S02,L177_S02_Q01,3,Q0002,F1,1,L177_S02_T002,0.19836854
L177,L177_S02,L177_S02_Q02,3,Q0017,F6,0,L177_S02_T007,0.18507383
L177,L177_S02,L177_S02_Q03,3,Q0005,F2,0,L177_S02_T012,0.24588551
L177,L177_S02,L177_S02_Q04,3,Q0001,F1,0,L177_S02_T017,0.41411305
L177,L177_S02,L177_S02_Q05,3,Q0008,F3,1,L177_S02_T022,0.24928776
L177,L177_S03,L177_S03_Q01,6,Q0017,F6,0,L177_S03_T002,0.22130017
L177,L177_S03,L177_S03_Q02,6,Q0010,F4,0,L177_S03_T007,0.3691611
L177,L177_S03,L177_S03_Q03,6,Q0020,F7,0,L177_S03_T012,0.28227466
L177,L177_S03,L177_S03_Q04,6,Q0015,F5,0,L177_S03_T017,0.25166415
L177,L177_S03,L177_S03_Q05,6,Q0022,F8,1,L177_S03_T022,0.2568889
L177,L177_S04,L177_S04_Q01,8,Q0020,F7,0,L177_S04_T002,0.31372921
L177,L177_S04,L177_S04_Q02,8,Q0023,F8,1,L177_S04_T007,0.44666423
L177,L177_S04,L177_S04_Q03,8,Q0017,F6,0,L177_S04_T012,0.2573272
L177,L177_S04,L177_S04_Q04,8,Q0009,F3,0,L177_S04_T017,0.42651202
L177,L177_S04,L177_S04_Q05,8,Q0012,F4,1,L177_S04_T022,0.39410002
L177,L177_S05,L177_S05_Q01,11,Q0011,F4,0,L177_S05_T002,0.53857797
L177,L177_S05,L177_S05_Q02,11,Q0002,F1,1,L177_S05_T007,0.40709436
L177,L177_S05,L177_S05_Q03,11,Q0024,F8,1,L177_S05_T012,0.57571374
L177,L177_S05,L177_S05_Q04,11,Q0019,F7,1,L177_S05_T017,0.33896916
L177,L177_S05,L177_S05_Q05,11,Q0017,F6,1,L177_S05_T022,0.28738355
L177,L177_S06,L177_S06_Q01,13,Q0008,F3,1,L177_S06_T002,0.43223172
L177,L177_S06,L177_S06_Q02,13,Q0013,F5,1,L177_S06_T007,0.26972069
L177,L177_S06,L177_S06_Q03,13,Q0002,F1,0,L177_S06_T012,0.55398907
L177,L177_S06,L177_S06_Q04,13,Q0022,F8,1,L177_S06_T017,0.67447104
L177,L177_S06,L177_S06_Q05,13,Q0004,F2,0,L177_S06_T022,0.25583903
L177,L177_S07,L177_S07_Q01,16,Q0018,F6,0,L177_S07_T002,0.45282407
L177,L177_S07,L177_S07_Q02,16,Q0013,F5,0,L177_S07_T007,0.45070598
L177,L177_S07,L177_S07_Q03,16,Q0007,F3,0,L177_S07_T012,0.56551741
L177,L177_S07,L177_S07_Q04,16,Q0005,F2,1,L177_S07_T017,0.28602245
L177,L177_S07,L177_S07_Q05,16,Q0004,F2,0,L177_S07_T022,0.47817651
L177,L177_S08,L177_S08_Q01,18,Q0015,F5,1,L177_S08_T002,0.46952982
L177,L177_S08,L177_S08_Q02,18,Q0005,F2,1,L177_S08_T007,0.49494034
L177,L177_S08,L177_S08_Q03,18,Q0018,F6,0,L177_S08_T012,0.47148908
L177,L177_S08,L177_S08_Q04,18,Q0012,F4,1,L177_S08_T017,0.52052588
L177,L177_S08,L177_S08_Q05,18,Q0020,F7,0,L177_S08_T022,0.47752766
L178,L178_S01,L178_S01_Q01,1,Q0024,F8,0,L178_S01_T002,0.22736691
L178,L178_S01,L178_S01_Q02,1,Q0019,F7,0,L178_S01_T007,0.21326859
L178,L178_S01,L178_S01_Q03,1,Q0003,F1,0,L178_S01_T012,0.27751347
L178,L178_S01,L178_S01_Q04,1,Q0004,F2,1,L178_S01_T017,0.2833165
L178,L178_S01,L178_S01_Q05,1,Q0021,F7,0,L178_S01_T022,0.2518046
L178,L178_S02,L178_S02_Q01,3,Q0023,F8,1,L178_S02_T002,0.25706563
L178,L178_S02,L178_S02_Q02,3,Q0014,F5,0,L178_S02_T007,0.15404032
L178,L178_S02,L178_S02_Q03,3,Q0009,F3,0,L178_S02_T012,0.27353075
L178,L178_S02,L178_S02_Q04,3,Q0011,F4,0,L178_S02_T017,0.13829263
L178,L178_S02,L178_S02_Q05,3,Q0010,F4,0,L178_S02_T022,0.18050115
L178,L178_S03,L178_S03_Q01,6,Q0016,F6,0,L178_S03_T002,0.19132661
L178,L178_S03,L178_S03_Q02,6,Q0014,F5,0,L178_S03_T007,0.18654006
L178,L178_S03,L178_S03_Q03,6,Q0012,F4,0,L178_S03_T012,0.21055422
L178,L178_S03,L178_S03_Q04,6,Q0009,F3,1,L178_S03_T017,0.29498194
L178,L178_S03,L178_S03_Q05,6,Q0015,F5,0,L178_S03_T022,0.2263853
L178,L178_S04,L178_S04_Q01,8,Q0012,F4,0,L178_S04_T002,0.24156761
L178,L178_S04,L178_S04_Q02,8,Q0011,F4,0,L178_S04_T007,0.27871747
L178,L178_S04,L178_S04_Q03,8,Q0016,F6,1,L178_S04_T012,0.22384351
L178,L178_S04,L178_S04_Q04,8,Q0001,F1,1,L178_S04_T017,0.28053374
L178,L178_S04,L178_S04_Q05,8,Q0006,F2,0,L178_S04_T022,0.41137521
L178,L178_S05,L178_S05_Q01,11,Q0001,F1,1,L178_S05_T002,0.43585718
L178,L178_S05,L178_S05_Q02,11,Q0021,F7,0,L178_S05_T007,0.24678935
L178,L178_S05,L178_S05_Q03,11,Q0024,F8,0,L178_S05_T012,0.38751153
L178,L178_S05,L178_S05_Q04,11,Q0006,F2,0,L178_S05_T017,0.42008078
L178,L178_S05,L178_S05_Q05,11,Q0015,F5,0,L178_S05_T022,0.24444886
L178,L178_S06,L178_S06_Q01,13,Q0022,F8,0,L178_S06_T002,0.40468765
L178,L178_S06,L178_S06_Q02,13,Q0010,F4,1,L178_S06_T007,0.29048331
L178,L178_S06,L178_S06_Q03,13,Q0015,F5,1,L178_S06_T012,0.27281185
L178,L178_S06,L178_S06_Q04,13,Q0021,F7,0,L178_S06_T017,0.27496932
L178,L178_S06,L178_S06_Q05,13,Q0008,F3,1,L178_S06_T022,0.41927243
L178,L178_S07,L178_S07_Q01,16,Q0015,F5,0,L178_S07_T002,0.43029306
L178,L178_S07,L178_S07_Q02,16,Q0019,F7,0,L178_S07_T007,0.2962875
L178,L178_S07,L178_S07_Q03,16,Q0019,F7,0,L178_S07_T012,0.33075704
L178,L178_S07,L178_S07_Q04,16,Q0011,F4,0,L178_S07_T017,0.44302649
L178,L178_S07,L178_S07_Q05,16,Q0016,F6,1,L178_S07_T022,0.36536907
L178,L178_S08,L178_S08_Q01,18,Q0005,F2,1,L178_S08_T002,0.40209198
L178,L178_S08,L178_S08_Q02,18,Q0003,F1,0,L178_S08_T007,0.51464162
L178,L178_S08,L178_S08_Q03,18,Q0017,F6,1,L178_S08_T012,0.50480014
L178,L178_S08,L178_S08_Q04,18,Q0019,F7,1,L178_S08_T017,0.35237111
L178,L178_S08,L178_S08_Q05,18,Q0009,F3,1,L178_S08_T022,0.51936795
L179,L179_S01,L179_S01_Q01,1,Q0005,F2,1,L179_S01_T002,0.3075778
L179,L179_S01,L179_S01_Q02,1,Q0013,F5,1,L179_S01_T007,0.34104558
L179,L179_S01,L179_S01_Q03,1,Q0022,F8,0,L179_S01_T012,0.14131885
L179,L179_S01,L179_S01_Q04,1,Q0007,F3,0,L179_S01_T017,0.13613114
L179,L179_S01,L179_S01_Q05,1,Q0001,F1,0,L179_S01_T022,0.28716786
L179,L179_S02,L179_S02_Q01,3,Q0016,F6,0,L179_S02_T002,0.20648551
L179,L179_S02,L179_S02_Q02,3,Q0011,F4,1,L179_S02_T007,0.14131391
L179,L179_S02,L179_S02_Q03,3,Q0009,F3,0,L179_S02_T012,0.18462996
L179,L179_S02,L179_S02_Q04,3,Q0016,F6,0,L179_S02_T017,0.25400247
L179,L179_S02,L179_S02_Q05,3,Q0020,F7,0,L179_S02_T022,0.19815236
L179,L179_S03,L179_S03_Q01,6,Q0019,F7,0,L179_S03_T002,0.23984484
L179,L179_S03,L179_S03_Q02,6,Q0022,F8,0,L179_S03_T007,0.18455731
L179,L179_S03,L179_S03_Q03,6,Q0004,F2,1,L179_S03_T012,0.49303997
L179,L179_S03,L179_S03_Q04,6,Q0007,F3,0,L179_S03_T017,0.22745874
L179,L179_S03,L179_S03_Q05,6,Q0012,F4,1,L179_S03_T022,0.38817736
L179,L179_S04,L179_S04_Q01,8,Q0014,F5,1,L179_S04_T002,0.50662592
L179,L179_S04,L179_S04_Q02,8,Q0002,F1,1,L179_S04_T007,0.31042034
L179,L179_S04,L179_S04_Q03,8,Q0007,F3,0,L179_S04_T012,0.26901201
L179,L179_S04,L179_S04_Q04,8,Q0024,F8,1,L179_S04_T017,0.22937328
L179,L179_S04,L179_S04_Q05,8,Q0020,F7,0,L179_S04_T022,0.28045614
L179,L179_S05,L179_S05_Q01,11,Q0016,F6,0,L179_S05_T002,0.27865021
L179,L179_S05,L179_S05_Q02,11,Q0023,F8,0,L179_S05_T007,0.44828626
L179,L179_S05,L179_S05_Q03,11,Q0007,F3,1,L179_S05_T012,0.30475008
L179,L179_S05,L179_S05_Q04,11,Q0012,F4,0,L179_S05_T017,0.54711059
L179,L179_S05,L179_S05_Q05,11,Q0015,F5,1,L179_S05_T022,0.63753759
L179,L179_S06,L179_S06_Q01,13,Q0024,F8,1,L179_S06_T002,0.47304538
L179,L179_S06,L179_S06_Q02,13,Q0019,F7,0,L179_S06_T007,0.30981078
L179,L179_S06,L179_S06_Q03,13,Q0002,F1,1,L179_S06_T012,0.4949469
L179,L179_S06,L179_S06_Q04,13,Q0017,F6,0,L179_S06_T017,0.31631032
L179,L179_S06,L179_S06_Q05,13,Q0020,F7,0,L179_S06_T022,0.35114045
L179,L179_S07,L179_S07_Q01,16,Q0018,F6,0,L179_S07_T002,0.34807386
L179,L179_S07,L179_S07_Q02,16,Q0014,F5,1,L179_S07_T007,0.71439518
L179,L179_S07,L179_S07_Q03,16,Q0001,F1,1,L179_S07_T012,0.62956555
L179,L179_S07,L179_S07_Q04,16,Q0007,F3,1,L179_S07_T017,0.49114298
L179,L179_S07,L179_S07_Q05,16,Q0011,F4,1,L179_S07_T022,0.54985711
L179,L179_S08,L179_S08_Q01,18,Q0004,F2,0,L179_S08_T002,0.5810811
L179,L179_S08,L179_S08_Q02,18,Q0019,F7,0,L179_S08_T007,0.37344185
L179,L179_S08,L179_S08_Q03,18,Q0005,F2,1,L179_S08_T012,0.60616665
L179,L179_S08,L179_S08_Q04,18,Q0017,F6,0,L179_S08_T017,0.38045423
L179,L179_S08,L179_S08_Q05,18,Q0019,F7,0,L179_S08_T022,0.41096119
L180,L180_S01,L180_S01_Q01,1,Q0004,F2,0,L180_S01_T002,0.20229614
L180,L180_S01,L180_S01_Q02,1,Q0010,F4,0,L180_S01_T007,0.32037652
L180,L180_S01,L180_S01_Q03,1,Q0017,F6,0,L180_S01_T012,0.12224181
L180,L180_S01,L180_S01_Q04,1,Q0001,F1,0,L180_S01_T017,0.11448896
L180,L180_S01,L180_S01_Q05,1,Q0001,F1,0,L180_S01_T022,0.16533831
L180,L180_S02,L180_S02_Q01,3,Q0007,F3,1,L180_S02_T002,0.2441992
L180,L180_S02,L180_S02_Q02,3,Q0001,F1,0,L180_S02_T007,0.20589126
L180,L180_S02,L180_S02_Q03,3,Q0019,F7,0,L180_S02_T012,0.19240716
L180,L180_S02,L180_S02_Q04,3,Q0016,F6,0,L180_S02_T017,0.16667454
L180,L180_S02,L180_S02_Q05,3,Q0009,F3,0,L180_S02_T022,0.46120373
L180,L180_S03,L180_S03_Q01,6,Q0019,F7,0,L180_S03_T002,0.22650151
L180,L180_S03,L180_S03_Q02,6,Q0014,F5,0,L180_S03_T007,0.19341432
L180,L180_S03,L180_S03_Q03,6,Q0023,F8,0,L180_S03_T012,0.21819862
L180,L180_S03,L180_S03_Q04,6,Q0017,F6,0,L180_S03_T017,0.203494
L180,L180_S03,L180_S03_Q05,6,Q0004,F2,0,L180_S03_T022,0.22720326
L180,L180_S04,L180_S04_Q01,8,Q0011,F4,0,L180_S04_T002,0.31774348
L180,L180_S04,L180_S04_Q02,8,Q0014,F5,0,L180_S04_T007,0.23143972
L180,L180_S04,L180_S04_Q03,8,Q0016,F6,1,L180_S04_T012,0.24061197
L180,L180_S04,L180_S04_Q04,8,Q0006,F2,0,L180_S04_T017,0.2621868
L180,L180_S04,L180_S04_Q05,8,Q0024,F8,0,L180_S04_T022,0.25399281
L180,L180_S05,L180_S05_Q01,11,Q0016,F6,0,L180_S05_T002,0.43505812
L180,L180_S05,L180_S05_Q02,11,Q0009,F3,0,L180_S05_T007,0.42750677
L180,L180_S05,L180_S05_Q03,11,Q0006,F2,0,L180_S05_T012,0.28889145
L180,L180_S05,L180_S05_Q04,11,Q0021,F7,1,L180_S05_T017,0.24809672
L180,L180_S05,L180_S05_Q05,11,Q0010,F4,0,L180_S05_T022,0.33856463
L180,L180_S06,L180_S06_Q01,13,Q0020,F7,1,L180_S06_T002,0.44793412
L180,L180_S06,L180_S06_Q02,13,Q0015,F5,0,L180_S06_T007,0.25235926
L180,L180_S06,L180_S06_Q03,13,Q0004,F2,0,L180_S06_T012,0.31832149
L180,L180_S06,L180_S06_Q04,13,Q0001,F1,0,L180_S06_T017,0.21090566
L180,L180_S06,L180_S06_Q05,13,Q0014,F5,1,L180_S06_T022,0.29529159
L180,L180_S07,L180_S07_Q01,16,Q0024,F8,0,L180_S07_T002,0.25784639
L180,L180_S07,L180_S07_Q02,16,Q0008,F3,0,L180_S07_T007,0.42159932
L180,L180_S07,L180_S07_Q03,16,Q0011,F4,0,L180_S07_T012,0.34482674
L180,L180_S07,L180_S07_Q04,16,Q0001,F1,1,L180_S07_T017,0.24304101
L180,L180_S07,L180_S07_Q05,16,Q0017,F6,0,L180_S07_T022,0.42811746
L180,L180_S08,L180_S08_Q01,18,Q0003,F1,0,L180_S08_T002,0.44445465
L180,L180_S08,L180_S08_Q02,18,Q0024,F8,0,L180_S08_T007,0.29007127
L180,L180_S08,L180_S08_Q03,18,Q0022,F8,1,L180_S08_T012,0.33083803
L180,L180_S08,L180_S08_Q04,18,Q0001,F1,1,L180_S08_T017,0.47635614
L180,L180_S08,L180_S08_Q05,18,Q0006,F2,0,L180_S08_T022,0.32735338
L181,L181_S01,L181_S01_Q01,1,Q0009,F3,0,L181_S01_T002,0.17573602
L181,L181_S01,L181_S01_Q02,1,Q0024,F8,0,L181_S01_T007,0.12318648
L181,L181_S01,L181_S01_Q03,1,Q0018,F6,1,L181_S01_T012,0.30719692
L181,L181_S01,L181_S01_Q04,1,Q0023,F8,0,L181_S01_T017,0.1716089
L181,L181_S01,L181_S01_Q05,1,Q0014,F5,0,L181_S01_T022,0.29326079
L181,L181_S02,L181_S02_Q01,3,Q0020,F7,0,L181_S02_T002,0.17890505
L181,L181_S02,L181_S02_Q02,3,Q0022,F8,0,L181_S02_T007,0.21378237
L181,L181_S02,L181_S02_Q03,3,Q0020,F7,0,L181_S02_T012,0.22425039
L181,L181_S02,L181_S02_Q04,3,Q0022,F8,1,L181_S02_T017,0.25720159
L181,L181_S02,L181_S02_Q05,3,Q0002,F1,0,L181_S02_T022,0.22091881
L181,L181_S03,L181_S03_Q01,6,Q0022,F8,1,L181_S03_T002,0.45095033
L181,L181_S03,L181_S03_Q02,6,Q0020,F7,1,L181_S03_T007,0.26052952
L181,L181_S03,L181_S03_Q03,6,Q0006,F2,0,L181_S03_T012,0.25635614
L181,L181_S03,L181_S03_Q04,6,Q0011,F4,0,L181_S03_T017,0.2367145
L181,L181_S03,L181_S03_Q05,6,Q0006,F2,0,L181_S03_T022,0.29742421
L181,L181_S04,L181_S04_Q01,8,Q0014,F5,1,L181_S04_T002,0.31355298
L181,L181_S04,L181_S04_Q02,8,Q0012,F4,1,L181_S04_T007,0.27428084
L181,L181_S04,L181_S04_Q03,8,Q0018,F6,0,L181_S04_T012,0.47038852
L181,L181_S04,L181_S04_Q04,8,Q0002,F1,0,L181_S04_T017,0.2532249
L181,L181_S04,L181_S04_Q05,8,Q0009,F3,0,L181_S04_T022,0.20877978
L181,L181_S05,L181_S05_Q01,11,Q0008,F3,0,L181_S05_T002,0.24627238
L181,L181_S05,L181_S05_Q02,11,Q0022,F8,0,L181_S05_T007,0.57808745
L181,L181_S05,L181_S05_Q03,11,Q0002,F1,0,L181_S05_T012,0.28723135
L181,L181_S05,L181_S05_Q04,11,Q0006,F2,1,L181_S05_T017,0.32256988
L181,L181_S05,L181_S05_Q05,11,Q0009,F3,0,L181_S05_T022,0.28789732
L181,L181_S06,L181_S06_Q01,13,Q0014,F5,0,L181_S06_T002,0.48266835
L181,L181_S06,L181_S06_Q02,13,Q0010,F4,1,L181_S06_T007,0.45539481
L181,L181_S06,L181_S06_Q03,13,Q0018,F6,1,L181_S06_T012,0.47934583
L181,L181_S06,L181_S06_Q04,13,Q0002,F1,0,L181_S06_T017,0.32122293
L181,L181_S06,L181_S06_Q05,13,Q0002,F1,1,L181_S06_T022,0.3587087
L181,L181_S07,L181_S07_Q01,16,Q0024,F8,0,L181_S07_T002,0.57696482
L181,L181_S07,L181_S07_Q02,16,Q0017,F6,1,L181_S07_T007,0.6078038
L181,L181_S07,L181_S07_Q03,16,Q0011,F4,0,L181_S07_T012,0.59089226
L181,L181_S07,L181_S07_Q04,16,Q0008,F3,0,L181_S07_T017,0.31393465
L181,L181_S07,L181_S07_Q05,16,Q0013,F5,1,L181_S07_T022,0.49867795
L181,L181_S08,L181_S08_Q01,18,Q0006,F2,0,L181_S08_T002,0.48088907
L181,L181_S08,L181_S08_Q02,18,Q0021,F7,0,L181_S08_T007,0.42070377
L181,L181_S08,L181_S08_Q03,18,Q0009,F3,0,L181_S08_T012,0.3460366
L181,L181_S08,L181_S08_Q04,18,Q0001,F1,0,L181_S08_T017,0.51402789
L181,L181_S08,L181_S08_Q05,18,Q0021,F7,0,L181_S08_T022,0.45269566
L182,L182_S01,L182_S01_Q01,1,Q0011,F4,0,L182_S01_T002,0.12013327
L182,L182_S01,L182_S01_Q02,1,Q0015,F5,0,L182_S01_T007,0.23076338
L182,L182_S01,L182_S01_Q03,1,Q0017,F6,0,L182_S01_T012,0.32593815
L182,L182_S01,L182_S01_Q04,1,Q0017,F6,1,L182_S01_T017,0.36341811
L182,L182_S01,L182_S01_Q05,1,Q0011,F4,0,L182_S01_T022,0.16905663
L182,L182_S02,L182_S02_Q01,3,Q0023,F8,0,L182_S02_T002,0.20164081
L182,L182_S02,L182_S02_Q02,3,Q0002,F1,1,L182_S02_T007,0.27284228
L182,L182_S02,L182_S02_Q03,3,Q0015,F5,1,L182_S02_T012,0.2646378
L182,L182_S02,L182_S02_Q04,3,Q0004,F2,0,L182_S02_T017,0.29047294
L182,L182_S02,L182_S02_Q05,3,Q0003,F1,1,L182_S02_T022,0.47500358
L182,L182_S03,L182_S03_Q01,6,Q0007,F3,0,L182_S03_T002,0.31057643
L182,L182_S03,L182_S03_Q02,6,Q0010,F4,0,L182_S03_T007,0.19817951
L182,L182_S03,L182_S03_Q03,6,Q0010,F4,0,L182_S03_T012,0.24276325
L182,L182_S03,L182_S03_Q04,6,Q0009,F3,1,L182_S03_T017,0.34891055
L182,L182_S03,L182_S03_Q05,6,Q0024,F8,0,L182_S03_T022,0.23412585
L182,L182_S04,L182_S04_Q01,8,Q0020,F7,0,L182_S04_T002,0.22349172
L182,L182_S04,L182_S04_Q02,8,Q0006,F2,0,L182_S04_T007,0.30374636
L182,L182_S04,L182_S04_Q03,8,Q0019,F7,1,L182_S04_T012,0.26666803
L182,L182_S04,L182_S04_Q04,8,Q0021,F7,1,L182_S04_T017,0.47054587
L182,L182_S04,L182_S04_Q05,8,Q0022,F8,0,L182_S04_T022,0.26771002
L182,L182_S05,L182_S05_Q01,11,Q0013,F5,0,L182_S05_T002,0.41096099
L182,L182_S05,L182_S05_Q02,11,Q0022,F8,0,L182_S05_T007,0.29350189
L182,L182_S05,L182_S05_Q03,11,Q0021,F7,1,L182_S05_T012,0.58784802
L182,L182_S05,L182_S05_Q04,11,Q0011,F4,0,L182_S05_T017,0.2622646
L182,L182_S05,L182_S05_Q05,11,Q0012,F4,1,L182_S05_T022,0.30328501
L182,L182_S06,L182_S06_Q01,13,Q0004,F2,0,L182_S06_T002,0.31528708
L182,L182_S06,L182_S06_Q02,13,Q0021,F7,1,L182_S06_T007,0.67958403
L182,L182_S06,L182_S06_Q03,13,Q0007,F3,1,L182_S06_T012,0.47200623
L182,L182_S06,L182_S06_Q04,13,Q0016,F6,1,L182_S06_T017,0.44314318
L182,L182_S06,L182_S06_Q05,13,Q0001,F1,1,L182_S06_T022,0.52632771
L182,L182_S07,L182_S07_Q01,16,Q0024,F8,1,L182_S07_T002,0.30637991
L182,L182_S07,L182_S07_Q02,16,Q0004,F2,1,L182_S07_T007,0.33625915
L182,L182_S07,L182_S07_Q03,16,Q0015,F5,0,L182_S07_T012,0.40850612
L182,L182_S07,L182_S07_Q04,16,Q0006,F2,1,L182_S07_T017,0.52078956
L182,L182_S07,L182_S07_Q05,16,Q0012,F4,1,L182_S07_T022,0.4575487
L182,L182_S08,L182_S08_Q01,18,Q0002,F1,1,L182_S08_T002,0.60580452
L182,L182_S08,L182_S08_Q02,18,Q0006,F2,1,L182_S08_T007,0.63274373
L182,L182_S08,L182_S08_Q03,18,Q0023,F8,0,L182_S08_T012,0.48297869
L182,L182_S08,L182_S08_Q04,18,Q0008,F3,1,L182_S08_T017,0.56969719
L182,L182_S08,L182_S08_Q05,18,Q0018,F6,1,L182_S08_T022,0.55051201
L183,L183_S01,L183_S01_Q01,1,Q0005,F2,1,L183_S01_T002,0.2945596
L183,L183_S01,L183_S01_Q02,1,Q0024,F8,0,L183_S01_T007,0.12947312
L183,L183_S01,L183_S01_Q03,1,Q0016,F6,0,L183_S01_T012,0.22354493
L183,L183_S01,L183_S01_Q04,1,Q0012,F4,1,L183_S01_T017,0.15940837
L183,L183_S01,L183_S01_Q05,1,Q0007,F3,0,L183_S01_T022,0.21797839
L183,L183_S02,L183_S02_Q01,3,Q0022,F8,0,L183_S02_T002,0.17301196
L183,L183_S02,L183_S02_Q02,3,Q0019,F7,0,L183_S02_T007,0.2209298
L183,L183_S02,L183_S02_Q03,3,Q0012,F4,0,L183_S02_T012,0.38046359
L183,L183_S02,L183_S02_Q04,3,Q0008,F3,0,L183_S02_T017,0.25472264
L183,L183_S02,L183_S02_Q05,3,Q0015,F5,0,L183_S02_T022,0.17702389
L183,L183_S03,L183_S03_Q01,6,Q0013,F5,0,L183_S03_T002,0.21437121
L183,L183_S03,L183_S03_Q02,6,Q0012,F4,0,L183_S03_T007,0.39999249
L183,L183_S03,L183_S03_Q03,6,Q0006,F2,0,L183_S03_T012,0.4597838
L183,L183_S03,L183_S03_Q04,6,Q0013,F5,0,L183_S03_T017,0.25738743
L183,L183_S03,L183_S03_Q05,6,Q0023,F8,0,L183_S03_T022,0.21071066
L183,L183_S04,L183_S04_Q01,8,Q0003,F1,0,L183_S04_T002,0.31740244
L183,L183_S04,L183_S04_Q02,8,Q0003,F1,1,L183_S04_T007,0.3547773
L183,L183_S04,L183_S04_Q03,8,Q0016,F6,0,L183_S04_T012,0.24499344
L183,L183_S04,L183_S04_Q04,8,Q0022,F8,0,L183_S04_T017,0.24801286
L183,L183_S04,L183_S04_Q05,8,Q0021,F7,0,L183_S04_T022,0.24850539
L183,L183_S05,L183_S05_Q01,11,Q0007,F3,1,L183_S05_T002,0.2689428
L183,L183_S05,L183_S05_Q02,11,Q0008,F3,0,L183_S05_T007,0.4690839
L183,L183_S05,L183_S05_Q03,11,Q0018,F6,0,L183_S05_T012,0.27638759
L183,L183_S05,L183_S05_Q04,11,Q0012,F4,1,L183_S05_T017,0.40807932
L183,L183_S05,L183_S05_Q05,11,Q0014,F5,1,L183_S05_T022,0.28099506
L183,L183_S06,L183_S06_Q01,13,Q0015,F5,1,L183_S06_T002,0.46670688
L183,L183_S06,L183_S06_Q02,13,Q0002,F1,1,L183_S06_T007,0.50101355
L183,L183_S06,L183_S06_Q03,13,Q0023,F8,0,L183_S06_T012,0.27264079
L183,L183_S06,L183_S06_Q04,13,Q0011,F4,0,L183_S06_T017,0.55684969
L183,L183_S06,L183_S06_Q05,13,Q0001,F1,0,L183_S06_T022,0.63762078
L183,L183_S07,L183_S07_Q01,16,Q0024,F8,0,L183_S07_T002,0.30161343
L183,L183_S07,L183_S07_Q02,16,Q0020,F7,0,L183_S07_T007,0.26359466
L183,L183_S07,L183_S07_Q03,16,Q0018,F6,0,L183_S07_T012,0.29792728
L183,L183_S07,L183_S07_Q04,16,Q0020,F7,1,L183_S07_T017,0.30391571
L183,L183_S07,L183_S07_Q05,16,Q0005,F2,1,L183_S07_T022,0.43496548
L183,L183_S08,L183_S08_Q01,18,Q0006,F2,1,L183_S08_T002,0.57592046
L183,L183_S08,L183_S08_Q02,18,Q0021,F7,0,L183_S08_T007,0.48296485
L183,L183_S08,L183_S08_Q03,18,Q0024,F8,0,L183_S08_T012,0.33193698
L183,L183_S08,L183_S08_Q04,18,Q0018,F6,0,L183_S08_T017,0.32853382
L183,L183_S08,L183_S08_Q05,18,Q0018,F6,1,L183_S08_T022,0.3652992
L184,L184_S01,L184_S01_Q01,1,Q0021,F7,0,L184_S01_T002,0.26503937
L184,L184_S01,L184_S01_Q02,1,Q0014,F5,1,L184_S01_T007,0.10067698
L184,L184_S01,L184_S01_Q03,1,Q0020,F7,0,L184_S01_T012,0.29360023
L184,L184_S01,L184_S01_Q04,1,Q0008,F3,1,L184_S01_T017,0.15939421
L184,L184_S01,L184_S01_Q05,1,Q0017,F6,1,L184_S01_T022,0.29712613
L184,L184_S02,L184_S02_Q01,3,Q0006,F2,0,L184_S02_T002,0.15557715
L184,L184_S02,L184_S02_Q02,3,Q0012,F4,1,L184_S02_T007,0.21328298
L184,L184_S02,L184_S02_Q03,3,Q0012,F4,0,L184_S02_T012,0.36614368
L184,L184_S02,L184_S02_Q04,3,Q0002,F1,0,L184_S02_T017,0.30349272
L184,L184_S02,L184_S02_Q05,3,Q0004,F2,0,L184_S02_T022,0.18839176
L184,L184_S03,L184_S03_Q01,6,Q0013,F5,1,L184_S03_T002,0.257359
L184,L184_S03,L184_S03_Q02,6,Q0017,F6,0,L184_S03_T007,0.40525985
L184,L184_S03,L184_S03_Q03,6,Q0023,F8,0,L184_S03_T012,0.26345601
L184,L184_S03,L184_S03_Q04,6,Q0009,F3,1,L184_S03_T017,0.30156549
L184,L184_S03,L184_S03_Q05,6,Q0007,F3,0,L184_S03_T022,0.43727272
L184,L184_S04,L184_S04_Q01,8,Q0005,F2,0,L184_S04_T002,0.20551098
L184,L184_S04,L184_S04_Q02,8,Q0005,F2,0,L184_S04_T007,0.23638514
L184,L184_S04,L184_S04_Q03,8,Q0022,F8,0,L184_S04_T012,0.28426196
L184,L184_S04,L184_S04_Q04,8,Q0003,F1,1,L184_S04_T017,0.30888554
L184,L184_S04,L184_S04_Q05,8,Q0004,F2,0,L184_S04_T022,0.26605952
L184,L184_S05,L184_S05_Q01,11,Q0024,F8,1,L184_S05_T002,0.2996326
L184,L184_S05,L184_S05_Q02,11,Q0023,F8,0,L184_S05_T007,0.43571539
L184,L184_S05,L184_S05_Q03,11,Q0021,F7,0,L184_S05_T012,0.28033077
L184,L184_S05,L184_S05_Q04,11,Q0006,F2,0,L184_S05_T017,0.28283509
L184,L184_S05,L184_S05_Q05,11,Q0016,F6,1,L184_S05_T022,0.40028471
L184,L184_S06,L184_S06_Q01,13,Q0004,F2,0,L184_S06_T002,0.3023895
L184,L184_S06,L184_S06_Q02,13,Q0021,F7,1,L184_S06_T007,0.30004691
L184,L184_S06,L184_S06_Q03,13,Q0007,F3,0,L184_S06_T012,0.41755448
L184,L184_S06,L184_S06_Q04,13,Q0005,F2,1,L184_S06_T017,0.32949893
L184,L184_S06,L184_S06_Q05,13,Q0010,F4,0,L184_S06_T022,0.34121168
L184,L184_S07,L184_S07_Q01,16,Q0010,F4,1,L184_S07_T002,0.35218675
L184,L184_S07,L184_S07_Q02,16,Q0003,F1,1,L184_S07_T007,0.39760147
L184,L184_S07,L184_S07_Q03,16,Q0017,F6,0,L184_S07_T012,0.48292494
L184,L184_S07,L184_S07_Q04,16,Q0009,F3,0,L184_S07_T017,0.42263716
L184,L184_S07,L184_S07_Q05,16,Q0012,F4,1,L184_S07_T022,0.47805817
L184,L184_S08,L184_S08_Q01,18,Q0001,F1,1,L184_S08_T002,0.50087595
L184,L184_S08,L184_S08_Q02,18,Q0020,F7,1,L184_S08_T007,0.40745882
L184,L184_S08,L184_S08_Q03,18,Q0015,F5,0,L184_S08_T012,0.34132619
L184,L184_S08,L184_S08_Q04,18,Q0004,F2,1,L184_S08_T017,0.42963239
L184,L184_S08,L184_S08_Q05,18,Q0013,F5,1,L184_S08_T022,0.36692252
L185,L185_S01,L185_S01_Q01,1,Q0021,F7,1,L185_S01_T002,0.17248283
L185,L185_S01,L185_S01_Q02,1,Q0012,F4,0,L185_S01_T007,0.12484464
L185,L185_S01,L185_S01_Q03,1,Q0017,F6,0,L185_S01_T012,0.15517699
L185,L185_S01,L185_S01_Q04,1,Q0024,F8,1,L185_S01_T017,0.32650123
L185,L185_S01,L185_S01_Q05,1,Q0012,F4,0,L185_S01_T022,0.16868746
L185,L185_S02,L185_S02_Q01,3,Q0003,F1,1,L185_S02_T002,0.26960181
L185,L185_S02,L185_S02_Q02,3,Q0018,F6,0,L185_S02_T007,0.19290046
L185,L185_S02,L185_S02_Q03,3,Q0015,F5,1,L185_S02_T012,0.27358871
L185,L185_S02,L185_S02_Q04,3,Q0008,F3,0,L185_S02_T017,0.31310294
L185,L185_S02,L185_S02_Q05,3,Q0012,F4,0,L185_S02_T022,0.20543519
L185,L185_S03,L185_S03_Q01,6,Q0007,F3,1,L185_S03_T002,0.33544506
L185,L185_S03,L185_S03_Q02,6,Q0006,F2,0,L185_S03_T007,0.21270999
L185,L185_S03,L185_S03_Q03,6,Q0011,F4,0,L185_S03_T012,0.23672323
L185,L185_S03,L185_S03_Q04,6,Q0018,F6,0,L185_S03_T017,0.22522998
L185,L185_S03,L185_S03_Q05,6,Q0019,F7,1,L185_S03_T022,0.35803715
L185,L185_S04,L185_S04_Q01,8,Q0002,F1,0,L185_S04_T002,0.42666461
L185,L185_S04,L185_S04_Q02,8,Q0006,F2,0,L185_S04_T007,0.24627839
L185,L185_S04,L185_S04_Q03,8,Q0024,F8,0,L185_S04_T012,0.45599813
L185,L185_S04,L185_S04_Q04,8,Q0005,F2,0,L185_S04_T017,0.28403772
L185,L185_S04,L185_S04_Q05,8,Q0014,F5,0,L185_S04_T022,0.42948187
L185,L185_S05,L185_S05_Q01,11,Q0018,F6,0,L185_S05_T002,0.24893729
L185,L185_S05,L185_S05_Q02,11,Q0022,F8,0,L185_S05_T007,0.46646735
L185,L185_S05,L185_S05_Q03,11,Q0009,F3,0,L185_S05_T012,0.4731916
L185,L185_S05,L185_S05_Q04,11,Q0010,F4,0,L185_S05_T017,0.25923014
L185,L185_S05,L185_S05_Q05,11,Q0010,F4,1,L185_S05_T022,0.29634063
L185,L185_S06,L185_S06_Q01,13,Q0016,F6,1,L185_S06_T002,0.27988933
L185,L185_S06,L185_S06_Q02,13,Q0015,F5,1,L185_S06_T007,0.43185648
L185,L185_S06,L185_S06_Q03,13,Q0019,F7,1,L185_S06_T012,0.47776344
L185,L185_S06,L185_S06_Q04,13,Q0007,F3,1,L185_S06_T017,0.48794789
L185,L185_S06,L185_S06_Q05,13,Q0021,F7,0,L185_S06_T022,0.60857636
L185,L185_S07,L185_S07_Q01,16,Q0005,F2,0,L185_S07_T002,0.29112803
L185,L185_S07,L185_S07_Q02,16,Q0001,F1,1,L185_S07_T007,0.41442232
L185,L185_S07,L185_S07_Q03,16,Q0006,F2,0,L185_S07_T012,0.32664052
L185,L185_S07,L185_S07_Q04,16,Q0017,F6,1,L185_S07_T017,0.44428145
L185,L185_S07,L185_S07_Q05,16,Q0006,F2,0,L185_S07_T022,0.36037394
L185,L185_S08,L185_S08_Q01,18,Q0003,F1,0,L185_S08_T002,0.54803321
L185,L185_S08,L185_S08_Q02,18,Q0005,F2,0,L185_S08_T007,0.38327798
L185,L185_S08,L185_S08_Q03,18,Q0015,F5,1,L185_S08_T012,0.54131907
L185,L185_S08,L185_S08_Q04,18,Q0022,F8,1,L185_S08_T017,0.45414968
L185,L185_S08,L185_S08_Q05,18,Q0004,F2,1,L185_S08_T022,0.41417402
L186,L186_S01,L186_S01_Q01,1,Q0002,F1,1,L186_S01_T002,0.24317123
L186,L186_S01,L186_S01_Q02,1,Q0013,F5,0,L186_S01_T007,0.10194837
L186,L186_S01,L186_S01_Q03,1,Q0004,F2,0,L186_S01_T012,0.10845277
L186,L186_S01,L186_S01_Q04,1,Q0010,F4,1,L186_S01_T017,0.24723892
L186,L186_S01,L186_S01_Q05,1,Q0009,F3,0,L186_S01_T022,0.22276486
L186,L186_S02,L186_S02_Q01,3,Q0016,F6,0,L186_S02_T002,0.28325336
L186,L186_S02,L186_S02_Q02,3,Q0003,F1,0,L186_S02_T007,0.44889785
L186,L186_S02,L186_S02_Q03,3,Q0023,F8,0,L186_S02_T012,0.14424434
L186,L186_S02,L186_S02_Q04,3,Q0016,F6,0,L186_S02_T017,0.32433481
L186,L186_S02,L186_S02_Q05,3,Q0023,F8,1,L186_S02_T022,0.19329332
L186,L186_S03,L186_S03_Q01,6,Q0007,F3,1,L186_S03_T002,0.25138568
L186,L186_S03,L186_S03_Q02,6,Q0015,F5,0,L186_S03_T007,0.14428011
L186,L186_S03,L186_S03_Q03,6,Q0021,F7,0,L186_S03_T012,0.31048471
L186,L186_S03,L186_S03_Q04,6,Q0021,F7,0,L186_S03_T017,0.35000536
L186,L186_S03,L186_S03_Q05,6,Q0006,F2,0,L186_S03_T022,0.15004635
L186,L186_S04,L186_S04_Q01,8,Q0006,F2,1,L186_S04_T002,0.19393806
L186,L186_S04,L186_S04_Q02,8,Q0015,F5,1,L186_S04_T007,0.18863426
L186,L186_S04,L186_S04_Q03,8,Q0010,F4,0,L186_S04_T012,0.42481346
L186,L186_S04,L186_S04_Q04,8,Q0014,F5,0,L186_S04_T017,0.42115776
L186,L186_S04,L186_S04_Q05,8,Q0004,F2,0,L186_S04_T022,0.42494158
L186,L186_S05,L186_S05_Q01,11,Q0016,F6,0,L186_S05_T002,0.329073
L186,L186_S05,L186_S05_Q02,11,Q0004,F2,1,L186_S05_T007,0.44133103
L186,L186_S05,L186_S05_Q03,11,Q0024,F8,1,L186_S05_T012,0.38474305
L186,L186_S05,L186_S05_Q04,11,Q0014,F5,1,L186_S05_T017,0.43789317
L186,L186_S05,L186_S05_Q05,11,Q0010,F4,0,L186_S05_T022,0.44121462
L186,L186_S06,L186_S06_Q01,13,Q0016,F6,1,L186_S06_T002,0.35860694
L186,L186_S06,L186_S06_Q02,13,Q0020,F7,0,L186_S06_T007,0.35534604
L186,L186_S06,L186_S06_Q03,13,Q0020,F7,1,L186_S06_T012,0.39229539
L186,L186_S06,L186_S06_Q04,13,Q0003,F1,0,L186_S06_T017,0.42493239
L186,L186_S06,L186_S06_Q05,13,Q0023,F8,0,L186_S06_T022,0.54744597
L186,L186_S07,L186_S07_Q01,16,Q0007,F3,0,L186_S07_T002,0.41205629
L186,L186_S07,L186_S07_Q02,16,Q0005,F2,0,L186_S07_T007,0.56559992
L186,L186_S07,L186_S07_Q03,16,Q0015,F5,0,L186_S07_T012,0.56329343
L186,L186_S07,L186_S07_Q04,16,Q0001,F1,1,L186_S07_T017,0.44132268
L186,L186_S07,L186_S07_Q05,16,Q0009,F3,0,L186_S07_T022,0.44575521
L186,L186_S08,L186_S08_Q01,18,Q0010,F4,0,L186_S08_T002,0.43424163
L186,L186_S08,L186_S08_Q02,18,Q0020,F7,1,L186_S08_T007,0.53270148
L186,L186_S08,L186_S08_Q03,18,Q0010,F4,0,L186_S08_T012,0.46666896
L186,L186_S08,L186_S08_Q04,18,Q0001,F1,1,L186_S08_T017,0.58683104
L186,L186_S08,L186_S08_Q05,18,Q0008,F3,1,L186_S08_T022,0.46593134
L187,L187_S01,L187_S01_Q01,1,Q0016,F6,1,L187_S01_T002,0.3010114
L187,L187_S01,L187_S01_Q02,1,Q0008,F3,0,L187_S01_T007,0.24758955
L187,L187_S01,L187_S01_Q03,1,Q0019,F7,0,L187_S01_T012,0.12853588
L187,L187_S01,L187_S01_Q04,1,Q0013,F5,0,L187_S01_T017,0.16096136
L187,L187_S01,L187_S01_Q05,1,Q0024,F8,0,L187_S01_T022,0.155137
L187,L187_S02,L187_S02_Q01,3,Q0022,F8,0,L187_S02_T002,0.19606581
L187,L187_S02,L187_S02_Q02,3,Q0015,F5,0,L187_S02_T007,0.20132777
L187,L187_S02,L187_S02_Q03,3,Q0001,F1,0,L187_S02_T012,0.19045982
L187,L187_S02,L187_S02_Q04,3,Q0008,F3,0,L187_S02_T017,0.27959109
L187,L187_S02,L187_S02_Q05,3,Q0006,F2,1,L187_S02_T022,0.28185471
L187,L187_S03,L187_S03_Q01,6,Q0020,F7,1,L187_S03_T002,0.16165049
L187,L187_S03,L187_S03_Q02,6,Q0023,F8,0,L187_S03_T007,0.22825659
L187,L187_S03,L187_S03_Q03,6,Q0012,F4,0,L187_S03_T012,0.14293465
L187,L187_S03,L187_S03_Q04,6,Q0011,F4,0,L187_S03_T017,0.19288275
L187,L187_S03,L187_S03_Q05,6,Q0001,F1,0,L187_S03_T022,0.22329593
L187,L187_S04,L187_S04_Q01,8,Q0013,F5,0,L187_S04_T002,0.22344452
L187,L187_S04,L187_S04_Q02,8,Q0004,F2,0,L187_S04_T007,0.44271495
L187,L187_S04,L187_S04_Q03,8,Q0011,F4,0,L187_S04_T012,0.23016681
L187,L187_S04,L187_S04_Q04,8,Q0012,F4,1,L187_S04_T017,0.27503118
L187,L187_S04,L187_S04_Q05,8,Q0016,F6,1,L187_S04_T022,0.4364572
L187,L187_S05,L187_S05_Q01,11,Q0013,F5,0,L187_S05_T002,0.25248361
L187,L187_S05,L187_S05_Q02,11,Q0014,F5,0,L187_S05_T007,0.29604741
L187,L187_S05,L187_S05_Q03,11,Q0021,F7,1,L187_S05_T012,0.3659315
L187,L187_S05,L187_S05_Q04,11,Q0011,F4,0,L187_S05_T017,0.45693128
L187,L187_S05,L187_S05_Q05,11,Q0019,F7,1,L187_S05_T022,0.55069286
L187,L187_S06,L187_S06_Q01,13,Q0023,F8,0,L187_S06_T002,0.23629205
L187,L187_S06,L187_S06_Q02,13,Q0016,F6,1,L187_S06_T007,0.54147116
L187,L187_S06,L187_S06_Q03,13,Q0002,F1,0,L187_S06_T012,0.23225207
L187,L187_S06,L187_S06_Q04,13,Q0018,F6,1,L187_S06_T017,0.67508198
L187,L187_S06,L187_S06_Q05,13,Q0010,F4,0,L187_S06_T022,0.46871865
L187,L187_S07,L187_S07_Q01,16,Q0008,F3,0,L187_S07_T002,0.24554352
L187,L187_S07,L187_S07_Q02,16,Q0009,F3,1,L187_S07_T007,0.28951176
L187,L187_S07,L187_S07_Q03,16,Q0022,F8,0,L187_S07_T012,0.26385221
L187,L187_S07,L187_S07_Q04,16,Q0002,F1,1,L187_S07_T017,0.26027729
L187,L187_S07,L187_S07_Q05,16,Q0005,F2,1,L187_S07_T022,0.40250824
L187,L187_S08,L187_S08_Q01,18,Q0002,F1,0,L187_S08_T002,0.45648216
L187,L187_S08,L187_S08_Q02,18,Q0006,F2,0,L187_S08_T007,0.55317127
L187,L187_S08,L187_S08_Q03,18,Q0013,F5,0,L187_S08_T012,0.29150115
L187,L187_S08,L187_S08_Q04,18,Q0009,F3,0,L187_S08_T017,0.47635586
L187,L187_S08,L187_S08_Q05,18,Q0024,F8,0,L187_S08_T022,0.29428342
L188,L188_S01,L188_S01_Q01,1,Q0007,F3,0,L188_S01_T002,0.18573419
L188,L188_S01,L188_S01_Q02,1,Q0017,F6,0,L188_S01_T007,0.34056624
L188,L188_S01,L188_S01_Q03,1,Q0011,F4,0,L188_S01_T012,0.10187309
L188,L188_S01,L188_S01_Q04,1,Q0011,F4,0,L188_S01_T017,0.13945246
L188,L188_S01,L188_S01_Q05,1,Q0009,F3,0,L188_S01_T022,0.21980465
L188,L188_S02,L188_S02_Q01,3,Q0002,F1,0,L188_S02_T002,0.12733861
L188,L188_S02,L188_S02_Q02,3,Q0004,F2,1,L188_S02_T007,0.2483498
L188,L188_S02,L188_S02_Q03,3,Q0001,F1,0,L188_S02_T012,0.16385245
L188,L188_S02,L188_S02_Q04,3,Q0021,F7,1,L188_S02_T017,0.33515008
L188,L188_S02,L188_S02_Q05,3,Q0014,F5,0,L188_S02_T022,0.21409688
L188,L188_S03,L188_S03_Q01,6,Q0023,F8,0,L188_S03_T002,0.19034027
L188,L188_S03,L188_S03_Q02,6,Q0002,F1,0,L188_S03_T007,0.1925755
L188,L188_S03,L188_S03_Q03,6,Q0005,F2,0,L188_S03_T012,0.3928267
L188,L188_S03,L188_S03_Q04,6,Q0012,F4,0,L188_S03_T017,0.16634549
L188,L188_S03,L188_S03_Q05,6,Q0015,F5,0,L188_S03_T022,0.23920123
L188,L188_S04,L188_S04_Q01,8,Q0010,F4,1,L188_S04_T002,0.19697923
L188,L188_S04,L188_S04_Q02,8,Q0016,F6,0,L188_S04_T007,0.34166661
L188,L188_S04,L188_S04_Q03,8,Q0022,F8,1,L188_S04_T012,0.21948467
L188,L188_S04,L188_S04_Q04,8,Q0020,F7,1,L188_S04_T017,0.44960937
L188,L188_S04,L188_S04_Q05,8,Q0003,F1,0,L188_S04_T022,0.22158117
L188,L188_S05,L188_S05_Q01,11,Q0016,F6,0,L188_S05_T002,0.35758315
L188,L188_S05,L188_S05_Q02,11,Q0021,F7,0,L188_S05_T007,0.5469678
L188,L188_S05,L188_S05_Q03,11,Q0015,F5,0,L188_S05_T012,0.25695609
L188,L188_S05,L188_S05_Q04,11,Q0007,F3,0,L188_S05_T017,0.22690454
L188,L188_S05,L188_S05_Q05,11,Q0022,F8,0,L188_S05_T022,0.37071942
L188,L188_S06,L188_S06_Q01,13,Q0012,F4,1,L188_S06_T002,0.34602074
L188,L188_S06,L188_S06_Q02,13,Q0004,F2,1,L188_S06_T007,0.38813722
L188,L188_S06,L188_S06_Q03,13,Q0003,F1,0,L188_S06_T012,0.24095024
L188,L188_S06,L188_S06_Q04,13,Q0008,F3,0,L188_S06_T017,0.25377944
L188,L188_S06,L188_S06_Q05,13,Q0021,F7,1,L188_S06_T022,0.55397668
L188,L188_S07,L188_S07_Q01,16,Q0001,F1,1,L188_S07_T002,0.26412056
L188,L188_S07,L188_S07_Q02,16,Q0022,F8,1,L188_S07_T007,0.37642566
L188,L188_S07,L188_S07_Q03,16,Q0015,F5,0,L188_S07_T012,0.2730844
L188,L188_S07,L188_S07_Q04,16,Q0009,F3,1,L188_S07_T017,0.27602578
L188,L188_S07,L188_S07_Q05,16,Q0007,F3,0,L188_S07_T022,0.4274882
L188,L188_S08,L188_S08_Q01,18,Q0005,F2,1,L188_S08_T002,0.48933457
L188,L188_S08,L188_S08_Q02,18,Q0010,F4,0,L188_S08_T007,0.45775925
L188,L188_S08,L188_S08_Q03,18,Q0015,F5,0,L188_S08_T012,0.29709296
L188,L188_S08,L188_S08_Q04,18,Q0001,F1,1,L188_S08_T017,0.40924797
L188,L188_S08,L188_S08_Q05,18,Q0016,F6,0,L188_S08_T022,0.35679824
L189,L189_S01,L189_S01_Q01,1,Q0022,F8,0,L189_S01_T002,0.2449514
L189,L189_S01,L189_S01_Q02,1,Q0016,F6,1,L189_S01_T007,0.15784581
L189,L189_S01,L189_S01_Q03,1,Q0007,F3,0,L189_S01_T012,0.21592537
L189,L189_S01,L189_S01_Q04,1,Q0012,F4,0,L189_S01_T017,0.1706246
L189,L189_S01,L189_S01_Q05,1,Q0008,F3,0,L189_S01_T022,0.24585646
L189,L189_S02,L189_S02_Q01,3,Q0006,F2,1,L189_S02_T002,0.22857252
L189,L189_S02,L189_S02_Q02,3,Q0015,F5,1,L189_S02_T007,0.26779943
L189,L189_S02,L189_S02_Q03,3,Q0001,F1,0,L189_S02_T012,0.3344737
L189,L189_S02,L189_S02_Q04,3,Q0022,F8,1,L189_S02_T017,0.26822125
L189,L189_S02,L189_S02_Q05,3,Q0003,F1,0,L189_S02_T022,0.35987935
L189,L189_S03,L189_S03_Q01,6,Q0011,F4,0,L189_S03_T002,0.19218271
L189,L189_S03,L189_S03_Q02,6,Q0012,F4,0,L189_S03_T007,0.22302014
L189,L189_S03,L189_S03_Q03,6,Q0011,F4,1,L189_S03_T012,0.25268039
L189,L189_S03,L189_S03_Q04,6,Q0010,F4,1,L189_S03_T017,0.39532042
L189,L189_S03,L189_S03_Q05,6,Q0009,F3,0,L189_S03_T022,0.26092897
L189,L189_S04,L189_S04_Q01,8,Q0005,F2,1,L189_S04_T002,0.35704554
L189,L189_S04,L189_S04_Q02,8,Q0016,F6,1,L189_S04_T007,0.29653688
L189,L189_S04,L189_S04_Q03,8,Q0021,F7,0,L189_S04_T012,0.2870378
L189,L189_S04,L189_S04_Q04,8,Q0019,F7,0,L189_S04_T017,0.31425426
L189,L189_S04,L189_S04_Q05,8,Q0013,F5,0,L189_S04_T022,0.38720015
L189,L189_S05,L189_S05_Q01,11,Q0013,F5,0,L189_S05_T002,0.39816398
L189,L189_S05,L189_S05_Q02,11,Q0004,F2,1,L189_S05_T007,0.46524255
L189,L189_S05,L189_S05_Q03,11,Q0006,F2,1,L189_S05_T012,0.56731109
L189,L189_S05,L189_S05_Q04,11,Q0014,F5,0,L189_S05_T017,0.42113833
L189,L189_S05,L189_S05_Q05,11,Q0019,F7,1,L189_S05_T022,0.33012656
L189,L189_S06,L189_S06_Q01,13,Q0008,F3,1,L189_S06_T002,0.26913009
L189,L189_S06,L189_S06_Q02,13,Q0008,F3,0,L189_S06_T007,0.40863038
L189,L189_S06,L189_S06_Q03,13,Q0017,F6,1,L189_S06_T012,0.40929127
L189,L189_S06,L189_S06_Q04,13,Q0016,F6,1,L189_S06_T017,0.52203917
L189,L189_S06,L189_S06_Q05,13,Q0023,F8,0,L189_S06_T022,0.36817113
L189,L189_S07,L189_S07_Q01,16,Q0020,F7,0,L189_S07_T002,0.43511241
L189,L189_S07,L189_S07_Q02,16,Q0002,F1,0,L189_S07_T007,0.33638704
L189,L189_S07,L189_S07_Q03,16,Q0003,F1,1,L189_S07_T012,0.36171965
L189,L189_S07,L189_S07_Q04,16,Q0008,F3,0,L189_S07_T017,0.41815219
L189,L189_S07,L189_S07_Q05,16,Q0011,F4,0,L189_S07_T022,0.4609957
L189,L189_S08,L189_S08_Q01,18,Q0024,F8,1,L189_S08_T002,0.37269912
L189,L189_S08,L189_S08_Q02,18,Q0010,F4,1,L189_S08_T007,0.4718034
L189,L189_S08,L189_S08_Q03,18,Q0014,F5,1,L189_S08_T012,0.41255858
L189,L189_S08,L189_S08_Q04,18,Q0002,F1,0,L189_S08_T017,0.47373928
L189,L189_S08,L189_S08_Q05,18,Q0024,F8,1,L189_S08_T022,0.49243131
L190,L190_S01,L190_S01_Q01,1,Q0023,F8,0,L190_S01_T002,0.13079132
L190,L190_S01,L190_S01_Q02,1,Q0003,F1,0,L190_S01_T007,0.13930819
L190,L190_S01,L190_S01_Q03,1,Q0014,F5,1,L190_S01_T012,0.30305693
L190,L190_S01,L190_S01_Q04,1,Q0017,F6,0,L190_S01_T017,0.12153389
L190,L190_S01,L190_S01_Q05,1,Q0020,F7,0,L190_S01_T022,0.14514199
L190,L190_S02,L190_S02_Q01,3,Q0017,F6,0,L190_S02_T002,0.16783223
L190,L190_S02,L190_S02_Q02,3,Q0002,F1,1,L190_S02_T007,0.18420777
L190,L190_S02,L190_S02_Q03,3,Q0017,F6,0,L190_S02_T012,0.21540551
L190,L190_S02,L190_S02_Q04,3,Q0012,F4,0,L190_S02_T017,0.23351179
L190,L190_S02,L190_S02_Q05,3,Q0006,F2,0,L190_S02_T022,0.26030327
L190,L190_S03,L190_S03_Q01,6,Q0019,F7,0,L190_S03_T002,0.18312649
L190,L190_S03,L190_S03_Q02,6,Q0009,F3,0,L190_S03_T007,0.26043724
L190,L190_S03,L190_S03_Q03,6,Q0022,F8,0,L190_S03_T012,0.17035539
L190,L190_S03,L190_S03_Q04,6,Q0005,F2,0,L190_S03_T017,0.29228586
L190,L190_S03,L190_S03_Q05,6,Q0015,F5,0,L190_S03_T022,0.47408862
L190,L190_S04,L190_S04_Q01,8,Q0024,F8,0,L190_S04_T002,0.21281169
L190,L190_S04,L190_S04_Q02,8,Q0007,F3,0,L190_S04_T007,0.29580447
L190,L190_S04,L190_S04_Q03,8,Q0019,F7,0,L190_S04_T012,0.22457775
L190,L190_S04,L190_S04_Q04,8,Q0011,F4,0,L190_S04_T017,0.26176945
L190,L190_S04,L190_S04_Q05,8,Q0018,F6,0,L190_S04_T022,0.24565613
L190,L190_S05,L190_S05_Q01,11,Q0012,F4,0,L190_S05_T002,0.29362115
L190,L190_S05,L190_S05_Q02,11,Q0023,F8,0,L190_S05_T007,0.24903408
L190,L190_S05,L190_S05_Q03,11,Q0020,F7,0,L190_S05_T012,0.25974973
L190,L190_S05,L190_S05_Q04,11,Q0019,F7,0,L190_S05_T017,0.30206828
L190,L190_S05,L190_S05_Q05,11,Q0018,F6,0,L190_S05_T022,0.27894634
L190,L190_S06,L190_S06_Q01,13,Q0006,F2,0,L190_S06_T002,0.30690293
L190,L190_S06,L190_S06_Q02,13,Q0003,F1,0,L190_S06_T007,0.37186803
L190,L190_S06,L190_S06_Q03,13,Q0001,F1,1,L190_S06_T012,0.40777701
L190,L190_S06,L190_S06_Q04,13,Q0020,F7,1,L190_S06_T017,0.33415931
L190,L190_S06,L190_S06_Q05,13,Q0024,F8,0,L190_S06_T022,0.28529868
L190,L190_S07,L190_S07_Q01,16,Q0022,F8,0,L190_S07_T002,0.31504981
L190,L190_S07,L190_S07_Q02,16,Q0018,F6,0,L190_S07_T007,0.30220304
L190,L190_S07,L190_S07_Q03,16,Q0013,F5,0,L190_S07_T012,0.4491655
L190,L190_S07,L190_S07_Q04,16,Q0012,F4,0,L190_S07_T017,0.3152626
L190,L190_S07,L190_S07_Q05,16,Q0007,F3,0,L190_S07_T022,0.30640358
L190,L190_S08,L190_S08_Q01,18,Q0013,F5,1,L190_S08_T002,0.46968059
L190,L190_S08,L190_S08_Q02,18,Q0018,F6,0,L190_S08_T007,0.33428347
L190,L190_S08,L190_S08_Q03,18,Q0024,F8,0,L190_S08_T012,0.34611925
L190,L190_S08,L190_S08_Q04,18,Q0006,F2,0,L190_S08_T017,0.32708246
L190,L190_S08,L190_S08_Q05,18,Q0008,F3,1,L190_S08_T022,0.33815344
L191,L191_S01,L191_S01_Q01,1,Q0006,F2,0,L191_S01_T002,0.12122667
L191,L191_S01,L191_S01_Q02,1,Q0020,F7,0,L191_S01_T007,0.13223695
L191,L191_S01,L191_S01_Q03,1,Q0015,F5,1,L191_S01_T012,0.19979859
L191,L191_S01,L191_S01_Q04,1,Q0004,F2,0,L191_S01_T017,0.16992318
L191,L191_S01,L191_S01_Q05,1,Q0019,F7,0,L191_S01_T022,0.18032333
L191,L191_S02,L191_S02_Q01,3,Q0003,F1,0,L191_S02_T002,0.20398703
L191,L191_S02,L191_S02_Q02,3,Q0024,F8,1,L191_S02_T007,0.27935631
L191,L191_S02,L191_S02_Q03,3,Q0017,F6,1,L191_S02_T012,0.21369999
L191,L191_S02,L191_S02_Q04,3,Q0012,F4,0,L191_S02_T017,0.21749498
L191,L191_S02,L191_S02_Q05,3,Q0021,F7,0,L191_S02_T022,0.21992045
L191,L191_S03,L191_S03_Q01,6,Q0024,F8,1,L191_S03_T002,0.46060636
L191,L191_S03,L191_S03_Q02,6,Q0004,F2,0,L191_S03_T007,0.20226177
L191,L191_S03,L191_S03_Q03,6,Q0008,F3,0,L191_S03_T012,0.30550606
L191,L191_S03,L191_S03_Q04,6,Q0003,F1,0,L191_S03_T017,0.23855767
L191,L191_S03,L191_S03_Q05,6,Q0004,F2,0,L191_S03_T022,0.24646778
L191,L191_S04,L191_S04_Q01,8,Q0012,F4,0,L191_S04_T002,0.24435474
L191,L191_S04,L191_S04_Q02,8,Q0015,F5,1,L191_S04_T007,0.38465817
L191,L191_S04,L191_S04_Q03,8,Q0016,F6,0,L191_S04_T012,0.40425979
L191,L191_S04,L191_S04_Q04,8,Q0008,F3,0,L191_S04_T017,0.33511535
L191,L191_S04,L191_S04_Q05,8,Q0020,F7,1,L191_S04_T022,0.24650087
L191,L191_S05,L191_S05_Q01,11,Q0010,F4,0,L191_S05_T002,0.27522225
L191,L191_S05,L191_S05_Q02,11,Q0023,F8,1,L191_S05_T007,0.57146373
L191,L191_S05,L191_S05_Q03,11,Q0003,F1,1,L191_S05_T012,0.26299165
L191,L191_S05,L191_S05_Q04,11,Q0006,F2,0,L191_S05_T017,0.26999075
L191,L191_S05,L191_S05_Q05,11,Q0020,F7,1,L191_S05_T022,0.43776752
L191,L191_S06,L191_S06_Q01,13,Q0013,F5,1,L191_S06_T002,0.52003194
L191,L191_S06,L191_S06_Q02,13,Q0008,F3,0,L191_S06_T007,0.3484288
L191,L191_S06,L191_S06_Q03,13,Q0019,F7,0,L191_S06_T012,0.57823134
L191,L191_S06,L191_S06_Q04,13,Q0002,F1,0,L191_S06_T017,0.45514083
L191,L191_S06,L191_S06_Q05,13,Q0006,F2,0,L191_S06_T022,0.30243367
L191,L191_S07,L191_S07_Q01,16,Q0008,F3,1,L191_S07_T002,0.36974906
L191,L191_S07,L191_S07_Q02,16,Q0004,F2,0,L191_S07_T007,0.3279733
L191,L191_S07,L191_S07_Q03,16,Q0011,F4,1,L191_S07_T012,0.29543357
L191,L191_S07,L191_S07_Q04,16,Q0014,F5,1,L191_S07_T017,0.62790752
L191,L191_S07,L191_S07_Q05,16,Q0010,F4,0,L191_S07_T022,0.49064843
L191,L191_S08,L191_S08_Q01,18,Q0002,F1,1,L191_S08_T002,0.45463096
L191,L191_S08,L191_S08_Q02,18,Q0018,F6,1,L191_S08_T007,0.38369748
L191,L191_S08,L191_S08_Q03,18,Q0018,F6,0,L191_S08_T012,0.55445698
L191,L191_S08,L191_S08_Q04,18,Q0004,F2,0,L191_S08_T017,0.35579002
L191,L191_S08,L191_S08_Q05,18,Q0023,F8,0,L191_S08_T022,0.62985421
L192,L192_S01,L192_S01_Q01,1,Q0024,F8,1,L192_S01_T002,0.11873045
L192,L192_S01,L192_S01_Q02,1,Q0001,F1,0,L192_S01_T007,0.12805619
L192,L192_S01,L192_S01_Q03,1,Q0015,F5,0,L192_S01_T012,0.24624461
L192,L192_S01,L192_S01_Q04,1,Q0016,F6,0,L192_S01_T017,0.3037249
L192,L192_S01,L192_S01_Q05,1,Q0004,F2,0,L192_S01_T022,0.25184956
L192,L192_S02,L192_S02_Q01,3,Q0021,F7,0,L192_S02_T002,0.306288
L192,L192_S02,L192_S02_Q02,3,Q0011,F4,1,L192_S02_T007,0.33415214
L192,L192_S02,L192_S02_Q03,3,Q0002,F1,1,L192_S02_T012,0.15629605
L192,L192_S02,L192_S02_Q04,3,Q0008,F3,0,L192_S02_T017,0.26382569
L192,L192_S02,L192_S02_Q05,3,Q0003,F1,1,L192_S02_T022,0.31445495
L192,L192_S03,L192_S03_Q01,6,Q0023,F8,1,L192_S03_T002,0.26468417
L192,L192_S03,L192_S03_Q02,6,Q0001,F1,0,L192_S03_T007,0.42469674
L192,L192_S03,L192_S03_Q03,6,Q0012,F4,1,L192_S03_T012,0.44004147
L192,L192_S03,L192_S03_Q04,6,Q0015,F5,0,L192_S03_T017,0.25589599
L192,L192_S03,L192_S03_Q05,6,Q0016,F6,1,L192_S03_T022,0.30747087
L192,L192_S04,L192_S04_Q01,8,Q0004,F2,1,L192_S04_T002,0.25370073
L192,L192_S04,L192_S04_Q02,8,Q0004,F2,1,L192_S04_T007,0.39360036
L192,L192_S04,L192_S04_Q03,8,Q0019,F7,0,L192_S04_T012,0.30977063
L192,L192_S04,L192_S04_Q04,8,Q0024,F8,1,L192_S04_T017,0.39137996
L192,L192_S04,L192_S04_Q05,8,Q0009,F3,1,L192_S04_T022,0.27167082
L192,L192_S05,L192_S05_Q01,11,Q0015,F5,0,L192_S05_T002,0.2645558
L192,L192_S05,L192_S05_Q02,11,Q0014,F5,1,L192_S05_T007,0.29212876
L192,L192_S05,L192_S05_Q03,11,Q0019,F7,0,L192_S05_T012,0.32180546
L192,L192_S05,L192_S05_Q04,11,Q0001,F1,0,L192_S05_T017,0.41601429
L192,L192_S05,L192_S05_Q05,11,Q0023,F8,1,L192_S05_T022,0.48462371
L192,L192_S06,L192_S06_Q01,13,Q0017,F6,1,L192_S06_T002,0.39636104
L192,L192_S06,L192_S06_Q02,13,Q0006,F2,1,L192_S06_T007,0.47288756
L192,L192_S06,L192_S06_Q03,13,Q0023,F8,1,L192_S06_T012,0.56514208
L192,L192_S06,L192_S06_Q04,13,Q0020,F7,1,L192_S06_T017,0.33761804
L192,L192_S06,L192_S06_Q05,13,Q0007,F3,1,L192_S06_T022,0.38053062
L192,L192_S07,L192_S07_Q01,16,Q0012,F4,1,L192_S07_T002,0.4736242
L192,L192_S07,L192_S07_Q02,16,Q0016,F6,0,L192_S07_T007,0.48850412
L192,L192_S07,L192_S07_Q03,16,Q0008,F3,1,L192_S07_T012,0.47617174
L192,L192_S07,L192_S07_Q04,16,Q0006,F2,1,L192_S07_T017,0.54812066
L192,L192_S07,L192_S07_Q05,16,Q0013,F5,0,L192_S07_T022,0.39602672
L192,L192_S08,L192_S08_Q01,18,Q0012,F4,0,L192_S08_T002,0.55645198
L192,L192_S08,L192_S08_Q02,18,Q0001,F1,0,L192_S08_T007,0.39692116
L192,L192_S08,L192_S08_Q03,18,Q0013,F5,0,L192_S08_T012,0.40707868
L192,L192_S08,L192_S08_Q04,18,Q0021,F7,0,L192_S08_T017,0.43048311
L192,L192_S08,L192_S08_Q05,18,Q0002,F1,1,L192_S08_T022,0.41953153
L193,L193_S01,L193_S01_Q01,1,Q0002,F1,0,L193_S01_T002,0.14443232
L193,L193_S01,L193_S01_Q02,1,Q0006,F2,0,L193_S01_T007,0.15494894
L193,L193_S01,L193_S01_Q03,1,Q0012,F4,1,L193_S01_T012,0.29129249
L193,L193_S01,L193_S01_Q04,1,Q0008,F3,0,L193_S01_T017,0.31687066
L193,L193_S01,L193_S01_Q05,1,Q0014,F5,0,L193_S01_T022,0.18911983
L193,L193_S02,L193_S02_Q01,3,Q0002,F1,0,L193_S02_T002,0.17002431
L193,L193_S02,L193_S02_Q02,3,Q0021,F7,0,L193_S02_T007,0.10592672
L193,L193_S02,L193_S02_Q03,3,Q0019,F7,0,L193_S02_T012,0.14016235
L193,L193_S02,L193_S02_Q04,3,Q0024,F8,0,L193_S02_T017,0.18702758
L193,L193_S02,L193_S02_Q05,3,Q0010,F4,0,L193_S02_T022,0.40970523
L193,L193_S03,L193_S03_Q01,6,Q0017,F6,1,L193_S03_T002,0.18121083
L193,L193_S03,L193_S03_Q02,6,Q0019,F7,0,L193_S03_T007,0.16268944
L193,L193_S03,L193_S03_Q03,6,Q0009,F3,1,L193_S03_T012,0.30937749
L193,L193_S03,L193_S03_Q04,6,Q0019,F7,0,L193_S03_T017,0.19475153
L193,L193_S03,L193_S03_Q05,6,Q0022,F8,0,L193_S03_T022,0.20505265
L193,L193_S04,L193_S04_Q01,8,Q0005,F2,0,L193_S04_T002,0.16209747
L193,L193_S04,L193_S04_Q02,8,Q0018,F6,0,L193_S04_T007,0.3243008
L193,L193_S04,L193_S04_Q03,8,Q0013,F5,0,L193_S04_T012,0.19053689
L193,L193_S04,L193_S04_Q04,8,Q0002,F1,1,L193_S04_T017,0.18200826
L193,L193_S04,L193_S04_Q05,8,Q0020,F7,0,L193_S04_T022,0.21645876
L193,L193_S05,L193_S05_Q01,11,Q0013,F5,0,L193_S05_T002,0.20822485
L193,L193_S05,L193_S05_Q02,11,Q0005,F2,0,L193_S05_T007,0.1825174
L193,L193_S05,L193_S05_Q03,11,Q0022,F8,0,L193_S05_T012,0.21239058
L193,L193_S05,L193_S05_Q04,11,Q0004,F2,0,L193_S05_T017,0.21382024
L193,L193_S05,L193_S05_Q05,11,Q0016,F6,1,L193_S05_T022,0.329139
L193,L193_S06,L193_S06_Q01,13,Q0013,F5,0,L193_S06_T002,0.22889192
L193,L193_S06,L193_S06_Q02,13,Q0018,F6,1,L193_S06_T007,0.4390676
L193,L193_S06,L193_S06_Q03,13,Q0021,F7,0,L193_S06_T012,0.22228383
L193,L193_S06,L193_S06_Q04,13,Q0022,F8,1,L193_S06_T017,0.23273604
L193,L193_S06,L193_S06_Q05,13,Q0021,F7,1,L193_S06_T022,0.25206394
L193,L193_S07,L193_S07_Q01,16,Q0012,F4,0,L193_S07_T002,0.33052537
L193,L193_S07,L193_S07_Q02,16,Q0008,F3,0,L193_S07_T007,0.35920989
L193,L193_S07,L193_S07_Q03,16,Q0006,F2,0,L193_S07_T012,0.21999527
L193,L193_S07,L193_S07_Q04,16,Q0012,F4,1,L193_S07_T017,0.35616072
L193,L193_S07,L193_S07_Q05,16,Q0014,F5,0,L193_S07_T022,0.24289538
L193,L193_S08,L193_S08_Q01,18,Q0002,F1,0,L193_S08_T002,0.275441
L193,L193_S08,L193_S08_Q02,18,Q0009,F3,0,L193_S08_T007,0.36822057
L193,L193_S08,L193_S08_Q03,18,Q0005,F2,0,L193_S08_T012,0.23975363
L193,L193_S08,L193_S08_Q04,18,Q0015,F5,0,L193_S08_T017,0.2608858
L193,L193_S08,L193_S08_Q05,18,Q0003,F1,0,L193_S08_T022,0.30318563
L194,L194_S01,L194_S01_Q01,1,Q0024,F8,1,L194_S01_T002,0.22873617
L194,L194_S01,L194_S01_Q02,1,Q0003,F1,0,L194_S01_T007,0.26234545
L194,L194_S01,L194_S01_Q03,1,Q0001,F1,0,L194_S01_T012,0.29619035
L194,L194_S01,L194_S01_Q04,1,Q0013,F5,0,L194_S01_T017,0.28182531
L194,L194_S01,L194_S01_Q05,1,Q0009,F3,1,L194_S01_T022,0.30270505
L194,L194_S02,L194_S02_Q01,3,Q0016,F6,0,L194_S02_T002,0.24527127
L194,L194_S02,L194_S02_Q02,3,Q0006,F2,1,L194_S02_T007,0.23102119
L194,L194_S02,L194_S02_Q03,3,Q0021,F7,0,L194_S02_T012,0.28969481
L194,L194_S02,L194_S02_Q04,3,Q0012,F4,1,L194_S02_T017,0.27158552
L194,L194_S02,L194_S02_Q05,3,Q0017,F6,0,L194_S02_T022,0.27989957
L194,L194_S03,L194_S03_Q01,6,Q0011,F4,0,L194_S03_T002,0.41724803
L194,L194_S03,L194_S03_Q02,6,Q0017,F6,0,L194_S03_T007,0.29764326
L194,L194_S03,L194_S03_Q03,6,Q0008,F3,0,L194_S03_T012,0.42559757
L194,L194_S03,L194_S03_Q04,6,Q0013,F5,0,L194_S03_T017,0.28955386
L194,L194_S03,L194_S03_Q05,6,Q0022,F8,0,L194_S03_T022,0.37316512
L194,L194_S04,L194_S04_Q01,8,Q0010,F4,0,L194_S04_T002,0.42939784
L194,L194_S04,L194_S04_Q02,8,Q0006,F2,1,L194_S04_T007,0.37478484
L194,L194_S04,L194_S04_Q03,8,Q0005,F2,0,L194_S04_T012,0.51821477
L194,L194_S04,L194_S04_Q04,8,Q0002,F1,1,L194_S04_T017,0.29223355
L194,L194_S04,L194_S04_Q05,8,Q0021,F7,0,L194_S04_T022,0.29646065
L194,L194_S05,L194_S05_Q01,11,Q0016,F6,1,L194_S05_T002,0.30343673
L194,L194_S05,L194_S05_Q02,11,Q0014,F5,0,L194_S05_T007,0.29633694
L194,L194_S05,L194_S05_Q03,11,Q0005,F2,1,L194_S05_T012,0.51391023
L194,L194_S05,L194_S05_Q04,11,Q0021,F7,0,L194_S05_T017,0.31267215
L194,L194_S05,L194_S05_Q05,11,Q0013,F5,0,L194_S05_T022,0.32862225
L194,L194_S06,L194_S06_Q01,13,Q0022,F8,0,L194_S06_T002,0.35757195
L194,L194_S06,L194_S06_Q02,13,Q0008,F3,1,L194_S06_T007,0.40207813
L194,L194_S06,L194_S06_Q03,13,Q0014,F5,0,L194_S06_T012,0.34761671
L194,L194_S06,L194_S06_Q04,13,Q0006,F2,0,L194_S06_T017,0.60487423
L194,L194_S06,L194_S06_Q05,13,Q0021,F7,1,L194_S06_T022,0.33289845
L194,L194_S07,L194_S07_Q01,16,Q0024,F8,0,L194_S07_T002,0.36812962
L194,L194_S07,L194_S07_Q02,16,Q0010,F4,0,L194_S07_T007,0.39858984
L194,L194_S07,L194_S07_Q03,16,Q0018,F6,0,L194_S07_T012,0.42611622
L194,L194_S07,L194_S07_Q04,16,Q0001,F1,0,L194_S07_T017,0.39773539
L194,L194_S07,L194_S07_Q05,16,Q0009,F3,1,L194_S07_T022,0.51288949
L194,L194_S08,L194_S08_Q01,18,Q0014,F5,0,L194_S08_T002,0.34729674
L194,L194_S08,L194_S08_Q02,18,Q0010,F4,1,L194_S08_T007,0.41218064
L194,L194_S08,L194_S08_Q03,18,Q0013,F5,0,L194_S08_T012,0.37724392
L194,L194_S08,L194_S08_Q04,18,Q0015,F5,0,L194_S08_T017,0.40581708
L194,L194_S08,L194_S08_Q05,18,Q0003,F1,0,L194_S08_T022,0.41139218
L195,L195_S01,L195_S01_Q01,1,Q0015,F5,0,L195_S01_T002,0.19750643
L195,L195_S01,L195_S01_Q02,1,Q0011,F4,0,L195_S01_T007,0.10241335
L195,L195_S01,L195_S01_Q03,1,Q0005,F2,0,L195_S01_T012,0.12344885
L195,L195_S01,L195_S01_Q04,1,Q0002,F1,1,L195_S01_T017,0.27824682
L195,L195_S01,L195_S01_Q05,1,Q0019,F7,0,L195_S01_T022,0.23560065
L195,L195_S02,L195_S02_Q01,3,Q0010,F4,0,L195_S02_T002,0.14334202
L195,L195_S02,L195_S02_Q02,3,Q0020,F7,1,L195_S02_T007,0.26526179
L195,L195_S02,L195_S02_Q03,3,Q0009,F3,0,L195_S02_T012,0.17375264
L195,L195_S02,L195_S02_Q04,3,Q0004,F2,0,L195_S02_T017,0.16259793
L195,L195_S02,L195_S02_Q05,3,Q0024,F8,0,L195_S02_T022,0.26425046
L195,L195_S03,L195_S03_Q01,6,Q0016,F6,1,L195_S03_T002,0.15594918
L195,L195_S03,L195_S03_Q02,6,Q0001,F1,1,L195_S03_T007,0.42418513
L195,L195_S03,L195_S03_Q03,6,Q0008,F3,0,L195_S03_T012,0.20496156
L195,L195_S03,L195_S03_Q04,6,Q0023,F8,0,L195_S03_T017,0.28634043
L195,L195_S03,L195_S03_Q05,6,Q0012,F4,0,L195_S03_T022,0.17761524
L195,L195_S04,L195_S04_Q01,8,Q0014,F5,0,L195_S04_T002,0.21075375
L195,L195_S04,L195_S04_Q02,8,Q0012,F4,1,L195_S04_T007,0.21218189
L195,L195_S04,L195_S04_Q03,8,Q0006,F2,1,L195_S04_T012,0.18810702
L195,L195_S04,L195_S04_Q04,8,Q0004,F2,1,L195_S04_T017,0.39673015
L195,L195_S04,L195_S04_Q05,8,Q0018,F6,0,L195_S04_T022,0.35978394
L195,L195_S05,L195_S05_Q01,11,Q0009,F3,0,L195_S05_T002,0.22486834
L195,L195_S05,L195_S05_Q02,11,Q0001,F1,1,L195_S05_T007,0.52338093
L195,L195_S05,L195_S05_Q03,11,Q0013,F5,0,L195_S05_T012,0.23823427
L195,L195_S05,L195_S05_Q04,11,Q0007,F3,1,L195_S05_T017,0.26470374
L195,L195_S05,L195_S05_Q05,11,Q0013,F5,1,L195_S05_T022,0.27738277
L195,L195_S06,L195_S06_Q01,13,Q0023,F8,0,L195_S06_T002,0.28514153
L195,L195_S06,L195_S06_Q02,13,Q0012,F4,1,L195_S06_T007,0.37928011
L195,L195_S06,L195_S06_Q03,13,Q0024,F8,0,L195_S06_T012,0.32187939
L195,L195_S06,L195_S06_Q04,13,Q0021,F7,1,L195_S06_T017,0.37995731
L195,L195_S06,L195_S06_Q05,13,Q0001,F1,1,L195_S06_T022,0.62324349
L195,L195_S07,L195_S07_Q01,16,Q0015,F5,0,L195_S07_T002,0.42359783
L195,L195_S07,L195_S07_Q02,16,Q0018,F6,1,L195_S07_T007,0.34052025
L195,L195_S07,L195_S07_Q03,16,Q0014,F5,1,L195_S07_T012,0.45322016
L195,L195_S07,L195_S07_Q04,16,Q0004,F2,0,L195_S07_T017,0.4784502
L195,L195_S07,L195_S07_Q05,16,Q0009,F3,0,L195_S07_T022,0.41497976
L195,L195_S08,L195_S08_Q01,18,Q0022,F8,1,L195_S08_T002,0.32632457
L195,L195_S08,L195_S08_Q02,18,Q0021,F7,0,L195_S08_T007,0.49331881
L195,L195_S08,L195_S08_Q03,18,Q0017,F6,1,L195_S08_T012,0.49212691
L195,L195_S08,L195_S08_Q04,18,Q0005,F2,0,L195_S08_T017,0.48756647
L195,L195_S08,L195_S08_Q05,18,Q0011,F4,1,L195_S08_T022,0.49285851
L196,L196_S01,L196_S01_Q01,1,Q0009,F3,0,L196_S01_T002,0.12492279
L196,L196_S01,L196_S01_Q02,1,Q0012,F4,0,L196_S01_T007,0.2221781
L196,L196_S01,L196_S01_Q03,1,Q0017,F6,1,L196_S01_T012,0.24317754
L196,L196_S01,L196_S01_Q04,1,Q0001,F1,0,L196_S01_T017,0.32967279
L196,L196_S01,L196_S01_Q05,1,Q0011,F4,1,L196_S01_T022,0.26254694
L196,L196_S02,L196_S02_Q01,3,Q0023,F8,0,L196_S02_T002,0.23790797
L196,L196_S02,L196_S02_Q02,3,Q0005,F2,1,L196_S02_T007,0.30124713
L196,L196_S02,L196_S02_Q03,3,Q0015,F5,0,L196_S02_T012,0.30033433
L196,L196_S02,L196_S02_Q04,3,Q0005,F2,0,L196_S02_T017,0.48257301
L196,L196_S02,L196_S02_Q05,3,Q0020,F7,0,L196_S02_T022,0.25184978
L196,L196_S03,L196_S03_Q01,6,Q0009,F3,1,L196_S03_T002,0.15602478
L196,L196_S03,L196_S03_Q02,6,Q0009,F3,0,L196_S03_T007,0.37503576
L196,L196_S03,L196_S03_Q03,6,Q0002,F1,0,L196_S03_T012,0.33383517
L196,L196_S03,L196_S03_Q04,6,Q0013,F5,1,L196_S03_T017,0.3193758
L196,L196_S03,L196_S03_Q05,6,Q0019,F7,1,L196_S03_T022,0.27576591
L196,L196_S04,L196_S04_Q01,8,Q0016,F6,0,L196_S04_T002,0.38874167
L196,L196_S04,L196_S04_Q02,8,Q0024,F8,1,L196_S04_T007,0.25414414
L196,L196_S04,L196_S04_Q03,8,Q0024,F8,1,L196_S04_T012,0.44769321
L196,L196_S04,L196_S04_Q04,8,Q0001,F1,1,L196_S04_T017,0.35569837
L196,L196_S04,L196_S04_Q05,8,Q0008,F3,0,L196_S04_T022,0.39341295
L196,L196_S05,L196_S05_Q01,11,Q0010,F4,0,L196_S05_T002,0.38083167
L196,L196_S05,L196_S05_Q02,11,Q0013,F5,0,L196_S05_T007,0.45431632
L196,L196_S05,L196_S05_Q03,11,Q0017,F6,0,L196_S05_T012,0.39889462
L196,L196_S05,L196_S05_Q04,11,Q0001,F1,1,L196_S05_T017,0.49606802
L196,L196_S05,L196_S05_Q05,11,Q0003,F1,0,L196_S05_T022,0.62683802
L196,L196_S06,L196_S06_Q01,13,Q0015,F5,0,L196_S06_T002,0.46598553
L196,L196_S06,L196_S06_Q02,13,Q0004,F2,1,L196_S06_T007,0.42740574
L196,L196_S06,L196_S06_Q03,13,Q0008,F3,0,L196_S06_T012,0.38918883
L196,L196_S06,L196_S06_Q04,13,Q0004,F2,1,L196_S06_T017,0.57599355
L196,L196_S06,L196_S06_Q05,13,Q0010,F4,0,L196_S06_T022,0.39871847
L196,L196_S07,L196_S07_Q01,16,Q0020,F7,0,L196_S07_T002,0.38904428
L196,L196_S07,L196_S07_Q02,16,Q0009,F3,1,L196_S07_T007,0.39929683
L196,L196_S07,L196_S07_Q03,16,Q0009,F3,1,L196_S07_T012,0.55517889
L196,L196_S07,L196_S07_Q04,16,Q0023,F8,1,L196_S07_T017,0.51357751
L196,L196_S07,L196_S07_Q05,16,Q0023,F8,0,L196_S07_T022,0.63980381
L196,L196_S08,L196_S08_Q01,18,Q0021,F7,0,L196_S08_T002,0.4062362
L196,L196_S08,L196_S08_Q02,18,Q0016,F6,1,L196_S08_T007,0.38035743
L196,L196_S08,L196_S08_Q03,18,Q0021,F7,0,L196_S08_T012,0.43705246
L196,L196_S08,L196_S08_Q04,18,Q0012,F4,0,L196_S08_T017,0.39379629
L196,L196_S08,L196_S08_Q05,18,Q0010,F4,0,L196_S08_T022,0.42525817
L197,L197_S01,L197_S01_Q01,1,Q0006,F2,0,L197_S01_T002,0.31596575
L197,L197_S01,L197_S01_Q02,1,Q0022,F8,1,L197_S01_T007,0.31202808
L197,L197_S01,L197_S01_Q03,1,Q0002,F1,0,L197_S01_T012,0.33852198
L197,L197_S01,L197_S01_Q04,1,Q0016,F6,0,L197_S01_T017,0.18996032
L197,L197_S01,L197_S01_Q05,1,Q0010,F4,0,L197_S01_T022,0.1563819
L197,L197_S02,L197_S02_Q01,3,Q0009,F3,0,L197_S02_T002,0.15677211
L197,L197_S02,L197_S02_Q02,3,Q0013,F5,0,L197_S02_T007,0.12893292
L197,L197_S02,L197_S02_Q03,3,Q0013,F5,1,L197_S02_T012,0.17318301
L197,L197_S02,L197_S02_Q04,3,Q0005,F2,1,L197_S02_T017,0.33887664
L197,L197_S02,L197_S02_Q05,3,Q0008,F3,1,L197_S02_T022,0.19960797
L197,L197_S03,L197_S03_Q01,6,Q0019,F7,0,L197_S03_T002,0.16425283
L197,L197_S03,L197_S03_Q02,6,Q0010,F4,0,L197_S03_T007,0.18284823
L197,L197_S03,L197_S03_Q03,6,Q0011,F4,1,L197_S03_T012,0.22435943
L197,L197_S03,L197_S03_Q04,6,Q0017,F6,1,L197_S03_T017,0.21209902
L197,L197_S03,L197_S03_Q05,6,Q0001,F1,1,L197_S03_T022,0.34151384
L197,L197_S04,L197_S04_Q01,8,Q0013,F5,0,L197_S04_T002,0.35167227
L197,L197_S04,L197_S04_Q02,8,Q0024,F8,0,L197_S04_T007,0.43165155
L197,L197_S04,L197_S04_Q03,8,Q0019,F7,1,L197_S04_T012,0.19973147
L197,L197_S04,L197_S04_Q04,8,Q0021,F7,0,L197_S04_T017,0.40299912
L197,L197_S04,L197_S04_Q05,8,Q0009,F3,0,L197_S04_T022,0.36976371
L197,L197_S05,L197_S05_Q01,11,Q0001,F1,0,L197_S05_T002,0.46691736
L197,L197_S05,L197_S05_Q02,11,Q0002,F1,1,L197_S05_T007,0.49399788
L197,L197_S05,L197_S05_Q03,11,Q0010,F4,1,L197_S05_T012,0.38670941
L197,L197_S05,L197_S05_Q04,11,Q0018,F6,1,L197_S05_T017,0.37831551
L197,L197_S05,L197_S05_Q05,11,Q0024,F8,1,L197_S05_T022,0.43740481
L197,L197_S06,L197_S06_Q01,13,Q0005,F2,1,L197_S06_T002,0.42685158
L197,L197_S06,L197_S06_Q02,13,Q0010,F4,0,L197_S06_T007,0.52417387
L197,L197_S06,L197_S06_Q03,13,Q0008,F3,1,L197_S06_T012,0.3687291
L197,L197_S06,L197_S06_Q04,13,Q0014,F5,0,L197_S06_T017,0.35296931
L197,L197_S06,L197_S06_Q05,13,Q0018,F6,1,L197_S06_T022,0.51812337
L197,L197_S07,L197_S07_Q01,16,Q0009,F3,0,L197_S07_T002,0.50251153
L197,L197_S07,L197_S07_Q02,16,Q0015,F5,1,L197_S07_T007,0.36646889
L197,L197_S07,L197_S07_Q03,16,Q0020,F7,0,L197_S07_T012,0.37771707
L197,L197_S07,L197_S07_Q04,16,Q0015,F5,1,L197_S07_T017,0.52738535
L197,L197_S07,L197_S07_Q05,16,Q0024,F8,0,L197_S07_T022,0.53256762
L197,L197_S08,L197_S08_Q01,18,Q0020,F7,1,L197_S08_T002,0.39551255
L197,L197_S08,L197_S08_Q02,18,Q0005,F2,0,L197_S08_T007,0.52534251
L197,L197_S08,L197_S08_Q03,18,Q0012,F4,0,L197_S08_T012,0.50323865
L197,L197_S08,L197_S08_Q04,18,Q0009,F3,1,L197_S08_T017,0.50996917
L197,L197_S08,L197_S08_Q05,18,Q0021,F7,1,L197_S08_T022,0.54905194
L198,L198_S01,L198_S01_Q01,1,Q0006,F2,0,L198_S01_T002,0.34255245
L198,L198_S01,L198_S01_Q02,1,Q0015,F5,1,L198_S01_T007,0.29487433
L198,L198_S01,L198_S01_Q03,1,Q0019,F7,0,L198_S01_T012,0.13640714
L198,L198_S01,L198_S01_Q04,1,Q0007,F3,0,L198_S01_T017,0.32238108
L198,L198_S01,L198_S01_Q05,1,Q0022,F8,1,L198_S01_T022,0.30074504
L198,L198_S02,L198_S02_Q01,3,Q0017,F6,0,L198_S02_T002,0.17068859
L198,L198_S02,L198_S02_Q02,3,Q0001,F1,0,L198_S02_T007,0.23953138
L198,L198_S02,L198_S02_Q03,3,Q0018,F6,0,L198_S02_T012,0.21807002
L198,L198_S02,L198_S02_Q04,3,Q0013,F5,1,L198_S02_T017,0.4766968
L198,L198_S02,L198_S02_Q05,3,Q0006,F2,0,L198_S02_T022,0.3650965
L198,L198_S03,L198_S03_Q01,6,Q0007,F3,0,L198_S03_T002,0.32647877
L198,L198_S03,L198_S03_Q02,6,Q0016,F6,1,L198_S03_T007,0.2473278
L198,L198_S03,L198_S03_Q03,6,Q0001,F1,0,L198_S03_T012,0.2663757
L198,L198_S03,L198_S03_Q04,6,Q0021,F7,1,L198_S03_T017,0.16794024
L198,L198_S03,L198_S03_Q05,6,Q0023,F8,1,L198_S03_T022,0.45251814
L198,L198_S04,L198_S04_Q01,8,Q0011,F4,0,L198_S04_T002,0.16002063
L198,L198_S04,L198_S04_Q02,8,Q0011,F4,0,L198_S04_T007,0.20801155
L198,L198_S04,L198_S04_Q03,8,Q0012,F4,0,L198_S04_T012,0.25326059
L198,L198_S04,L198_S04_Q04,8,Q0011,F4,0,L198_S04_T017,0.29592439
L198,L198_S04,L198_S04_Q05,8,Q0010,F4,1,L198_S04_T022,0.33615067
L198,L198_S05,L198_S05_Q01,11,Q0015,F5,1,L198_S05_T002,0.53293758
L198,L198_S05,L198_S05_Q02,11,Q0002,F1,0,L198_S05_T007,0.27873546
L198,L198_S05,L198_S05_Q03,11,Q0002,F1,0,L198_S05_T012,0.3199438
L198,L198_S05,L198_S05_Q04,11,Q0007,F3,0,L198_S05_T017,0.32997195
L198,L198_S05,L198_S05_Q05,11,Q0002,F1,0,L198_S05_T022,0.35879776
L198,L198_S06,L198_S06_Q01,13,Q0005,F2,1,L198_S06_T002,0.32810339
L198,L198_S06,L198_S06_Q02,13,Q0017,F6,0,L198_S06_T007,0.40150274
L198,L198_S06,L198_S06_Q03,13,Q0023,F8,0,L198_S06_T012,0.52878942
L198,L198_S06,L198_S06_Q04,13,Q0006,F2,1,L198_S06_T017,0.52004227
L198,L198_S06,L198_S06_Q05,13,Q0024,F8,0,L198_S06_T022,0.55571131
L198,L198_S07,L198_S07_Q01,16,Q0008,F3,0,L198_S07_T002,0.33294981
L198,L198_S07,L198_S07_Q02,16,Q0017,F6,0,L198_S07_T007,0.41013236
L198,L198_S07,L198_S07_Q03,16,Q0019,F7,1,L198_S07_T012,0.3315872
L198,L198_S07,L198_S07_Q04,16,Q0002,F1,0,L198_S07_T017,0.35752315
L198,L198_S07,L198_S07_Q05,16,Q0012,F4,0,L198_S07_T022,0.44749164
L198,L198_S08,L198_S08_Q01,18,Q0011,F4,1,L198_S08_T002,0.46013092
L198,L198_S08,L198_S08_Q02,18,Q0019,F7,1,L198_S08_T007,0.50188585
L198,L198_S08,L198_S08_Q03,18,Q0006,F2,1,L198_S08_T012,0.59415171
L198,L198_S08,L198_S08_Q04,18,Q0014,F5,0,L198_S08_T017,0.57867639
L198,L198_S08,L198_S08_Q05,18,Q0019,F7,0,L198_S08_T022,0.64418077
L199,L199_S01,L199_S01_Q01,1,Q0002,F1,0,L199_S01_T002,0.132277
L199,L199_S01,L199_S01_Q02,1,Q0004,F2,1,L199_S01_T007,0.25867903
L199,L199_S01,L199_S01_Q03,1,Q0019,F7,1,L199_S01_T012,0.11168511
L199,L199_S01,L199_S01_Q04,1,Q0004,F2,0,L199_S01_T017,0.44847111
L199,L199_S01,L199_S01_Q05,1,Q0016,F6,0,L199_S01_T022,0.23550995
L199,L199_S02,L199_S02_Q01,3,Q0015,F5,0,L199_S02_T002,0.18928022
L199,L199_S02,L199_S02_Q02,3,Q0023,F8,1,L199_S02_T007,0.1091414
L199,L199_S02,L199_S02_Q03,3,Q0014,F5,0,L199_S02_T012,0.23079212
L199,L199_S02,L199_S02_Q04,3,Q0011,F4,0,L199_S02_T017,0.27518434
L199,L199_S02,L199_S02_Q05,3,Q0024,F8,0,L199_S02_T022,0.33721791
L199,L199_S03,L199_S03_Q01,6,Q0010,F4,1,L199_S03_T002,0.29473851
L199,L199_S03,L199_S03_Q02,6,Q0003,F1,1,L199_S03_T007,0.16046084
L199,L199_S03,L199_S03_Q03,6,Q0016,F6,1,L199_S03_T012,0.24940245
L199,L199_S03,L199_S03_Q04,6,Q0023,F8,0,L199_S03_T017,0.35028644
L199,L199_S03,L199_S03_Q05,6,Q0019,F7,0,L199_S03_T022,0.30793195
L199,L199_S04,L199_S04_Q01,8,Q0015,F5,0,L199_S04_T002,0.24533774
L199,L199_S04,L199_S04_Q02,8,Q0009,F3,0,L199_S04_T007,0.29752217
L199,L199_S04,L199_S04_Q03,8,Q0002,F1,0,L199_S04_T012,0.36119201
L199,L199_S04,L199_S04_Q04,8,Q0015,F5,0,L199_S04_T017,0.28397928
L199,L199_S04,L199_S04_Q05,8,Q0007,F3,0,L199_S04_T022,0.33349168
L199,L199_S05,L199_S05_Q01,11,Q0002,F1,1,L199_S05_T002,0.37175404
L199,L199_S05,L199_S05_Q02,11,Q0009,F3,0,L199_S05_T007,0.34694978
L199,L199_S05,L199_S05_Q03,11,Q0020,F7,0,L199_S05_T012,0.3117985
L199,L199_S05,L199_S05_Q04,11,Q0008,F3,1,L199_S05_T017,0.38038841
L199,L199_S05,L199_S05_Q05,11,Q0016,F6,0,L199_S05_T022,0.40097079
L199,L199_S06,L199_S06_Q01,13,Q0020,F7,1,L199_S06_T002,0.33390371
L199,L199_S06,L199_S06_Q02,13,Q0015,F5,1,L199_S06_T007,0.29116179
L199,L199_S06,L199_S06_Q03,13,Q0024,F8,1,L199_S06_T012,0.33510884
L199,L199_S06,L199_S06_Q04,13,Q0013,F5,0,L199_S06_T017,0.47263767
L199,L199_S06,L199_S06_Q05,13,Q0005,F2,0,L199_S06_T022,0.37820596
L199,L199_S07,L199_S07_Q01,16,Q0012,F4,0,L199_S07_T002,0.39191684
L199,L199_S07,L199_S07_Q02,16,Q0011,F4,0,L199_S07_T007,0.42305298
L199,L199_S07,L199_S07_Q03,16,Q0004,F2,1,L199_S07_T012,0.38698918
L199,L199_S07,L199_S07_Q04,16,Q0003,F1,1,L199_S07_T017,0.48362885
L199,L199_S07,L199_S07_Q05,16,Q0023,F8,0,L199_S07_T022,0.47692078
L199,L199_S08,L199_S08_Q01,18,Q0016,F6,1,L199_S08_T002,0.37712399
L199,L199_S08,L199_S08_Q02,18,Q0018,F6,0,L199_S08_T007,0.53659193
L199,L199_S08,L199_S08_Q03,18,Q0005,F2,1,L199_S08_T012,0.52334687
L199,L199_S08,L199_S08_Q04,18,Q0012,F4,1,L199_S08_T017,0.43546681
L199,L199_S08,L199_S08_Q05,18,Q0015,F5,1,L199_S08_T022,0.45370272
L200,L200_S01,L200_S01_Q01,1,Q0001,F1,0,L200_S01_T002,0.12958595
L200,L200_S01,L200_S01_Q02,1,Q0012,F4,0,L200_S01_T007,0.15746307
L200,L200_S01,L200_S01_Q03,1,Q0004,F2,0,L200_S01_T012,0.31945559
L200,L200_S01,L200_S01_Q04,1,Q0006,F2,0,L200_S01_T017,0.35353294
L200,L200_S01,L200_S01_Q05,1,Q0021,F7,1,L200_S01_T022,0.2756984
L200,L200_S02,L200_S02_Q01,3,Q0017,F6,0,L200_S02_T002,0.09977105
L200,L200_S02,L200_S02_Q02,3,Q0016,F6,0,L200_S02_T007,0.1448488
L200,L200_S02,L200_S02_Q03,3,Q0001,F1,0,L200_S02_T012,0.16706843
L200,L200_S02,L200_S02_Q04,3,Q0001,F1,0,L200_S02_T017,0.20877635
L200,L200_S02,L200_S02_Q05,3,Q0009,F3,0,L200_S02_T022,0.19188659
L200,L200_S03,L200_S03_Q01,6,Q0023,F8,1,L200_S03_T002,0.20450199
L200,L200_S03,L200_S03_Q02,6,Q0018,F6,0,L200_S03_T007,0.17783738
L200,L200_S03,L200_S03_Q03,6,Q0010,F4,0,L200_S03_T012,0.18252532
L200,L200_S03,L200_S03_Q04,6,Q0014,F5,0,L200_S03_T017,0.18815966
L200,L200_S03,L200_S03_Q05,6,Q0014,F5,0,L200_S03_T022,0.22881147
L200,L200_S04,L200_S04_Q01,8,Q0021,F7,0,L200_S04_T002,0.40311046
L200,L200_S04,L200_S04_Q02,8,Q0009,F3,0,L200_S04_T007,0.21242006
L200,L200_S04,L200_S04_Q03,8,Q0012,F4,0,L200_S04_T012,0.21558482
L200,L200_S04,L200_S04_Q04,8,Q0014,F5,0,L200_S04_T017,0.25800386
L200,L200_S04,L200_S04_Q05,8,Q0022,F8,1,L200_S04_T022,0.38944461
L200,L200_S05,L200_S05_Q01,11,Q0011,F4,0,L200_S05_T002,0.24151111
L200,L200_S05,L200_S05_Q02,11,Q0011,F4,0,L200_S05_T007,0.27949142
L200,L200_S05,L200_S05_Q03,11,Q0003,F1,0,L200_S05_T012,0.21519071
L200,L200_S05,L200_S05_Q04,11,Q0007,F3,0,L200_S05_T017,0.23866232
L200,L200_S05,L200_S05_Q05,11,Q0013,F5,0,L200_S05_T022,0.27969502
L200,L200_S06,L200_S06_Q01,13,Q0017,F6,0,L200_S06_T002,0.19316369
L200,L200_S06,L200_S06_Q02,13,Q0019,F7,0,L200_S06_T007,0.39585517
L200,L200_S06,L200_S06_Q03,13,Q0008,F3,0,L200_S06_T012,0.26703169
L200,L200_S06,L200_S06_Q04,13,Q0017,F6,0,L200_S06_T017,0.23356493
L200,L200_S06,L200_S06_Q05,13,Q0016,F6,0,L200_S06_T022,0.27194314
L200,L200_S07,L200_S07_Q01,16,Q0019,F7,0,L200_S07_T002,0.40378325
L200,L200_S07,L200_S07_Q02,16,Q0006,F2,0,L200_S07_T007,0.29486808
L200,L200_S07,L200_S07_Q03,16,Q0004,F2,0,L200_S07_T012,0.33017661
L200,L200_S07,L200_S07_Q04,16,Q0024,F8,1,L200_S07_T017,0.46981351
L200,L200_S07,L200_S07_Q05,16,Q0013,F5,1,L200_S07_T022,0.28867636
L200,L200_S08,L200_S08_Q01,18,Q0003,F1,1,L200_S08_T002,0.22445967
L200,L200_S08,L200_S08_Q02,18,Q0008,F3,1,L200_S08_T007,0.27767902
L200,L200_S08,L200_S08_Q03,18,Q0023,F8,0,L200_S08_T012,0.58132204
L200,L200_S08,L200_S08_Q04,18,Q0016,F6,1,L200_S08_T017,0.28194431
L200,L200_S08,L200_S08_Q05,18,Q0003,F1,0,L200_S08_T022,0.41863036
L201,L201_S01,L201_S01_Q01,1,Q0021,F7,0,L201_S01_T002,0.11660788
L201,L201_S01,L201_S01_Q02,1,Q0018,F6,0,L201_S01_T007,0.18111961
L201,L201_S01,L201_S01_Q03,1,Q0005,F2,0,L201_S01_T012,0.11042489
L201,L201_S01,L201_S01_Q04,1,Q0018,F6,0,L201_S01_T017,0.22771229
L201,L201_S01,L201_S01_Q05,1,Q0012,F4,1,L201_S01_T022,0.1931236
L201,L201_S02,L201_S02_Q01,3,Q0010,F4,0,L201_S02_T002,0.41553515
L201,L201_S02,L201_S02_Q02,3,Q0002,F1,0,L201_S02_T007,0.11643247
L201,L201_S02,L201_S02_Q03,3,Q0013,F5,0,L201_S02_T012,0.14331106
L201,L201_S02,L201_S02_Q04,3,Q0004,F2,0,L201_S02_T017,0.15832079
L201,L201_S02,L201_S02_Q05,3,Q0002,F1,0,L201_S02_T022,0.16670573
L201,L201_S03,L201_S03_Q01,6,Q0022,F8,0,L201_S03_T002,0.30989782
L201,L201_S03,L201_S03_Q02,6,Q0015,F5,1,L201_S03_T007,0.18721127
L201,L201_S03,L201_S03_Q03,6,Q0023,F8,1,L201_S03_T012,0.34916328
L201,L201_S03,L201_S03_Q04,6,Q0019,F7,0,L201_S03_T017,0.15991603
L201,L201_S03,L201_S03_Q05,6,Q0007,F3,1,L201_S03_T022,0.26548308
L201,L201_S04,L201_S04_Q01,8,Q0005,F2,1,L201_S04_T002,0.19761591
L201,L201_S04,L201_S04_Q02,8,Q0001,F1,0,L201_S04_T007,0.20519416
L201,L201_S04,L201_S04_Q03,8,Q0021,F7,0,L201_S04_T012,0.20420787
L201,L201_S04,L201_S04_Q04,8,Q0014,F5,1,L201_S04_T017,0.41137625
L201,L201_S04,L201_S04_Q05,8,Q0007,F3,1,L201_S04_T022,0.46643486
L201,L201_S05,L201_S05_Q01,11,Q0020,F7,0,L201_S05_T002,0.24319473
L201,L201_S05,L201_S05_Q02,11,Q0009,F3,1,L201_S05_T007,0.60263693
L201,L201_S05,L201_S05_Q03,11,Q0004,F2,0,L201_S05_T012,0.41514527
L201,L201_S05,L201_S05_Q04,11,Q0001,F1,0,L201_S05_T017,0.24410144
L201,L201_S05,L201_S05_Q05,11,Q0019,F7,0,L201_S05_T022,0.28625546
L201,L201_S06,L201_S06_Q01,13,Q0024,F8,1,L201_S06_T002,0.5034037
L201,L201_S06,L201_S06_Q02,13,Q0004,F2,0,L201_S06_T007,0.44085072
L201,L201_S06,L201_S06_Q03,13,Q0017,F6,0,L201_S06_T012,0.24526851
L201,L201_S06,L201_S06_Q04,13,Q0011,F4,0,L201_S06_T017,0.41215892
L201,L201_S06,L201_S06_Q05,13,Q0024,F8,1,L201_S06_T022,0.64468046
L201,L201_S07,L201_S07_Q01,16,Q0012,F4,0,L201_S07_T002,0.43436757
L201,L201_S07,L201_S07_Q02,16,Q0016,F6,0,L201_S07_T007,0.28094245
L201,L201_S07,L201_S07_Q03,16,Q0001,F1,0,L201_S07_T012,0.27514393
L201,L201_S07,L201_S07_Q04,16,Q0008,F3,1,L201_S07_T017,0.68585345
L201,L201_S07,L201_S07_Q05,16,Q0015,F5,1,L201_S07_T022,0.54071841
L201,L201_S08,L201_S08_Q01,18,Q0020,F7,1,L201_S08_T002,0.30795335
L201,L201_S08,L201_S08_Q02,18,Q0003,F1,0,L201_S08_T007,0.3110446
L201,L201_S08,L201_S08_Q03,18,Q0013,F5,0,L201_S08_T012,0.66004322
L201,L201_S08,L201_S08_Q04,18,Q0016,F6,0,L201_S08_T017,0.31642086
L201,L201_S08,L201_S08_Q05,18,Q0016,F6,0,L201_S08_T022,0.35531517
L202,L202_S01,L202_S01_Q01,1,Q0006,F2,0,L202_S01_T002,0.32301967
L202,L202_S01,L202_S01_Q02,1,Q0022,F8,1,L202_S01_T007,0.27803696
L202,L202_S01,L202_S01_Q03,1,Q0002,F1,0,L202_S01_T012,0.18699712
L202,L202_S01,L202_S01_Q04,1,Q0013,F5,1,L202_S01_T017,0.25672366
L202,L202_S01,L202_S01_Q05,1,Q0017,F6,0,L202_S01_T022,0.22587485
L202,L202_S02,L202_S02_Q01,3,Q0007,F3,0,L202_S02_T002,0.09673682
L202,L202_S02,L202_S02_Q02,3,Q0009,F3,0,L202_S02_T007,0.14885431
L202,L202_S02,L202_S02_Q03,3,Q0024,F8,0,L202_S02_T012,0.46967251
L202,L202_S02,L202_S02_Q04,3,Q0010,F4,0,L202_S02_T017,0.11281223
L202,L202_S02,L202_S02_Q05,3,Q0010,F4,1,L202_S02_T022,0.16400218
L202,L202_S03,L202_S03_Q01,6,Q0019,F7,0,L202_S03_T002,0.10478329
L202,L202_S03,L202_S03_Q02,6,Q0013,F5,0,L202_S03_T007,0.43186362
L202,L202_S03,L202_S03_Q03,6,Q0001,F1,0,L202_S03_T012,0.21440003
L202,L202_S03,L202_S03_Q04,6,Q0021,F7,0,L202_S03_T017,0.15643651
L202,L202_S03,L202_S03_Q05,6,Q0007,F3,0,L202_S03_T022,0.18788713
L202,L202_S04,L202_S04_Q01,8,Q0020,F7,0,L202_S04_T002,0.19808811
L202,L202_S04,L202_S04_Q02,8,Q0004,F2,1,L202_S04_T007,0.3205241
L202,L202_S04,L202_S04_Q03,8,Q0018,F6,0,L202_S04_T012,0.23949064
L202,L202_S04,L202_S04_Q04,8,Q0020,F7,0,L202_S04_T017,0.24435772
L202,L202_S04,L202_S04_Q05,8,Q0007,F3,0,L202_S04_T022,0.22670957
L202,L202_S05,L202_S05_Q01,11,Q0020,F7,0,L202_S05_T002,0.27329892
L202,L202_S05,L202_S05_Q02,11,Q0010,F4,0,L202_S05_T007,0.35248752
L202,L202_S05,L202_S05_Q03,11,Q0015,F5,1,L202_S05_T012,0.42589558
L202,L202_S05,L202_S05_Q04,11,Q0006,F2,1,L202_S05_T017,0.49025456
L202,L202_S05,L202_S05_Q05,11,Q0017,F6,1,L202_S05_T022,0.26894613
L202,L202_S06,L202_S06_Q01,13,Q0023,F8,0,L202_S06_T002,0.42031088
L202,L202_S06,L202_S06_Q02,13,Q0003,F1,1,L202_S06_T007,0.22991891
L202,L202_S06,L202_S06_Q03,13,Q0009,F3,0,L202_S06_T012,0.24870039
L202,L202_S06,L202_S06_Q04,13,Q0022,F8,1,L202_S06_T017,0.45375844
L202,L202_S06,L202_S06_Q05,13,Q0011,F4,1,L202_S06_T022,0.37650321
L202,L202_S07,L202_S07_Q01,16,Q0007,F3,0,L202_S07_T002,0.27718271
L202,L202_S07,L202_S07_Q02,16,Q0002,F1,0,L202_S07_T007,0.42907025
L202,L202_S07,L202_S07_Q03,16,Q0008,F3,0,L202_S07_T012,0.31888863
L202,L202_S07,L202_S07_Q04,16,Q0018,F6,1,L202_S07_T017,0.43983473
L202,L202_S07,L202_S07_Q05,16,Q0005,F2,1,L202_S07_T022,0.58416512
L202,L202_S08,L202_S08_Q01,18,Q0021,F7,0,L202_S08_T002,0.27904948
L202,L202_S08,L202_S08_Q02,18,Q0015,F5,0,L202_S08_T007,0.523632
L202,L202_S08,L202_S08_Q03,18,Q0002,F1,0,L202_S08_T012,0.44619688
L202,L202_S08,L202_S08_Q04,18,Q0009,F3,0,L202_S08_T017,0.34592673
L202,L202_S08,L202_S08_Q05,18,Q0020,F7,1,L202_S08_T022,0.32064769
L203,L203_S01,L203_S01_Q01,1,Q0012,F4,0,L203_S01_T002,0.10552515
L203,L203_S01,L203_S01_Q02,1,Q0011,F4,0,L203_S01_T007,0.14514139
L203,L203_S01,L203_S01_Q03,1,Q0020,F7,0,L203_S01_T012,0.29749461
L203,L203_S01,L203_S01_Q04,1,Q0006,F2,0,L203_S01_T017,0.15951373
L203,L203_S01,L203_S01_Q05,1,Q0024,F8,1,L203_S01_T022,0.22619787
L203,L203_S02,L203_S02_Q01,3,Q0005,F2,1,L203_S02_T002,0.1920344
L203,L203_S02,L203_S02_Q02,3,Q0015,F5,1,L203_S02_T007,0.25151457
L203,L203_S02,L203_S02_Q03,3,Q0017,F6,0,L203_S02_T012,0.22150253
L203,L203_S02,L203_S02_Q04,3,Q0014,F5,0,L203_S02_T017,0.41726648
L203,L203_S02,L203_S02_Q05,3,Q0011,F4,0,L203_S02_T022,0.17862706
L203,L203_S03,L203_S03_Q01,6,Q0018,F6,0,L203_S03_T002,0.24685567
L203,L203_S03,L203_S03_Q02,6,Q0003,F1,1,L203_S03_T007,0.27566847
L203,L203_S03,L203_S03_Q03,6,Q0003,F1,1,L203_S03_T012,0.4360715
L203,L203_S03,L203_S03_Q04,6,Q0010,F4,0,L203_S03_T017,0.20734008
L203,L203_S03,L203_S03_Q05,6,Q0019,F7,0,L203_S03_T022,0.30931518
L203,L203_S04,L203_S04_Q01,8,Q0009,F3,0,L203_S04_T002,0.20278568
L203,L203_S04,L203_S04_Q02,8,Q0011,F4,0,L203_S04_T007,0.23664955
L203,L203_S04,L203_S04_Q03,8,Q0007,F3,0,L203_S04_T012,0.23809426
L203,L203_S04,L203_S04_Q04,8,Q0024,F8,1,L203_S04_T017,0.36526649
L203,L203_S04,L203_S04_Q05,8,Q0006,F2,1,L203_S04_T022,0.34917838
L203,L203_S05,L203_S05_Q01,11,Q0008,F3,1,L203_S05_T002,0.26214721
L203,L203_S05,L203_S05_Q02,11,Q0011,F4,0,L203_S05_T007,0.26081571
L203,L203_S05,L203_S05_Q03,11,Q0010,F4,1,L203_S05_T012,0.29355415
L203,L203_S05,L203_S05_Q04,11,Q0007,F3,0,L203_S05_T017,0.42554452
L203,L203_S05,L203_S05_Q05,11,Q0023,F8,0,L203_S05_T022,0.48779389
L203,L203_S06,L203_S06_Q01,13,Q0017,F6,0,L203_S06_T002,0.25745344
L203,L203_S06,L203_S06_Q02,13,Q0015,F5,1,L203_S06_T007,0.39257509
L203,L203_S06,L203_S06_Q03,13,Q0017,F6,0,L203_S06_T012,0.29034079
L203,L203_S06,L203_S06_Q04,13,Q0019,F7,0,L203_S06_T017,0.31229832
L203,L203_S06,L203_S06_Q05,13,Q0018,F6,0,L203_S06_T022,0.32177156
L203,L203_S07,L203_S07_Q01,16,Q0019,F7,1,L203_S07_T002,0.33053637
L203,L203_S07,L203_S07_Q02,16,Q0006,F2,1,L203_S07_T007,0.44778474
L203,L203_S07,L203_S07_Q03,16,Q0020,F7,0,L203_S07_T012,0.47878892
L203,L203_S07,L203_S07_Q04,16,Q0013,F5,0,L203_S07_T017,0.508297
L203,L203_S07,L203_S07_Q05,16,Q0018,F6,1,L203_S07_T022,0.33926725
L203,L203_S08,L203_S08_Q01,18,Q0003,F1,0,L203_S08_T002,0.48513262
L203,L203_S08,L203_S08_Q02,18,Q0006,F2,0,L203_S08_T007,0.55644107
L203,L203_S08,L203_S08_Q03,18,Q0022,F8,0,L203_S08_T012,0.46901814
L203,L203_S08,L203_S08_Q04,18,Q0011,F4,0,L203_S08_T017,0.41344753
L203,L203_S08,L203_S08_Q05,18,Q0001,F1,0,L203_S08_T022,0.50793607
L204,L204_S01,L204_S01_Q01,1,Q0017,F6,0,L204_S01_T002,0.11189114
L204,L204_S01,L204_S01_Q02,1,Q0021,F7,0,L204_S01_T007,0.20234716
L204,L204_S01,L204_S01_Q03,1,Q0005,F2,0,L204_S01_T012,0.2523707
L204,L204_S01,L204_S01_Q04,1,Q0005,F2,0,L204_S01_T017,0.27955934
L204,L204_S01,L204_S01_Q05,1,Q0008,F3,0,L204_S01_T022,0.13344898
L204,L204_S02,L204_S02_Q01,3,Q0023,F8,1,L204_S02_T002,0.18012056
L204,L204_S02,L204_S02_Q02,3,Q0024,F8,1,L204_S02_T007,0.32920119
L204,L204_S02,L204_S02_Q03,3,Q0014,F5,0,L204_S02_T012,0.26465016
L204,L204_S02,L204_S02_Q04,3,Q0018,F6,0,L204_S02_T017,0.13821639
L204,L204_S02,L204_S02_Q05,3,Q0018,F6,0,L204_S02_T022,0.16955643
L204,L204_S03,L204_S03_Q01,6,Q0013,F5,0,L204_S03_T002,0.27347728
L204,L204_S03,L204_S03_Q02,6,Q0003,F1,0,L204_S03_T007,0.28927127
L204,L204_S03,L204_S03_Q03,6,Q0009,F3,0,L204_S03_T012,0.1484079
L204,L204_S03,L204_S03_Q04,6,Q0010,F4,0,L204_S03_T017,0.21330275
L204,L204_S03,L204_S03_Q05,6,Q0002,F1,1,L204_S03_T022,0.31511797
L204,L204_S04,L204_S04_Q01,8,Q0009,F3,0,L204_S04_T002,0.17194769
L204,L204_S04,L204_S04_Q02,8,Q0011,F4,1,L204_S04_T007,0.23189241
L204,L204_S04,L204_S04_Q03,8,Q0008,F3,1,L204_S04_T012,0.20206103
L204,L204_S04,L204_S04_Q04,8,Q0016,F6,0,L204_S04_T017,0.17971053
L204,L204_S04,L204_S04_Q05,8,Q0019,F7,0,L204_S04_T022,0.19951696
L204,L204_S05,L204_S05_Q01,11,Q0024,F8,0,L204_S05_T002,0.38094262
L204,L204_S05,L204_S05_Q02,11,Q0008,F3,0,L204_S05_T007,0.32580906
L204,L204_S05,L204_S05_Q03,11,Q0016,F6,1,L204_S05_T012,0.19665884
L204,L204_S05,L204_S05_Q04,11,Q0004,F2,1,L204_S05_T017,0.24747071
L204,L204_S05,L204_S05_Q05,11,Q0020,F7,0,L204_S05_T022,0.21457154
L204,L204_S06,L204_S06_Q01,13,Q0021,F7,0,L204_S06_T002,0.23306442
L204,L204_S06,L204_S06_Q02,13,Q0006,F2,0,L204_S06_T007,0.36838739
L204,L204_S06,L204_S06_Q03,13,Q0013,F5,0,L204_S06_T012,0.2586277
L204,L204_S06,L204_S06_Q04,13,Q0015,F5,0,L204_S06_T017,0.2855888
L204,L204_S06,L204_S06_Q05,13,Q0002,F1,0,L204_S06_T022,0.37914882
L204,L204_S07,L204_S07_Q01,16,Q0007,F3,0,L204_S07_T002,0.31517062
L204,L204_S07,L204_S07_Q02,16,Q0003,F1,1,L204_S07_T007,0.37702858
L204,L204_S07,L204_S07_Q03,16,Q0018,F6,0,L204_S07_T012,0.30833804
L204,L204_S07,L204_S07_Q04,16,Q0012,F4,1,L204_S07_T017,0.31372089
L204,L204_S07,L204_S07_Q05,16,Q0013,F5,0,L204_S07_T022,0.29241395
L204,L204_S08,L204_S08_Q01,18,Q0021,F7,0,L204_S08_T002,0.23476752
L204,L204_S08,L204_S08_Q02,18,Q0021,F7,0,L204_S08_T007,0.26259633
L204,L204_S08,L204_S08_Q03,18,Q0022,F8,0,L204_S08_T012,0.34793383
L204,L204_S08,L204_S08_Q04,18,Q0011,F4,1,L204_S08_T017,0.42034609
L204,L204_S08,L204_S08_Q05,18,Q0020,F7,0,L204_S08_T022,0.2894131
L205,L205_S01,L205_S01_Q01,1,Q0020,F7,0,L205_S01_T002,0.19622244
L205,L205_S01,L205_S01_Q02,1,Q0016,F6,0,L205_S01_T007,0.23928445
L205,L205_S01,L205_S01_Q03,1,Q0010,F4,0,L205_S01_T012,0.29623949
L205,L205_S01,L205_S01_Q04,1,Q0008,F3,0,L205_S01_T017,0.33330837
L205,L205_S01,L205_S01_Q05,1,Q0014,F5,1,L205_S01_T022,0.25087592
L205,L205_S02,L205_S02_Q01,3,Q0013,F5,0,L205_S02_T002,0.40725442
L205,L205_S02,L205_S02_Q02,3,Q0020,F7,1,L205_S02_T007,0.2270109
L205,L205_S02,L205_S02_Q03,3,Q0004,F2,0,L205_S02_T012,0.20188342
L205,L205_S02,L205_S02_Q04,3,Q0002,F1,0,L205_S02_T017,0.2209407
L205,L205_S02,L205_S02_Q05,3,Q0022,F8,0,L205_S02_T022,0.32941237
L205,L205_S03,L205_S03_Q01,6,Q0020,F7,0,L205_S03_T002,0.38518977
L205,L205_S03,L205_S03_Q02,6,Q0024,F8,0,L205_S03_T007,0.34843827
L205,L205_S03,L205_S03_Q03,6,Q0017,F6,0,L205_S03_T012,0.25961992
L205,L205_S03,L205_S03_Q04,6,Q0006,F2,0,L205_S03_T017,0.23004803
L205,L205_S03,L205_S03_Q05,6,Q0010,F4,0,L205_S03_T022,0.31146533
L205,L205_S04,L205_S04_Q01,8,Q0009,F3,1,L205_S04_T002,0.33849534
L205,L205_S04,L205_S04_Q02,8,Q0003,F1,1,L205_S04_T007,0.24292185
L205,L205_S04,L205_S04_Q03,8,Q0004,F2,0,L205_S04_T012,0.25872241
L205,L205_S04,L205_S04_Q04,8,Q0002,F1,1,L205_S04_T017,0.40912348
L205,L205_S04,L205_S04_Q05,8,Q0002,F1,0,L205_S04_T022,0.53883882
L205,L205_S05,L205_S05_Q01,11,Q0001,F1,1,L205_S05_T002,0.54285724
L205,L205_S05,L205_S05_Q02,11,Q0018,F6,0,L205_S05_T007,0.27813103
L205,L205_S05,L205_S05_Q03,11,Q0002,F1,1,L205_S05_T012,0.64321395
L205,L205_S05,L205_S05_Q04,11,Q0004,F2,1,L205_S05_T017,0.28281395
L205,L205_S05,L205_S05_Q05,11,Q0006,F2,0,L205_S05_T022,0.44025806
L205,L205_S06,L205_S06_Q01,13,Q0013,F5,1,L205_S06_T002,0.3927565
L205,L205_S06,L205_S06_Q02,13,Q0012,F4,1,L205_S06_T007,0.31899859
L205,L205_S06,L205_S06_Q03,13,Q0017,F6,0,L205_S06_T012,0.30380026
L205,L205_S06,L205_S06_Q04,13,Q0021,F7,1,L205_S06_T017,0.38480386
L205,L205_S06,L205_S06_Q05,13,Q0014,F5,0,L205_S06_T022,0.52606488
L205,L205_S07,L205_S07_Q01,16,Q0007,F3,1,L205_S07_T002,0.44717172
L205,L205_S07,L205_S07_Q02,16,Q0023,F8,1,L205_S07_T007,0.34178208
L205,L205_S07,L205_S07_Q03,16,Q0023,F8,1,L205_S07_T012,0.48628089
L205,L205_S07,L205_S07_Q04,16,Q0012,F4,1,L205_S07_T017,0.45489933
L205,L205_S07,L205_S07_Q05,16,Q0018,F6,1,L205_S07_T022,0.32466152
L205,L205_S08,L205_S08_Q01,18,Q0021,F7,1,L205_S08_T002,0.49495122
L205,L205_S08,L205_S08_Q02,18,Q0004,F2,1,L205_S08_T007,0.43395694
L205,L205_S08,L205_S08_Q03,18,Q0004,F2,1,L205_S08_T012,0.55822057
L205,L205_S08,L205_S08_Q04,18,Q0007,F3,1,L205_S08_T017,0.55747798
L205,L205_S08,L205_S08_Q05,18,Q0018,F6,1,L205_S08_T022,0.46372193
L206,L206_S01,L206_S01_Q01,1,Q0024,F8,1,L206_S01_T002,0.13107104
L206,L206_S01,L206_S01_Q02,1,Q0007,F3,0,L206_S01_T007,0.14500945
L206,L206_S01,L206_S01_Q03,1,Q0011,F4,0,L206_S01_T012,0.10814031
L206,L206_S01,L206_S01_Q04,1,Q0015,F5,0,L206_S01_T017,0.19125866
L206,L206_S01,L206_S01_Q05,1,Q0001,F1,0,L206_S01_T022,0.1559713
L206,L206_S02,L206_S02_Q01,3,Q0010,F4,0,L206_S02_T002,0.13949518
L206,L206_S02,L206_S02_Q02,3,Q0023,F8,1,L206_S02_T007,0.29026826
L206,L206_S02,L206_S02_Q03,3,Q0013,F5,0,L206_S02_T012,0.21817149
L206,L206_S02,L206_S02_Q04,3,Q0010,F4,1,L206_S02_T017,0.17197907
L206,L206_S02,L206_S02_Q05,3,Q0017,F6,0,L206_S02_T022,0.28498744
L206,L206_S03,L206_S03_Q01,6,Q0003,F1,0,L206_S03_T002,0.18026851
L206,L206_S03,L206_S03_Q02,6,Q0007,F3,0,L206_S03_T007,0.17014527
L206,L206_S03,L206_S03_Q03,6,Q0010,F4,1,L206_S03_T012,0.32026979
L206,L206_S03,L206_S03_Q04,6,Q0008,F3,0,L206_S03_T017,0.20147212
L206,L206_S03,L206_S03_Q05,6,Q0010,F4,0,L206_S03_T022,0.4485682
L206,L206_S04,L206_S04_Q01,8,Q0019,F7,0,L206_S04_T002,0.29348256
L206,L206_S04,L206_S04_Q02,8,Q0021,F7,1,L206_S04_T007,0.32015346
L206,L206_S04,L206_S04_Q03,8,Q0006,F2,0,L206_S04_T012,0.21199018
L206,L206_S04,L206_S04_Q04,8,Q0006,F2,0,L206_S04_T017,0.24173739
L206,L206_S04,L206_S04_Q05,8,Q0016,F6,0,L206_S04_T022,0.29941452
L206,L206_S05,L206_S05_Q01,11,Q0012,F4,0,L206_S05_T002,0.45048086
L206,L206_S05,L206_S05_Q02,11,Q0001,F1,1,L206_S05_T007,0.20270691
L206,L206_S05,L206_S05_Q03,11,Q0022,F8,0,L206_S05_T012,0.39722514
L206,L206_S05,L206_S05_Q04,11,Q0003,F1,0,L206_S05_T017,0.3531952
L206,L206_S05,L206_S05_Q05,11,Q0008,F3,0,L206_S05_T022,0.22228838
L206,L206_S06,L206_S06_Q01,13,Q0016,F6,1,L206_S06_T002,0.31273788
L206,L206_S06,L206_S06_Q02,13,Q0002,F1,0,L206_S06_T007,0.37145372
L206,L206_S06,L206_S06_Q03,13,Q0006,F2,1,L206_S06_T012,0.25947323
L206,L206_S06,L206_S06_Q04,13,Q0011,F4,1,L206_S06_T017,0.46354019
L206,L206_S06,L206_S06_Q05,13,Q0015,F5,0,L206_S06_T022,0.22813676
L206,L206_S07,L206_S07_Q01,16,Q0024,F8,0,L206_S07_T002,0.4030657
L206,L206_S07,L206_S07_Q02,16,Q0007,F3,0,L206_S07_T007,0.24151212
L206,L206_S07,L206_S07_Q03,16,Q0020,F7,1,L206_S07_T012,0.41992627
L206,L206_S07,L206_S07_Q04,16,Q0015,F5,1,L206_S07_T017,0.25100659
L206,L206_S07,L206_S07_Q05,16,Q0017,F6,0,L206_S07_T022,0.43167854
L206,L206_S08,L206_S08_Q01,18,Q0006,F2,1,L206_S08_T002,0.38316784
L206,L206_S08,L206_S08_Q02,18,Q0013,F5,0,L206_S08_T007,0.38597932
L206,L206_S08,L206_S08_Q03,18,Q0007,F3,0,L206_S08_T012,0.26573928
L206,L206_S08,L206_S08_Q04,18,Q0015,F5,0,L206_S08_T017,0.40915848
L206,L206_S08,L206_S08_Q05,18,Q0019,F7,1,L206_S08_T022,0.52078074
L207,L207_S01,L207_S01_Q01,1,Q0016,F6,0,L207_S01_T002,0.1751323
L207,L207_S01,L207_S01_Q02,1,Q0022,F8,0,L207_S01_T007,0.26217146
L207,L207_S01,L207_S01_Q03,1,Q0019,F7,0,L207_S01_T012,0.14410957
L207,L207_S01,L207_S01_Q04,1,Q0005,F2,1,L207_S01_T017,0.11609193
L207,L207_S01,L207_S01_Q05,1,Q0023,F8,0,L207_S01_T022,0.30477854
L207,L207_S02,L207_S02_Q01,3,Q0019,F7,1,L207_S02_T002,0.18788546
L207,L207_S02,L207_S02_Q02,3,Q0008,F3,1,L207_S02_T007,0.21405287
L207,L207_S02,L207_S02_Q03,3,Q0007,F3,1,L207_S02_T012,0.44098169
L207,L207_S02,L207_S02_Q04,3,Q0016,F6,1,L207_S02_T017,0.21626353
L207,L207_S02,L207_S02_Q05,3,Q0010,F4,0,L207_S02_T022,0.32640319
L207,L207_S03,L207_S03_Q01,6,Q0013,F5,1,L207_S03_T002,0.24741057
L207,L207_S03,L207_S03_Q02,6,Q0008,F3,1,L207_S03_T007,0.57620839
L207,L207_S03,L207_S03_Q03,6,Q0015,F5,0,L207_S03_T012,0.46470793
L207,L207_S03,L207_S03_Q04,6,Q0003,F1,1,L207_S03_T017,0.31846504
L207,L207_S03,L207_S03_Q05,6,Q0016,F6,0,L207_S03_T022,0.42332031
L207,L207_S04,L207_S04_Q01,8,Q0011,F4,0,L207_S04_T002,0.33922584
L207,L207_S04,L207_S04_Q02,8,Q0013,F5,1,L207_S04_T007,0.48115313
L207,L207_S04,L207_S04_Q03,8,Q0001,F1,0,L207_S04_T012,0.50020766
L207,L207_S04,L207_S04_Q04,8,Q0002,F1,0,L207_S04_T017,0.52906897
L207,L207_S04,L207_S04_Q05,8,Q0005,F2,0,L207_S04_T022,0.33473743
L207,L207_S05,L207_S05_Q01,11,Q0023,F8,0,L207_S05_T002,0.297441
L207,L207_S05,L207_S05_Q02,11,Q0002,F1,0,L207_S05_T007,0.53208796
L207,L207_S05,L207_S05_Q03,11,Q0024,F8,0,L207_S05_T012,0.33801138
L207,L207_S05,L207_S05_Q04,11,Q0009,F3,1,L207_S05_T017,0.64870686
L207,L207_S05,L207_S05_Q05,11,Q0004,F2,0,L207_S05_T022,0.35693649
L207,L207_S06,L207_S06_Q01,13,Q0003,F1,1,L207_S06_T002,0.54278908
L207,L207_S06,L207_S06_Q02,13,Q0010,F4,0,L207_S06_T007,0.3504456
L207,L207_S06,L207_S06_Q03,13,Q0017,F6,0,L207_S06_T012,0.41165137
L207,L207_S06,L207_S06_Q04,13,Q0019,F7,1,L207_S06_T017,0.36422405
L207,L207_S06,L207_S06_Q05,13,Q0021,F7,0,L207_S06_T022,0.54779351
L207,L207_S07,L207_S07_Q01,16,Q0022,F8,1,L207_S07_T002,0.34938296
L207,L207_S07,L207_S07_Q02,16,Q0022,F8,1,L207_S07_T007,0.53723753
L207,L207_S07,L207_S07_Q03,16,Q0006,F2,0,L207_S07_T012,0.36594234
L207,L207_S07,L207_S07_Q04,16,Q0005,F2,0,L207_S07_T017,0.402557
L207,L207_S07,L207_S07_Q05,16,Q0014,F5,0,L207_S07_T022,0.56045848
L207,L207_S08,L207_S08_Q01,18,Q0009,F3,0,L207_S08_T002,0.6762598
L207,L207_S08,L207_S08_Q02,18,Q0014,F5,1,L207_S08_T007,0.56874104
L207,L207_S08,L207_S08_Q03,18,Q0010,F4,0,L207_S08_T012,0.36026284
L207,L207_S08,L207_S08_Q04,18,Q0018,F6,0,L207_S08_T017,0.41381759
L207,L207_S08,L207_S08_Q05,18,Q0020,F7,1,L207_S08_T022,0.53294131
L208,L208_S01,L208_S01_Q01,1,Q0009,F3,0,L208_S01_T002,0.10578416
L208,L208_S01,L208_S01_Q02,1,Q0017,F6,0,L208_S01_T007,0.33388279
L208,L208_S01,L208_S01_Q03,1,Q0010,F4,0,L208_S01_T012,0.32994641
L208,L208_S01,L208_S01_Q04,1,Q0013,F5,1,L208_S01_T017,0.29050602
L208,L208_S01,L208_S01_Q05,1,Q0007,F3,0,L208_S01_T022,0.15272823
L208,L208_S02,L208_S02_Q01,3,Q0024,F8,0,L208_S02_T002,0.14001689
L208,L208_S02,L208_S02_Q02,3,Q0023,F8,1,L208_S02_T007,0.18516382
L208,L208_S02,L208_S02_Q03,3,Q0007,F3,0,L208_S02_T012,0.18924558
L208,L208_S02,L208_S02_Q04,3,Q0003,F1,0,L208_S02_T017,0.2558673
L208,L208_S02,L208_S02_Q05,3,Q0005,F2,0,L208_S02_T022,0.27172938
L208,L208_S03,L208_S03_Q01,6,Q0018,F6,0,L208_S03_T002,0.33274095
L208,L208_S03,L208_S03_Q02,6,Q0019,F7,1,L208_S03_T007,0.29031719
L208,L208_S03,L208_S03_Q03,6,Q0010,F4,0,L208_S03_T012,0.32937637
L208,L208_S03,L208_S03_Q04,6,Q0009,F3,0,L208_S03_T017,0.2179119
L208,L208_S03,L208_S03_Q05,6,Q0015,F5,0,L208_S03_T022,0.43006558
L208,L208_S04,L208_S04_Q01,8,Q0003,F1,0,L208_S04_T002,0.26605797
L208,L208_S04,L208_S04_Q02,8,Q0019,F7,0,L208_S04_T007,0.45735719
L208,L208_S04,L208_S04_Q03,8,Q0006,F2,1,L208_S04_T012,0.27961592
L208,L208_S04,L208_S04_Q04,8,Q0008,F3,1,L208_S04_T017,0.24851363
L208,L208_S04,L208_S04_Q05,8,Q0007,F3,1,L208_S04_T022,0.44576929
L208,L208_S05,L208_S05_Q01,11,Q0017,F6,0,L208_S05_T002,0.33176498
L208,L208_S05,L208_S05_Q02,11,Q0019,F7,1,L208_S05_T007,0.45671959
L208,L208_S05,L208_S05_Q03,11,Q0015,F5,0,L208_S05_T012,0.41495226
L208,L208_S05,L208_S05_Q04,11,Q0004,F2,0,L208_S05_T017,0.44060996
L208,L208_S05,L208_S05_Q05,11,Q0022,F8,0,L208_S05_T022,0.33840069
L208,L208_S06,L208_S06_Q01,13,Q0023,F8,1,L208_S06_T002,0.35806771
L208,L208_S06,L208_S06_Q02,13,Q0002,F1,1,L208_S06_T007,0.27476834
L208,L208_S06,L208_S06_Q03,13,Q0001,F1,0,L208_S06_T012,0.46513247
L208,L208_S06,L208_S06_Q04,13,Q0010,F4,0,L208_S06_T017,0.31561022
L208,L208_S06,L208_S06_Q05,13,Q0016,F6,0,L208_S06_T022,0.35203421
L208,L208_S07,L208_S07_Q01,16,Q0002,F1,1,L208_S07_T002,0.46364505
L208,L208_S07,L208_S07_Q02,16,Q0013,F5,0,L208_S07_T007,0.4020343
L208,L208_S07,L208_S07_Q03,16,Q0004,F2,1,L208_S07_T012,0.42396497
L208,L208_S07,L208_S07_Q04,16,Q0019,F7,1,L208_S07_T017,0.54064893
L208,L208_S07,L208_S07_Q05,16,Q0008,F3,1,L208_S07_T022,0.50139
L208,L208_S08,L208_S08_Q01,18,Q0010,F4,1,L208_S08_T002,0.31712265
L208,L208_S08,L208_S08_Q02,18,Q0012,F4,0,L208_S08_T007,0.49636931
L208,L208_S08,L208_S08_Q03,18,Q0016,F6,0,L208_S08_T012,0.3482557
L208,L208_S08,L208_S08_Q04,18,Q0018,F6,0,L208_S08_T017,0.38247063
L208,L208_S08,L208_S08_Q05,18,Q0009,F3,1,L208_S08_T022,0.60674092
L209,L209_S01,L209_S01_Q01,1,Q0010,F4,1,L209_S01_T002,0.18802433
L209,L209_S01,L209_S01_Q02,1,Q0024,F8,0,L209_S01_T007,0.24129835
L209,L209_S01,L209_S01_Q03,1,Q0017,F6,0,L209_S01_T012,0.22279515
L209,L209_S01,L209_S01_Q04,1,Q0015,F5,0,L209_S01_T017,0.29884399
L209,L209_S01,L209_S01_Q05,1,Q0005,F2,0,L209_S01_T022,0.13427483
L209,L209_S02,L209_S02_Q01,3,Q0002,F1,1,L209_S02_T002,0.25217243
L209,L209_S02,L209_S02_Q02,3,Q0004,F2,0,L209_S02_T007,0.16716009
L209,L209_S02,L209_S02_Q03,3,Q0019,F7,0,L209_S02_T012,0.16833403
L209,L209_S02,L209_S02_Q04,3,Q0024,F8,0,L209_S02_T017,0.2656754
L209,L209_S02,L209_S02_Q05,3,Q0009,F3,0,L209_S02_T022,0.15058452
L209,L209_S03,L209_S03_Q01,6,Q0002,F1,0,L209_S03_T002,0.3986242
L209,L209_S03,L209_S03_Q02,6,Q0012,F4,0,L209_S03_T007,0.33898423
L209,L209_S03,L209_S03_Q03,6,Q0014,F5,1,L209_S03_T012,0.30162395
L209,L209_S03,L209_S03_Q04,6,Q0007,F3,0,L209_S03_T017,0.17886971
L209,L209_S03,L209_S03_Q05,6,Q0007,F3,1,L209_S03_T022,0.21597146
L209,L209_S04,L209_S04_Q01,8,Q0006,F2,0,L209_S04_T002,0.18688413
L209,L209_S04,L209_S04_Q02,8,Q0019,F7,1,L209_S04_T007,0.18790702
L209,L209_S04,L209_S04_Q03,8,Q0005,F2,1,L209_S04_T012,0.22362377
L209,L209_S04,L209_S04_Q04,8,Q0019,F7,1,L209_S04_T017,0.37137411
L209,L209_S04,L209_S04_Q05,8,Q0016,F6,0,L209_S04_T022,0.22690195
L209,L209_S05,L209_S05_Q01,11,Q0024,F8,0,L209_S05_T002,0.25815418
L209,L209_S05,L209_S05_Q02,11,Q0018,F6,0,L209_S05_T007,0.24784612
L209,L209_S05,L209_S05_Q03,11,Q0009,F3,1,L209_S05_T012,0.35872598
L209,L209_S05,L209_S05_Q04,11,Q0022,F8,1,L209_S05_T017,0.29167356
L209,L209_S05,L209_S05_Q05,11,Q0010,F4,1,L209_S05_T022,0.33659925
L209,L209_S06,L209_S06_Q01,13,Q0015,F5,0,L209_S06_T002,0.40416397
L209,L209_S06,L209_S06_Q02,13,Q0017,F6,0,L209_S06_T007,0.27170263
L209,L209_S06,L209_S06_Q03,13,Q0005,F2,1,L209_S06_T012,0.36413153
L209,L209_S06,L209_S06_Q04,13,Q0001,F1,0,L209_S06_T017,0.3746007
L209,L209_S06,L209_S06_Q05,13,Q0009,F3,0,L209_S06_T022,0.48550308
L209,L209_S07,L209_S07_Q01,16,Q0010,F4,1,L209_S07_T002,0.44393695
L209,L209_S07,L209_S07_Q02,16,Q0016,F6,0,L209_S07_T007,0.28833738
L209,L209_S07,L209_S07_Q03,16,Q0018,F6,0,L209_S07_T012,0.32049298
L209,L209_S07,L209_S07_Q04,16,Q0021,F7,0,L209_S07_T017,0.44347409
L209,L209_S07,L209_S07_Q05,16,Q0002,F1,1,L209_S07_T022,0.38133761
L209,L209_S08,L209_S08_Q01,18,Q0017,F6,1,L209_S08_T002,0.33857417
L209,L209_S08,L209_S08_Q02,18,Q0004,F2,1,L209_S08_T007,0.46338564
L209,L209_S08,L209_S08_Q03,18,Q0014,F5,0,L209_S08_T012,0.39339215
L209,L209_S08,L209_S08_Q04,18,Q0016,F6,0,L209_S08_T017,0.48800272
L209,L209_S08,L209_S08_Q05,18,Q0020,F7,1,L209_S08_T022,0.45177846
L210,L210_S01,L210_S01_Q01,1,Q0013,F5,0,L210_S01_T002,0.25661355
L210,L210_S01,L210_S01_Q02,1,Q0021,F7,0,L210_S01_T007,0.11058449
L210,L210_S01,L210_S01_Q03,1,Q0021,F7,0,L210_S01_T012,0.15248207
L210,L210_S01,L210_S01_Q04,1,Q0001,F1,0,L210_S01_T017,0.15298512
L210,L210_S01,L210_S01_Q05,1,Q0012,F4,0,L210_S01_T022,0.32956152
L210,L210_S02,L210_S02_Q01,3,Q0007,F3,0,L210_S02_T002,0.21438747
L210,L210_S02,L210_S02_Q02,3,Q0011,F4,0,L210_S02_T007,0.34919173
L210,L210_S02,L210_S02_Q03,3,Q0014,F5,0,L210_S02_T012,0.28198059
L210,L210_S02,L210_S02_Q04,3,Q0016,F6,0,L210_S02_T017,0.29043359
L210,L210_S02,L210_S02_Q05,3,Q0004,F2,0,L210_S02_T022,0.1681972
L210,L210_S03,L210_S03_Q01,6,Q0004,F2,0,L210_S03_T002,0.19717158
L210,L210_S03,L210_S03_Q02,6,Q0009,F3,0,L210_S03_T007,0.23901917
L210,L210_S03,L210_S03_Q03,6,Q0023,F8,0,L210_S03_T012,0.25025007
L210,L210_S03,L210_S03_Q04,6,Q0019,F7,0,L210_S03_T017,0.17687974
L210,L210_S03,L210_S03_Q05,6,Q0024,F8,1,L210_S03_T022,0.28556844
L210,L210_S04,L210_S04_Q01,8,Q0006,F2,0,L210_S04_T002,0.22721331
L210,L210_S04,L210_S04_Q02,8,Q0001,F1,1,L210_S04_T007,0.171452
L210,L210_S04,L210_S04_Q03,8,Q0017,F6,0,L210_S04_T012,0.29772516
L210,L210_S04,L210_S04_Q04,8,Q0020,F7,0,L210_S04_T017,0.20851728
L210,L210_S04,L210_S04_Q05,8,Q0002,F1,0,L210_S04_T022,0.36660352
L210,L210_S05,L210_S05_Q01,11,Q0019,F7,0,L210_S05_T002,0.23370088
L210,L210_S05,L210_S05_Q02,11,Q0017,F6,1,L210_S05_T007,0.31452167
L210,L210_S05,L210_S05_Q03,11,Q0022,F8,0,L210_S05_T012,0.41721877
L210,L210_S05,L210_S05_Q04,11,Q0006,F2,0,L210_S05_T017,0.25063915
L210,L210_S05,L210_S05_Q05,11,Q0018,F6,1,L210_S05_T022,0.47597537
L210,L210_S06,L210_S06_Q01,13,Q0011,F4,0,L210_S06_T002,0.3210187
L210,L210_S06,L210_S06_Q02,13,Q0020,F7,1,L210_S06_T007,0.26086984
L210,L210_S06,L210_S06_Q03,13,Q0008,F3,0,L210_S06_T012,0.24432352
L210,L210_S06,L210_S06_Q04,13,Q0009,F3,0,L210_S06_T017,0.27992108
L210,L210_S06,L210_S06_Q05,13,Q0015,F5,0,L210_S06_T022,0.26689288
L210,L210_S07,L210_S07_Q01,16,Q0001,F1,0,L210_S07_T002,0.34650828
L210,L210_S07,L210_S07_Q02,16,Q0006,F2,0,L210_S07_T007,0.26286527
L210,L210_S07,L210_S07_Q03,16,Q0014,F5,0,L210_S07_T012,0.28658816
L210,L210_S07,L210_S07_Q04,16,Q0019,F7,0,L210_S07_T017,0.41354752
L210,L210_S07,L210_S07_Q05,16,Q0011,F4,1,L210_S07_T022,0.33562521
L210,L210_S08,L210_S08_Q01,18,Q0002,F1,0,L210_S08_T002,0.36480575
L210,L210_S08,L210_S08_Q02,18,Q0004,F2,0,L210_S08_T007,0.28774066
L210,L210_S08,L210_S08_Q03,18,Q0006,F2,0,L210_S08_T012,0.32129297
L210,L210_S08,L210_S08_Q04,18,Q0023,F8,0,L210_S08_T017,0.39526001
L210,L210_S08,L210_S08_Q05,18,Q0007,F3,0,L210_S08_T022,0.28851621
L211,L211_S01,L211_S01_Q01,1,Q0008,F3,0,L211_S01_T002,0.13629026
L211,L211_S01,L211_S01_Q02,1,Q0010,F4,1,L211_S01_T007,0.25841037
L211,L211_S01,L211_S01_Q03,1,Q0018,F6,0,L211_S01_T012,0.10288667
L211,L211_S01,L211_S01_Q04,1,Q0006,F2,0,L211_S01_T017,0.12660212
L211,L211_S01,L211_S01_Q05,1,Q0022,F8,0,L211_S01_T022,0.34145011
L211,L211_S02,L211_S02_Q01,3,Q0014,F5,0,L211_S02_T002,0.31998362
L211,L211_S02,L211_S02_Q02,3,Q0003,F1,1,L211_S02_T007,0.30708269
L211,L211_S02,L211_S02_Q03,3,Q0021,F7,0,L211_S02_T012,0.30017443
L211,L211_S02,L211_S02_Q04,3,Q0015,F5,0,L211_S02_T017,0.34699308
L211,L211_S02,L211_S02_Q05,3,Q0017,F6,0,L211_S02_T022,0.13314297
L211,L211_S03,L211_S03_Q01,6,Q0004,F2,0,L211_S03_T002,0.14609542
L211,L211_S03,L211_S03_Q02,6,Q0021,F7,1,L211_S03_T007,0.30906408
L211,L211_S03,L211_S03_Q03,6,Q0007,F3,0,L211_S03_T012,0.15452219
L211,L211_S03,L211_S03_Q04,6,Q0018,F6,0,L211_S03_T017,0.15791337
L211,L211_S03,L211_S03_Q05,6,Q0003,F1,1,L211_S03_T022,0.41905676
L211,L211_S04,L211_S04_Q01,8,Q0017,F6,0,L211_S04_T002,0.18393328
L211,L211_S04,L211_S04_Q02,8,Q0004,F2,0,L211_S04_T007,0.17302517
L211,L211_S04,L211_S04_Q03,8,Q0017,F6,1,L211_S04_T012,0.2163465
L211,L211_S04,L211_S04_Q04,8,Q0010,F4,1,L211_S04_T017,0.35320046
L211,L211_S04,L211_S04_Q05,8,Q0023,F8,1,L211_S04_T022,0.32004807
L211,L211_S05,L211_S05_Q01,11,Q0017,F6,1,L211_S05_T002,0.35053216
L211,L211_S05,L211_S05_Q02,11,Q0008,F3,1,L211_S05_T007,0.17038037
L211,L211_S05,L211_S05_Q03,11,Q0005,F2,0,L211_S05_T012,0.19400371
L211,L211_S05,L211_S05_Q04,11,Q0014,F5,0,L211_S05_T017,0.31831935
L211,L211_S05,L211_S05_Q05,11,Q0004,F2,0,L211_S05_T022,0.22601695
L211,L211_S06,L211_S06_Q01,13,Q0002,F1,1,L211_S06_T002,0.46528739
L211,L211_S06,L211_S06_Q02,13,Q0006,F2,0,L211_S06_T007,0.24679371
L211,L211_S06,L211_S06_Q03,13,Q0012,F4,0,L211_S06_T012,0.43626969
L211,L211_S06,L211_S06_Q04,13,Q0006,F2,1,L211_S06_T017,0.27671019
L211,L211_S06,L211_S06_Q05,13,Q0021,F7,0,L211_S06_T022,0.3885428
L211,L211_S07,L211_S07_Q01,16,Q0007,F3,0,L211_S07_T002,0.30356114
L211,L211_S07,L211_S07_Q02,16,Q0010,F4,0,L211_S07_T007,0.4322199
L211,L211_S07,L211_S07_Q03,16,Q0017,F6,1,L211_S07_T012,0.43433278
L211,L211_S07,L211_S07_Q04,16,Q0003,F1,1,L211_S07_T017,0.53853406
L211,L211_S07,L211_S07_Q05,16,Q0022,F8,1,L211_S07_T022,0.38844202
L211,L211_S08,L211_S08_Q01,18,Q0007,F3,0,L211_S08_T002,0.31836794
L211,L211_S08,L211_S08_Q02,18,Q0015,F5,1,L211_S08_T007,0.30070971
L211,L211_S08,L211_S08_Q03,18,Q0021,F7,0,L211_S08_T012,0.37393222
L211,L211_S08,L211_S08_Q04,18,Q0007,F3,0,L211_S08_T017,0.34544158
L211,L211_S08,L211_S08_Q05,18,Q0022,F8,0,L211_S08_T022,0.49010462
L212,L212_S01,L212_S01_Q01,1,Q0017,F6,1,L212_S01_T002,0.30961322
L212,L212_S01,L212_S01_Q02,1,Q0008,F3,0,L212_S01_T007,0.23078115
L212,L212_S01,L212_S01_Q03,1,Q0021,F7,1,L212_S01_T012,0.33716591
L212,L212_S01,L212_S01_Q04,1,Q0012,F4,0,L212_S01_T017,0.30122187
L212,L212_S01,L212_S01_Q05,1,Q0003,F1,0,L212_S01_T022,0.1615707
L212,L212_S02,L212_S02_Q01,3,Q0013,F5,1,L212_S02_T002,0.27387927
L212,L212_S02,L212_S02_Q02,3,Q0009,F3,0,L212_S02_T007,0.2569067
L212,L212_S02,L212_S02_Q03,3,Q0023,F8,0,L212_S02_T012,0.11142914
L212,L212_S02,L212_S02_Q04,3,Q0023,F8,0,L212_S02_T017,0.14991717
L212,L212_S02,L212_S02_Q05,3,Q0019,F7,1,L212_S02_T022,0.46762522
L212,L212_S03,L212_S03_Q01,6,Q0002,F1,0,L212_S03_T002,0.18468711
L212,L212_S03,L212_S03_Q02,6,Q0024,F8,0,L212_S03_T007,0.17916152
L212,L212_S03,L212_S03_Q03,6,Q0017,F6,0,L212_S03_T012,0.42850638
L212,L212_S03,L212_S03_Q04,6,Q0023,F8,0,L212_S03_T017,0.21471576
L212,L212_S03,L212_S03_Q05,6,Q0006,F2,0,L212_S03_T022,0.2689096
L212,L212_S04,L212_S04_Q01,8,Q0001,F1,0,L212_S04_T002,0.21401021
L212,L212_S04,L212_S04_Q02,8,Q0014,F5,0,L212_S04_T007,0.40237879
L212,L212_S04,L212_S04_Q03,8,Q0023,F8,0,L212_S04_T012,0.24195576
L212,L212_S04,L212_S04_Q04,8,Q0012,F4,0,L212_S04_T017,0.30095165
L212,L212_S04,L212_S04_Q05,8,Q0004,F2,0,L212_S04_T022,0.29239018
L212,L212_S05,L212_S05_Q01,11,Q0007,F3,0,L212_S05_T002,0.25886277
L212,L212_S05,L212_S05_Q02,11,Q0013,F5,0,L212_S05_T007,0.41088834
L212,L212_S05,L212_S05_Q03,11,Q0017,F6,0,L212_S05_T012,0.42302627
L212,L212_S05,L212_S05_Q04,11,Q0003,F1,0,L212_S05_T017,0.23799056
L212,L212_S05,L212_S05_Q05,11,Q0001,F1,1,L212_S05_T022,0.27099665
L212,L212_S06,L212_S06_Q01,13,Q0006,F2,0,L212_S06_T002,0.30149205
L212,L212_S06,L212_S06_Q02,13,Q0024,F8,1,L212_S06_T007,0.25646062
L212,L212_S06,L212_S06_Q03,13,Q0013,F5,0,L212_S06_T012,0.42451984
L212,L212_S06,L212_S06_Q04,13,Q0011,F4,1,L212_S06_T017,0.30913634
L212,L212_S06,L212_S06_Q05,13,Q0007,F3,1,L212_S06_T022,0.2830403
L212,L212_S07,L212_S07_Q01,16,Q0009,F3,1,L212_S07_T002,0.42053029
L212,L212_S07,L212_S07_Q02,16,Q0018,F6,1,L212_S07_T007,0.41813324
L212,L212_S07,L212_S07_Q03,16,Q0011,F4,0,L212_S07_T012,0.44014514
L212,L212_S07,L212_S07_Q04,16,Q0023,F8,0,L212_S07_T017,0.40055191
L212,L212_S07,L212_S07_Q05,16,Q0006,F2,0,L212_S07_T022,0.31828747
L212,L212_S08,L212_S08_Q01,18,Q0021,F7,0,L212_S08_T002,0.4738818
L212,L212_S08,L212_S08_Q02,18,Q0006,F2,1,L212_S08_T007,0.3383427
L212,L212_S08,L212_S08_Q03,18,Q0002,F1,1,L212_S08_T012,0.38936963
L212,L212_S08,L212_S08_Q04,18,Q0024,F8,1,L212_S08_T017,0.41490045
L212,L212_S08,L212_S08_Q05,18,Q0020,F7,1,L212_S08_T022,0.49667037
L213,L213_S01,L213_S01_Q01,1,Q0023,F8,0,L213_S01_T002,0.23700343
L213,L213_S01,L213_S01_Q02,1,Q0009,F3,1,L213_S01_T007,0.33878073
L213,L213_S01,L213_S01_Q03,1,Q0013,F5,0,L213_S01_T012,0.17633971
L213,L213_S01,L213_S01_Q04,1,Q0024,F8,1,L213_S01_T017,0.26604145
L213,L213_S01,L213_S01_Q05,1,Q0014,F5,0,L213_S01_T022,0.20768646
L213,L213_S02,L213_S02_Q01,3,Q0018,F6,0,L213_S02_T002,0.25466172
L213,L213_S02,L213_S02_Q02,3,Q0012,F4,0,L213_S02_T007,0.23302188
L213,L213_S02,L213_S02_Q03,3,Q0005,F2,0,L213_S02_T012,0.21886178
L213,L213_S02,L213_S02_Q04,3,Q0003,F1,0,L213_S02_T017,0.17951058
L213,L213_S02,L213_S02_Q05,3,Q0001,F1,0,L213_S02_T022,0.21073665
L213,L213_S03,L213_S03_Q01,6,Q0005,F2,0,L213_S03_T002,0.23947818
L213,L213_S03,L213_S03_Q02,6,Q0020,F7,0,L213_S03_T007,0.17413826
L213,L213_S03,L213_S03_Q03,6,Q0020,F7,0,L213_S03_T012,0.20556879
L213,L213_S03,L213_S03_Q04,6,Q0018,F6,0,L213_S03_T017,0.27265335
L213,L213_S03,L213_S03_Q05,6,Q0010,F4,0,L213_S03_T022,0.25260009
L213,L213_S04,L213_S04_Q01,8,Q0008,F3,0,L213_S04_T002,0.42583407
L213,L213_S04,L213_S04_Q02,8,Q0014,F5,0,L213_S04_T007,0.21799325
L213,L213_S04,L213_S04_Q03,8,Q0001,F1,0,L213_S04_T012,0.22624553
L213,L213_S04,L213_S04_Q04,8,Q0020,F7,1,L213_S04_T017,0.23000512
L213,L213_S04,L213_S04_Q05,8,Q0014,F5,1,L213_S04_T022,0.24775475
L213,L213_S05,L213_S05_Q01,11,Q0023,F8,0,L213_S05_T002,0.35822095
L213,L213_S05,L213_S05_Q02,11,Q0002,F1,0,L213_S05_T007,0.24632057
L213,L213_S05,L213_S05_Q03,11,Q0006,F2,0,L213_S05_T012,0.2522249
L213,L213_S05,L213_S05_Q04,11,Q0001,F1,0,L213_S05_T017,0.27500399
L213,L213_S05,L213_S05_Q05,11,Q0012,F4,0,L213_S05_T022,0.26408575
L213,L213_S06,L213_S06_Q01,13,Q0005,F2,1,L213_S06_T002,0.27378207
L213,L213_S06,L213_S06_Q02,13,Q0015,F5,0,L213_S06_T007,0.36731136
L213,L213_S06,L213_S06_Q03,13,Q0016,F6,0,L213_S06_T012,0.2752727
L213,L213_S06,L213_S06_Q04,13,Q0021,F7,0,L213_S06_T017,0.35380653
L213,L213_S06,L213_S06_Q05,13,Q0001,F1,0,L213_S06_T022,0.29515545
L213,L213_S07,L213_S07_Q01,16,Q0023,F8,0,L213_S07_T002,0.35955609
L213,L213_S07,L213_S07_Q02,16,Q0008,F3,1,L213_S07_T007,0.4052517
L213,L213_S07,L213_S07_Q03,16,Q0007,F3,0,L213_S07_T012,0.51842593
L213,L213_S07,L213_S07_Q04,16,Q0021,F7,0,L213_S07_T017,0.36452909
L213,L213_S07,L213_S07_Q05,16,Q0012,F4,0,L213_S07_T022,0.2744676
L213,L213_S08,L213_S08_Q01,18,Q0010,F4,0,L213_S08_T002,0.29465216
L213,L213_S08,L213_S08_Q02,18,Q0018,F6,0,L213_S08_T007,0.28457944
L213,L213_S08,L213_S08_Q03,18,Q0014,F5,0,L213_S08_T012,0.36777288
L213,L213_S08,L213_S08_Q04,18,Q0006,F2,1,L213_S08_T017,0.38711427
L213,L213_S08,L213_S08_Q05,18,Q0016,F6,0,L213_S08_T022,0.31180682
L214,L214_S01,L214_S01_Q01,1,Q0019,F7,0,L214_S01_T002,0.33576663
L214,L214_S01,L214_S01_Q02,1,Q0015,F5,0,L214_S01_T007,0.24498187
L214,L214_S01,L214_S01_Q03,1,Q0001,F1,0,L214_S01_T012,0.256599
L214,L214_S01,L214_S01_Q04,1,Q0014,F5,0,L214_S01_T017,0.27381932
L214,L214_S01,L214_S01_Q05,1,Q0004,F2,0,L214_S01_T022,0.19005418
L214,L214_S02,L214_S02_Q01,3,Q0023,F8,0,L214_S02_T002,0.15404188
L214,L214_S02,L214_S02_Q02,3,Q0006,F2,1,L214_S02_T007,0.21706035
L214,L214_S02,L214_S02_Q03,3,Q0022,F8,1,L214_S02_T012,0.18635271
L214,L214_S02,L214_S02_Q04,3,Q0016,F6,0,L214_S02_T017,0.19359984
L214,L214_S02,L214_S02_Q05,3,Q0010,F4,0,L214_S02_T022,0.11935387
L214,L214_S03,L214_S03_Q01,6,Q0011,F4,0,L214_S03_T002,0.14892754
L214,L214_S03,L214_S03_Q02,6,Q0007,F3,0,L214_S03_T007,0.1187094
L214,L214_S03,L214_S03_Q03,6,Q0009,F3,0,L214_S03_T012,0.15236974
L214,L214_S03,L214_S03_Q04,6,Q0011,F4,1,L214_S03_T017,0.18143372
L214,L214_S03,L214_S03_Q05,6,Q0020,F7,1,L214_S03_T022,0.34529745
L214,L214_S04,L214_S04_Q01,8,Q0008,F3,0,L214_S04_T002,0.18145968
L214,L214_S04,L214_S04_Q02,8,Q0018,F6,0,L214_S04_T007,0.2145578
L214,L214_S04,L214_S04_Q03,8,Q0001,F1,0,L214_S04_T012,0.26764824
L214,L214_S04,L214_S04_Q04,8,Q0012,F4,1,L214_S04_T017,0.3317515
L214,L214_S04,L214_S04_Q05,8,Q0007,F3,1,L214_S04_T022,0.21272331
L214,L214_S05,L214_S05_Q01,11,Q0024,F8,0,L214_S05_T002,0.31807262
L214,L214_S05,L214_S05_Q02,11,Q0019,F7,1,L214_S05_T007,0.44969905
L214,L214_S05,L214_S05_Q03,11,Q0009,F3,1,L214_S05_T012,0.35343104
L214,L214_S05,L214_S05_Q04,11,Q0016,F6,0,L214_S05_T017,0.23806399
L214,L214_S05,L214_S05_Q05,11,Q0009,F3,1,L214_S05_T022,0.47690751
L214,L214_S06,L214_S06_Q01,13,Q0017,F6,0,L214_S06_T002,0.26241543
L214,L214_S06,L214_S06_Q02,13,Q0017,F6,1,L214_S06_T007,0.29058701
L214,L214_S06,L214_S06_Q03,13,Q0014,F5,0,L214_S06_T012,0.27078181
L214,L214_S06,L214_S06_Q04,13,Q0011,F4,0,L214_S06_T017,0.43922065
L214,L214_S06,L214_S06_Q05,13,Q0012,F4,0,L214_S06_T022,0.46063927
L214,L214_S07,L214_S07_Q01,16,Q0024,F8,0,L214_S07_T002,0.32902566
L214,L214_S07,L214_S07_Q02,16,Q0006,F2,0,L214_S07_T007,0.32623111
L214,L214_S07,L214_S07_Q03,16,Q0001,F1,0,L214_S07_T012,0.27514951
L214,L214_S07,L214_S07_Q04,16,Q0021,F7,1,L214_S07_T017,0.53045838
L214,L214_S07,L214_S07_Q05,16,Q0015,F5,0,L214_S07_T022,0.29070476
L214,L214_S08,L214_S08_Q01,18,Q0014,F5,1,L214_S08_T002,0.31214542
L214,L214_S08,L214_S08_Q02,18,Q0005,F2,0,L214_S08_T007,0.34570732
L214,L214_S08,L214_S08_Q03,18,Q0002,F1,0,L214_S08_T012,0.2974503
L214,L214_S08,L214_S08_Q04,18,Q0002,F1,1,L214_S08_T017,0.32428374
L214,L214_S08,L214_S08_Q05,18,Q0023,F8,0,L214_S08_T022,0.34834735
L215,L215_S01,L215_S01_Q01,1,Q0006,F2,0,L215_S01_T002,0.2360361
L215,L215_S01,L215_S01_Q02,1,Q0015,F5,0,L215_S01_T007,0.23945385
L215,L215_S01,L215_S01_Q03,1,Q0023,F8,0,L215_S01_T012,0.1901817
L215,L215_S01,L215_S01_Q04,1,Q0014,F5,0,L215_S01_T017,0.27520845
L215,L215_S01,L215_S01_Q05,1,Q0012,F4,0,L215_S01_T022,0.32976636
L215,L215_S02,L215_S02_Q01,3,Q0002,F1,0,L215_S02_T002,0.16964509
L215,L215_S02,L215_S02_Q02,3,Q0020,F7,0,L215_S02_T007,0.19498289
L215,L215_S02,L215_S02_Q03,3,Q0016,F6,0,L215_S02_T012,0.25811879
L215,L215_S02,L215_S02_Q04,3,Q0017,F6,1,L215_S02_T017,0.29299592
L215,L215_S02,L215_S02_Q05,3,Q0012,F4,0,L215_S02_T022,0.35384226
L215,L215_S03,L215_S03_Q01,6,Q0001,F1,0,L215_S03_T002,0.20227457
L215,L215_S03,L215_S03_Q02,6,Q0021,F7,0,L215_S03_T007,0.22567985
L215,L215_S03,L215_S03_Q03,6,Q0002,F1,0,L215_S03_T012,0.23977704
L215,L215_S03,L215_S03_Q04,6,Q0003,F1,0,L215_S03_T017,0.27551644
L215,L215_S03,L215_S03_Q05,6,Q0023,F8,0,L215_S03_T022,0.21669291
L215,L215_S04,L215_S04_Q01,8,Q0022,F8,1,L215_S04_T002,0.24830161
L215,L215_S04,L215_S04_Q02,8,Q0004,F2,1,L215_S04_T007,0.25286669
L215,L215_S04,L215_S04_Q03,8,Q0007,F3,1,L215_S04_T012,0.24487827
L215,L215_S04,L215_S04_Q04,8,Q0007,F3,1,L215_S04_T017,0.42237622
L215,L215_S04,L215_S04_Q05,8,Q0009,F3,0,L215_S04_T022,0.55815172
L215,L215_S05,L215_S05_Q01,11,Q0022,F8,0,L215_S05_T002,0.41194666
L215,L215_S05,L215_S05_Q02,11,Q0019,F7,0,L215_S05_T007,0.24880895
L215,L215_S05,L215_S05_Q03,11,Q0015,F5,0,L215_S05_T012,0.27874849
L215,L215_S05,L215_S05_Q04,11,Q0022,F8,1,L215_S05_T017,0.43959207
L215,L215_S05,L215_S05_Q05,11,Q0015,F5,0,L215_S05_T022,0.31265578
L215,L215_S06,L215_S06_Q01,13,Q0005,F2,0,L215_S06_T002,0.40678634
L215,L215_S06,L215_S06_Q02,13,Q0012,F4,1,L215_S06_T007,0.34628747
L215,L215_S06,L215_S06_Q03,13,Q0017,F6,1,L215_S06_T012,0.41385082
L215,L215_S06,L215_S06_Q04,13,Q0019,F7,0,L215_S06_T017,0.27827813
L215,L215_S06,L215_S06_Q05,13,Q0001,F1,0,L215_S06_T022,0.28785063
L215,L215_S07,L215_S07_Q01,16,Q0016,F6,1,L215_S07_T002,0.53469411
L215,L215_S07,L215_S07_Q02,16,Q0011,F4,0,L215_S07_T007,0.48459886
L215,L215_S07,L215_S07_Q03,16,Q0021,F7,0,L215_S07_T012,0.30262212
L215,L215_S07,L215_S07_Q04,16,Q0001,F1,0,L215_S07_T017,0.31146452
L215,L215_S07,L215_S07_Q05,16,Q0007,F3,1,L215_S07_T022,0.53273043
L215,L215_S08,L215_S08_Q01,18,Q0009,F3,0,L215_S08_T002,0.62934592
L215,L215_S08,L215_S08_Q02,18,Q0006,F2,0,L215_S08_T007,0.41266044
L215,L215_S08,L215_S08_Q03,18,Q0014,F5,0,L215_S08_T012,0.32076019
L215,L215_S08,L215_S08_Q04,18,Q0002,F1,0,L215_S08_T017,0.33675966
L215,L215_S08,L215_S08_Q05,18,Q0020,F7,0,L215_S08_T022,0.32850633
L216,L216_S01,L216_S01_Q01,1,Q0013,F5,1,L216_S01_T002,0.33952428
L216,L216_S01,L216_S01_Q02,1,Q0018,F6,0,L216_S01_T007,0.20077488
L216,L216_S01,L216_S01_Q03,1,Q0024,F8,0,L216_S01_T012,0.2427702
L216,L216_S01,L216_S01_Q04,1,Q0010,F4,0,L216_S01_T017,0.10372296
L216,L216_S01,L216_S01_Q05,1,Q0021,F7,0,L216_S01_T022,0.28074307
L216,L216_S02,L216_S02_Q01,3,Q0018,F6,0,L216_S02_T002,0.23804868
L216,L216_S02,L216_S02_Q02,3,Q0011,F4,0,L216_S02_T007,0.14791371
L216,L216_S02,L216_S02_Q03,3,Q0006,F2,0,L216_S02_T012,0.17672129
L216,L216_S02,L216_S02_Q04,3,Q0002,F1,1,L216_S02_T017,0.29278466
L216,L216_S02,L216_S02_Q05,3,Q0008,F3,0,L216_S02_T022,0.23696887
L216,L216_S03,L216_S03_Q01,6,Q0012,F4,0,L216_S03_T002,0.18708569
L216,L216_S03,L216_S03_Q02,6,Q0002,F1,0,L216_S03_T007,0.46477858
L216,L216_S03,L216_S03_Q03,6,Q0011,F4,0,L216_S03_T012,0.22986048
L216,L216_S03,L216_S03_Q04,6,Q0020,F7,0,L216_S03_T017,0.30313997
L216,L216_S03,L216_S03_Q05,6,Q0004,F2,0,L216_S03_T022,0.21357547
L216,L216_S04,L216_S04_Q01,8,Q0015,F5,0,L216_S04_T002,0.47878536
L216,L216_S04,L216_S04_Q02,8,Q0005,F2,0,L216_S04_T007,0.24993697
L216,L216_S04,L216_S04_Q03,8,Q0023,F8,0,L216_S04_T012,0.26361563
L216,L216_S04,L216_S04_Q04,8,Q0009,F3,0,L216_S04_T017,0.26368022
L216,L216_S04,L216_S04_Q05,8,Q0022,F8,1,L216_S04_T022,0.30236349
L216,L216_S05,L216_S05_Q01,11,Q0018,F6,0,L216_S05_T002,0.2568767
L216,L216_S05,L216_S05_Q02,11,Q0008,F3,1,L216_S05_T007,0.29353785
L216,L216_S05,L216_S05_Q03,11,Q0012,F4,0,L216_S05_T012,0.25727244
L216,L216_S05,L216_S05_Q04,11,Q0012,F4,0,L216_S05_T017,0.29635407
L216,L216_S05,L216_S05_Q05,11,Q0010,F4,1,L216_S05_T022,0.33337926
L216,L216_S06,L216_S06_Q01,13,Q0017,F6,0,L216_S06_T002,0.29015209
L216,L216_S06,L216_S06_Q02,13,Q0023,F8,0,L216_S06_T007,0.46234469
L216,L216_S06,L216_S06_Q03,13,Q0007,F3,1,L216_S06_T012,0.46996651
L216,L216_S06,L216_S06_Q04,13,Q0005,F2,0,L216_S06_T017,0.27537016
L216,L216_S06,L216_S06_Q05,13,Q0003,F1,0,L216_S06_T022,0.45980257
L216,L216_S07,L216_S07_Q01,16,Q0004,F2,0,L216_S07_T002,0.30428724
L216,L216_S07,L216_S07_Q02,16,Q0022,F8,0,L216_S07_T007,0.47621816
L216,L216_S07,L216_S07_Q03,16,Q0019,F7,0,L216_S07_T012,0.30764983
L216,L216_S07,L216_S07_Q04,16,Q0013,F5,1,L216_S07_T017,0.46750914
L216,L216_S07,L216_S07_Q05,16,Q0005,F2,1,L216_S07_T022,0.340895
L216,L216_S08,L216_S08_Q01,18,Q0002,F1,1,L216_S08_T002,0.46455111
L216,L216_S08,L216_S08_Q02,18,Q0013,F5,1,L216_S08_T007,0.59564283
L216,L216_S08,L216_S08_Q03,18,Q0021,F7,0,L216_S08_T012,0.3373066
L216,L216_S08,L216_S08_Q04,18,Q0020,F7,1,L216_S08_T017,0.3721769
L216,L216_S08,L216_S08_Q05,18,Q0017,F6,0,L216_S08_T022,0.31162163
L217,L217_S01,L217_S01_Q01,1,Q0016,F6,0,L217_S01_T002,0.14608868
L217,L217_S01,L217_S01_Q02,1,Q0001,F1,0,L217_S01_T007,0.32838276
L217,L217_S01,L217_S01_Q03,1,Q0024,F8,0,L217_S01_T012,0.24230535
L217,L217_S01,L217_S01_Q04,1,Q0006,F2,0,L217_S01_T017,0.25155302
L217,L217_S01,L217_S01_Q05,1,Q0019,F7,0,L217_S01_T022,0.14742477
L217,L217_S02,L217_S02_Q01,3,Q0016,F6,0,L217_S02_T002,0.18432707
L217,L217_S02,L217_S02_Q02,3,Q0009,F3,0,L217_S02_T007,0.29136222
L217,L217_S02,L217_S02_Q03,3,Q0014,F5,0,L217_S02_T012,0.14817897
L217,L217_S02,L217_S02_Q04,3,Q0024,F8,0,L217_S02_T017,0.27256534
L217,L217_S02,L217_S02_Q05,3,Q0021,F7,0,L217_S02_T022,0.18555236
L217,L217_S03,L217_S03_Q01,6,Q0016,F6,0,L217_S03_T002,0.21579239
L217,L217_S03,L217_S03_Q02,6,Q0002,F1,0,L217_S03_T007,0.33447351
L217,L217_S03,L217_S03_Q03,6,Q0007,F3,0,L217_S03_T012,0.31234036
L217,L217_S03,L217_S03_Q04,6,Q0014,F5,0,L217_S03_T017,0.18318604
L217,L217_S03,L217_S03_Q05,6,Q0011,F4,0,L217_S03_T022,0.22563122
L217,L217_S04,L217_S04_Q01,8,Q0014,F5,1,L217_S04_T002,0.21834827
L217,L217_S04,L217_S04_Q02,8,Q0020,F7,0,L217_S04_T007,0.20983352
L217,L217_S04,L217_S04_Q03,8,Q0004,F2,1,L217_S04_T012,0.25871871
L217,L217_S04,L217_S04_Q04,8,Q0012,F4,1,L217_S04_T017,0.25727385
L217,L217_S04,L217_S04_Q05,8,Q0018,F6,0,L217_S04_T022,0.24825086
L217,L217_S05,L217_S05_Q01,11,Q0023,F8,0,L217_S05_T002,0.27191855
L217,L217_S05,L217_S05_Q02,11,Q0024,F8,0,L217_S05_T007,0.30981325
L217,L217_S05,L217_S05_Q03,11,Q0014,F5,0,L217_S05_T012,0.40132692
L217,L217_S05,L217_S05_Q04,11,Q0008,F3,1,L217_S05_T017,0.32047422
L217,L217_S05,L217_S05_Q05,11,Q0019,F7,0,L217_S05_T022,0.23879975
L217,L217_S06,L217_S06_Q01,13,Q0017,F6,0,L217_S06_T002,0.26454695
L217,L217_S06,L217_S06_Q02,13,Q0011,F4,1,L217_S06_T007,0.41476421
L217,L217_S06,L217_S06_Q03,13,Q0002,F1,1,L217_S06_T012,0.32872203
L217,L217_S06,L217_S06_Q04,13,Q0021,F7,0,L217_S06_T017,0.26935043
L217,L217_S06,L217_S06_Q05,13,Q0008,F3,1,L217_S06_T022,0.48111488
L217,L217_S07,L217_S07_Q01,16,Q0003,F1,1,L217_S07_T002,0.47902114
L217,L217_S07,L217_S07_Q02,16,Q0006,F2,1,L217_S07_T007,0.39560375
L217,L217_S07,L217_S07_Q03,16,Q0014,F5,0,L217_S07_T012,0.39812775
L217,L217_S07,L217_S07_Q04,16,Q0017,F6,0,L217_S07_T017,0.28815242
L217,L217_S07,L217_S07_Q05,16,Q0020,F7,0,L217_S07_T022,0.29248526
L217,L217_S08,L217_S08_Q01,18,Q0023,F8,1,L217_S08_T002,0.30790329
L217,L217_S08,L217_S08_Q02,18,Q0017,F6,1,L217_S08_T007,0.31461072
L217,L217_S08,L217_S08_Q03,18,Q0019,F7,1,L217_S08_T012,0.31858428
L217,L217_S08,L217_S08_Q04,18,Q0010,F4,0,L217_S08_T017,0.52201411
L217,L217_S08,L217_S08_Q05,18,Q0006,F2,1,L217_S08_T022,0.53488284
L218,L218_S01,L218_S01_Q01,1,Q0014,F5,1,L218_S01_T002,0.22702398
L218,L218_S01,L218_S01_Q02,1,Q0013,F5,1,L218_S01_T007,0.43466925
L218,L218_S01,L218_S01_Q03,1,Q0008,F3,0,L218_S01_T012,0.12231117
L218,L218_S01,L218_S01_Q04,1,Q0021,F7,0,L218_S01_T017,0.31750876
L218,L218_S01,L218_S01_Q05,1,Q0022,F8,0,L218_S01_T022,0.3269468
L218,L218_S02,L218_S02_Q01,3,Q0011,F4,0,L218_S02_T002,0.23961356
L218,L218_S02,L218_S02_Q02,3,Q0006,F2,0,L218_S02_T007,0.20337128
L218,L218_S02,L218_S02_Q03,3,Q0002,F1,1,L218_S02_T012,0.32156499
L218,L218_S02,L218_S02_Q04,3,Q0009,F3,1,L218_S02_T017,0.16637233
L218,L218_S02,L218_S02_Q05,3,Q0024,F8,1,L218_S02_T022,0.35647861
L218,L218_S03,L218_S03_Q01,6,Q0010,F4,0,L218_S03_T002,0.27282123
L218,L218_S03,L218_S03_Q02,6,Q0017,F6,1,L218_S03_T007,0.17136219
L218,L218_S03,L218_S03_Q03,6,Q0008,F3,0,L218_S03_T012,0.37967136
L218,L218_S03,L218_S03_Q04,6,Q0017,F6,0,L218_S03_T017,0.39395993
L218,L218_S03,L218_S03_Q05,6,Q0020,F7,0,L218_S03_T022,0.33823273
L218,L218_S04,L218_S04_Q01,8,Q0016,F6,0,L218_S04_T002,0.41873374
L218,L218_S04,L218_S04_Q02,8,Q0001,F1,1,L218_S04_T007,0.48113384
L218,L218_S04,L218_S04_Q03,8,Q0004,F2,0,L218_S04_T012,0.23508941
L218,L218_S04,L218_S04_Q04,8,Q0009,F3,0,L218_S04_T017,0.40545967
L218,L218_S04,L218_S04_Q05,8,Q0006,F2,0,L218_S04_T022,0.27618514
L218,L218_S05,L218_S05_Q01,11,Q0011,F4,0,L218_S05_T002,0.29784968
L218,L218_S05,L218_S05_Q02,11,Q0022,F8,0,L218_S05_T007,0.49173959
L218,L218_S05,L218_S05_Q03,11,Q0003,F1,1,L218_S05_T012,0.60360318
L218,L218_S05,L218_S05_Q04,11,Q0009,F3,1,L218_S05_T017,0.42547929
L218,L218_S05,L218_S05_Q05,11,Q0005,F2,0,L218_S05_T022,0.30648465
L218,L218_S06,L218_S06_Q01,13,Q0021,F7,0,L218_S06_T002,0.35044393
L218,L218_S06,L218_S06_Q02,13,Q0005,F2,0,L218_S06_T007,0.33746929
L218,L218_S06,L218_S06_Q03,13,Q0012,F4,0,L218_S06_T012,0.32944742
L218,L218_S06,L218_S06_Q04,13,Q0014,F5,0,L218_S06_T017,0.52515078
L218,L218_S06,L218_S06_Q05,13,Q0015,F5,1,L218_S06_T022,0.55066262
L218,L218_S07,L218_S07_Q01,16,Q0006,F2,0,L218_S07_T002,0.36289549
L218,L218_S07,L218_S07_Q02,16,Q0008,F3,1,L218_S07_T007,0.55371232
L218,L218_S07,L218_S07_Q03,16,Q0001,F1,0,L218_S07_T012,0.67812218
L218,L218_S07,L218_S07_Q04,16,Q0017,F6,0,L218_S07_T017,0.41799431
L218,L218_S07,L218_S07_Q05,16,Q0018,F6,0,L218_S07_T022,0.44926325
L218,L218_S08,L218_S08_Q01,18,Q0010,F4,0,L218_S08_T002,0.34902141
L218,L218_S08,L218_S08_Q02,18,Q0022,F8,1,L218_S08_T007,0.48663199
L218,L218_S08,L218_S08_Q03,18,Q0010,F4,0,L218_S08_T012,0.38399601
L218,L218_S08,L218_S08_Q04,18,Q0020,F7,1,L218_S08_T017,0.36799546
L218,L218_S08,L218_S08_Q05,18,Q0019,F7,1,L218_S08_T022,0.53777143
L219,L219_S01,L219_S01_Q01,1,Q0001,F1,1,L219_S01_T002,0.11089054
L219,L219_S01,L219_S01_Q02,1,Q0012,F4,0,L219_S01_T007,0.29850733
L219,L219_S01,L219_S01_Q03,1,Q0013,F5,1,L219_S01_T012,0.17478025
L219,L219_S01,L219_S01_Q04,1,Q0002,F1,0,L219_S01_T017,0.32835164
L219,L219_S01,L219_S01_Q05,1,Q0012,F4,0,L219_S01_T022,0.33282197
L219,L219_S02,L219_S02_Q01,3,Q0008,F3,0,L219_S02_T002,0.28888934
L219,L219_S02,L219_S02_Q02,3,Q0016,F6,0,L219_S02_T007,0.22639276
L219,L219_S02,L219_S02_Q03,3,Q0021,F7,0,L219_S02_T012,0.19812319
L219,L219_S02,L219_S02_Q04,3,Q0024,F8,0,L219_S02_T017,0.30961475
L219,L219_S02,L219_S02_Q05,3,Q0003,F1,1,L219_S02_T022,0.35129975
L219,L219_S03,L219_S03_Q01,6,Q0005,F2,0,L219_S03_T002,0.11631178
L219,L219_S03,L219_S03_Q02,6,Q0023,F8,0,L219_S03_T007,0.32935651
L219,L219_S03,L219_S03_Q03,6,Q0014,F5,1,L219_S03_T012,0.3513206
L219,L219_S03,L219_S03_Q04,6,Q0006,F2,0,L219_S03_T017,0.15953881
L219,L219_S03,L219_S03_Q05,6,Q0017,F6,1,L219_S03_T022,0.25343929
L219,L219_S04,L219_S04_Q01,8,Q0008,F3,0,L219_S04_T002,0.30193568
L219,L219_S04,L219_S04_Q02,8,Q0006,F2,0,L219_S04_T007,0.19514814
L219,L219_S04,L219_S04_Q03,8,Q0019,F7,0,L219_S04_T012,0.22140738
L219,L219_S04,L219_S04_Q04,8,Q0020,F7,0,L219_S04_T017,0.25949349
L219,L219_S04,L219_S04_Q05,8,Q0006,F2,1,L219_S04_T022,0.23451877
L219,L219_S05,L219_S05_Q01,11,Q0017,F6,1,L219_S05_T002,0.40675016
L219,L219_S05,L219_S05_Q02,11,Q0008,F3,0,L219_S05_T007,0.32235146
L219,L219_S05,L219_S05_Q03,11,Q0019,F7,1,L219_S05_T012,0.28363462
L219,L219_S05,L219_S05_Q04,11,Q0021,F7,0,L219_S05_T017,0.45884545
L219,L219_S05,L219_S05_Q05,11,Q0018,F6,1,L219_S05_T022,0.55184901
L219,L219_S06,L219_S06_Q01,13,Q0015,F5,0,L219_S06_T002,0.46267777
L219,L219_S06,L219_S06_Q02,13,Q0012,F4,0,L219_S06_T007,0.30929431
L219,L219_S06,L219_S06_Q03,13,Q0003,F1,1,L219_S06_T012,0.44376068
L219,L219_S06,L219_S06_Q04,13,Q0012,F4,0,L219_S06_T017,0.34308129
L219,L219_S06,L219_S06_Q05,13,Q0024,F8,0,L219_S06_T022,0.32857265
L219,L219_S07,L219_S07_Q01,16,Q0001,F1,1,L219_S07_T002,0.5561185
L219,L219_S07,L219_S07_Q02,16,Q0024,F8,0,L219_S07_T007,0.34665039
L219,L219_S07,L219_S07_Q03,16,Q0015,F5,0,L219_S07_T012,0.46898449
L219,L219_S07,L219_S07_Q04,16,Q0006,F2,0,L219_S07_T017,0.37734358
L219,L219_S07,L219_S07_Q05,16,Q0007,F3,0,L219_S07_T022,0.33162348
L219,L219_S08,L219_S08_Q01,18,Q0020,F7,1,L219_S08_T002,0.44030519
L219,L219_S08,L219_S08_Q02,18,Q0022,F8,1,L219_S08_T007,0.36822606
L219,L219_S08,L219_S08_Q03,18,Q0011,F4,1,L219_S08_T012,0.35001512
L219,L219_S08,L219_S08_Q04,18,Q0008,F3,0,L219_S08_T017,0.35432619
L219,L219_S08,L219_S08_Q05,18,Q0006,F2,0,L219_S08_T022,0.39661721
L220,L220_S01,L220_S01_Q01,1,Q0012,F4,1,L220_S01_T002,0.20395708
L220,L220_S01,L220_S01_Q02,1,Q0014,F5,1,L220_S01_T007,0.33462178
L220,L220_S01,L220_S01_Q03,1,Q0018,F6,0,L220_S01_T012,0.12624743
L220,L220_S01,L220_S01_Q04,1,Q0005,F2,0,L220_S01_T017,0.30106458
L220,L220_S01,L220_S01_Q05,1,Q0017,F6,0,L220_S01_T022,0.16900377
L220,L220_S02,L220_S02_Q01,3,Q0010,F4,0,L220_S02_T002,0.38486894
L220,L220_S02,L220_S02_Q02,3,Q0001,F1,0,L220_S02_T007,0.21143892
L220,L220_S02,L220_S02_Q03,3,Q0020,F7,0,L220_S02_T012,0.17572135
L220,L220_S02,L220_S02_Q04,3,Q0013,F5,1,L220_S02_T017,0.48013395
L220,L220_S02,L220_S02_Q05,3,Q0004,F2,0,L220_S02_T022,0.32361518
L220,L220_S03,L220_S03_Q01,6,Q0009,F3,0,L220_S03_T002,0.12644877
L220,L220_S03,L220_S03_Q02,6,Q0022,F8,0,L220_S03_T007,0.29935456
L220,L220_S03,L220_S03_Q03,6,Q0002,F1,0,L220_S03_T012,0.23710697
L220,L220_S03,L220_S03_Q04,6,Q0018,F6,0,L220_S03_T017,0.19192389
L220,L220_S03,L220_S03_Q05,6,Q0008,F3,1,L220_S03_T022,0.16919525
L220,L220_S04,L220_S04_Q01,8,Q0024,F8,0,L220_S04_T002,0.32204536
L220,L220_S04,L220_S04_Q02,8,Q0021,F7,0,L220_S04_T007,0.19777207
L220,L220_S04,L220_S04_Q03,8,Q0020,F7,0,L220_S04_T012,0.23702841
L220,L220_S04,L220_S04_Q04,8,Q0007,F3,1,L220_S04_T017,0.35952478
L220,L220_S04,L220_S04_Q05,8,Q0016,F6,0,L220_S04_T022,0.22342246
L220,L220_S05,L220_S05_Q01,11,Q0004,F2,0,L220_S05_T002,0.30965281
L220,L220_S05,L220_S05_Q02,11,Q0001,F1,1,L220_S05_T007,0.25121305
L220,L220_S05,L220_S05_Q03,11,Q0016,F6,0,L220_S05_T012,0.24791519
L220,L220_S05,L220_S05_Q04,11,Q0012,F4,1,L220_S05_T017,0.36022349
L220,L220_S05,L220_S05_Q05,11,Q0006,F2,0,L220_S05_T022,0.34343436
L220,L220_S06,L220_S06_Q01,13,Q0015,F5,0,L220_S06_T002,0.50888431
L220,L220_S06,L220_S06_Q02,13,Q0024,F8,0,L220_S06_T007,0.32515856
L220,L220_S06,L220_S06_Q03,13,Q0022,F8,1,L220_S06_T012,0.35818135
L220,L220_S06,L220_S06_Q04,13,Q0021,F7,1,L220_S06_T017,0.25114466
L220,L220_S06,L220_S06_Q05,13,Q0002,F1,0,L220_S06_T022,0.41932232
L220,L220_S07,L220_S07_Q01,16,Q0020,F7,1,L220_S07_T002,0.41192274
L220,L220_S07,L220_S07_Q02,16,Q0021,F7,0,L220_S07_T007,0.55580802
L220,L220_S07,L220_S07_Q03,16,Q0017,F6,0,L220_S07_T012,0.26062245
L220,L220_S07,L220_S07_Q04,16,Q0018,F6,0,L220_S07_T017,0.29680326
L220,L220_S07,L220_S07_Q05,16,Q0015,F5,0,L220_S07_T022,0.50537946
L220,L220_S08,L220_S08_Q01,18,Q0012,F4,1,L220_S08_T002,0.45658677
L220,L220_S08,L220_S08_Q02,18,Q0008,F3,1,L220_S08_T007,0.43255154
L220,L220_S08,L220_S08_Q03,18,Q0016,F6,0,L220_S08_T012,0.31970322
L220,L220_S08,L220_S08_Q04,18,Q0008,F3,1,L220_S08_T017,0.57138956
L220,L220_S08,L220_S08_Q05,18,Q0006,F2,0,L220_S08_T022,0.3318323
L221,L221_S01,L221_S01_Q01,1,Q0008,F3,0,L221_S01_T002,0.13808416
L221,L221_S01,L221_S01_Q02,1,Q0014,F5,0,L221_S01_T007,0.24146538
L221,L221_S01,L221_S01_Q03,1,Q0021,F7,0,L221_S01_T012,0.30726711
L221,L221_S01,L221_S01_Q04,1,Q0005,F2,0,L221_S01_T017,0.13811204
L221,L221_S01,L221_S01_Q05,1,Q0011,F4,0,L221_S01_T022,0.14008334
L221,L221_S02,L221_S02_Q01,3,Q0023,F8,0,L221_S02_T002,0.15363668
L221,L221_S02,L221_S02_Q02,3,Q0021,F7,0,L221_S02_T007,0.33173202
L221,L221_S02,L221_S02_Q03,3,Q0001,F1,0,L221_S02_T012,0.22083374
L221,L221_S02,L221_S02_Q04,3,Q0002,F1,0,L221_S02_T017,0.25902997
L221,L221_S02,L221_S02_Q05,3,Q0009,F3,0,L221_S02_T022,0.17531928
L221,L221_S03,L221_S03_Q01,6,Q0004,F2,1,L221_S03_T002,0.16807807
L221,L221_S03,L221_S03_Q02,6,Q0008,F3,0,L221_S03_T007,0.20680533
L221,L221_S03,L221_S03_Q03,6,Q0018,F6,0,L221_S03_T012,0.19643585
L221,L221_S03,L221_S03_Q04,6,Q0011,F4,0,L221_S03_T017,0.16982504
L221,L221_S03,L221_S03_Q05,6,Q0016,F6,0,L221_S03_T022,0.23582811
L221,L221_S04,L221_S04_Q01,8,Q0024,F8,0,L221_S04_T002,0.18183605
L221,L221_S04,L221_S04_Q02,8,Q0012,F4,1,L221_S04_T007,0.20466431
L221,L221_S04,L221_S04_Q03,8,Q0005,F2,1,L221_S04_T012,0.36163997
L221,L221_S04,L221_S04_Q04,8,Q0014,F5,0,L221_S04_T017,0.25244508
L221,L221_S04,L221_S04_Q05,8,Q0022,F8,0,L221_S04_T022,0.22194402
L221,L221_S05,L221_S05_Q01,11,Q0008,F3,0,L221_S05_T002,0.22895424
L221,L221_S05,L221_S05_Q02,11,Q0022,F8,0,L221_S05_T007,0.24930684
L221,L221_S05,L221_S05_Q03,11,Q0014,F5,0,L221_S05_T012,0.27711057
L221,L221_S05,L221_S05_Q04,11,Q0016,F6,1,L221_S05_T017,0.25467431
L221,L221_S05,L221_S05_Q05,11,Q0010,F4,0,L221_S05_T022,0.38304737
L221,L221_S06,L221_S06_Q01,13,Q0004,F2,0,L221_S06_T002,0.48281745
L221,L221_S06,L221_S06_Q02,13,Q0017,F6,0,L221_S06_T007,0.42519179
L221,L221_S06,L221_S06_Q03,13,Q0003,F1,0,L221_S06_T012,0.2564883
L221,L221_S06,L221_S06_Q04,13,Q0014,F5,1,L221_S06_T017,0.30385174
L221,L221_S06,L221_S06_Q05,13,Q0021,F7,0,L221_S06_T022,0.31652852
L221,L221_S07,L221_S07_Q01,16,Q0019,F7,0,L221_S07_T002,0.33552684
L221,L221_S07,L221_S07_Q02,16,Q0022,F8,0,L221_S07_T007,0.2666192
L221,L221_S07,L221_S07_Q03,16,Q0001,F1,0,L221_S07_T012,0.28079622
L221,L221_S07,L221_S07_Q04,16,Q0007,F3,1,L221_S07_T017,0.24858267
L221,L221_S07,L221_S07_Q05,16,Q0001,F1,0,L221_S07_T022,0.31605297
L221,L221_S08,L221_S08_Q01,18,Q0011,F4,0,L221_S08_T002,0.37442437
L221,L221_S08,L221_S08_Q02,18,Q0007,F3,0,L221_S08_T007,0.42072122
L221,L221_S08,L221_S08_Q03,18,Q0008,F3,1,L221_S08_T012,0.44911858
L221,L221_S08,L221_S08_Q04,18,Q0017,F6,0,L221_S08_T017,0.4224889
L221,L221_S08,L221_S08_Q05,18,Q0006,F2,1,L221_S08_T022,0.47355692
L222,L222_S01,L222_S01_Q01,1,Q0001,F1,0,L222_S01_T002,0.14048068
L222,L222_S01,L222_S01_Q02,1,Q0023,F8,0,L222_S01_T007,0.10874062
L222,L222_S01,L222_S01_Q03,1,Q0019,F7,0,L222_S01_T012,0.27089931
L222,L222_S01,L222_S01_Q04,1,Q0013,F5,0,L222_S01_T017,0.15730375
L222,L222_S01,L222_S01_Q05,1,Q0023,F8,0,L222_S01_T022,0.15317742
L222,L222_S02,L222_S02_Q01,3,Q0003,F1,0,L222_S02_T002,0.17687985
L222,L222_S02,L222_S02_Q02,3,Q0005,F2,0,L222_S02_T007,0.29219325
L222,L222_S02,L222_S02_Q03,3,Q0023,F8,0,L222_S02_T012,0.18851879
L222,L222_S02,L222_S02_Q04,3,Q0013,F5,0,L222_S02_T017,0.19230135
L222,L222_S02,L222_S02_Q05,3,Q0019,F7,0,L222_S02_T022,0.29643298
L222,L222_S03,L222_S03_Q01,6,Q0009,F3,0,L222_S03_T002,0.20183828
L222,L222_S03,L222_S03_Q02,6,Q0015,F5,1,L222_S03_T007,0.2203976
L222,L222_S03,L222_S03_Q03,6,Q0007,F3,0,L222_S03_T012,0.24163338
L222,L222_S03,L222_S03_Q04,6,Q0017,F6,1,L222_S03_T017,0.19155584
L222,L222_S03,L222_S03_Q05,6,Q0004,F2,0,L222_S03_T022,0.31034076
L222,L222_S04,L222_S04_Q01,8,Q0003,F1,0,L222_S04_T002,0.19924083
L222,L222_S04,L222_S04_Q02,8,Q0011,F4,1,L222_S04_T007,0.18864583
L222,L222_S04,L222_S04_Q03,8,Q0010,F4,0,L222_S04_T012,0.39091009
L222,L222_S04,L222_S04_Q04,8,Q0010,F4,1,L222_S04_T017,0.42127836
L222,L222_S04,L222_S04_Q05,8,Q0016,F6,0,L222_S04_T022,0.379254
L222,L222_S05,L222_S05_Q01,11,Q0003,F1,0,L222_S05_T002,0.22664595
L222,L222_S05,L222_S05_Q02,11,Q0015,F5,0,L222_S05_T007,0.37919727
L222,L222_S05,L222_S05_Q03,11,Q0022,F8,0,L222_S05_T012,0.19839277
L222,L222_S05,L222_S05_Q04,11,Q0024,F8,1,L222_S05_T017,0.23835966
L222,L222_S05,L222_S05_Q05,11,Q0002,F1,1,L222_S05_T022,0.26520417
L222,L222_S06,L222_S06_Q01,13,Q0018,F6,1,L222_S06_T002,0.3750437
L222,L222_S06,L222_S06_Q02,13,Q0011,F4,1,L222_S06_T007,0.51707428
L222,L222_S06,L222_S06_Q03,13,Q0005,F2,0,L222_S06_T012,0.30408134
L222,L222_S06,L222_S06_Q04,13,Q0023,F8,1,L222_S06_T017,0.41315287
L222,L222_S06,L222_S06_Q05,13,Q0008,F3,0,L222_S06_T022,0.24649661
L222,L222_S07,L222_S07_Q01,16,Q0020,F7,0,L222_S07_T002,0.26261143
L222,L222_S07,L222_S07_Q02,16,Q0016,F6,0,L222_S07_T007,0.50305276
L222,L222_S07,L222_S07_Q03,16,Q0007,F3,0,L222_S07_T012,0.26919529
L222,L222_S07,L222_S07_Q04,16,Q0007,F3,0,L222_S07_T017,0.30563207
L222,L222_S07,L222_S07_Q05,16,Q0024,F8,1,L222_S07_T022,0.53016404
L222,L222_S08,L222_S08_Q01,18,Q0008,F3,0,L222_S08_T002,0.32827207
L222,L222_S08,L222_S08_Q02,18,Q0020,F7,0,L222_S08_T007,0.28883558
L222,L222_S08,L222_S08_Q03,18,Q0011,F4,0,L222_S08_T012,0.582825
L222,L222_S08,L222_S08_Q04,18,Q0014,F5,0,L222_S08_T017,0.36179106
L222,L222_S08,L222_S08_Q05,18,Q0005,F2,1,L222_S08_T022,0.30974104
L223,L223_S01,L223_S01_Q01,1,Q0007,F3,0,L223_S01_T002,0.19429087
L223,L223_S01,L223_S01_Q02,1,Q0002,F1,0,L223_S01_T007,0.10984057
L223,L223_S01,L223_S01_Q03,1,Q0015,F5,0,L223_S01_T012,0.30673687
L223,L223_S01,L223_S01_Q04,1,Q0009,F3,0,L223_S01_T017,0.22974172
L223,L223_S01,L223_S01_Q05,1,Q0020,F7,0,L223_S01_T022,0.25444911
L223,L223_S02,L223_S02_Q01,3,Q0018,F6,0,L223_S02_T002,0.2065899
L223,L223_S02,L223_S02_Q02,3,Q0021,F7,1,L223_S02_T007,0.27669616
L223,L223_S02,L223_S02_Q03,3,Q0022,F8,0,L223_S02_T012,0.20753802
L223,L223_S02,L223_S02_Q04,3,Q0003,F1,0,L223_S02_T017,0.14353102
L223,L223_S02,L223_S02_Q05,3,Q0024,F8,0,L223_S02_T022,0.242406
L223,L223_S03,L223_S03_Q01,6,Q0010,F4,0,L223_S03_T002,0.30912679
L223,L223_S03,L223_S03_Q02,6,Q0004,F2,1,L223_S03_T007,0.14064146
L223,L223_S03,L223_S03_Q03,6,Q0001,F1,0,L223_S03_T012,0.17131784
L223,L223_S03,L223_S03_Q04,6,Q0006,F2,0,L223_S03_T017,0.32969847
L223,L223_S03,L223_S03_Q05,6,Q0017,F6,0,L223_S03_T022,0.22830961
L223,L223_S04,L223_S04_Q01,8,Q0015,F5,1,L223_S04_T002,0.29581766
L223,L223_S04,L223_S04_Q02,8,Q0002,F1,0,L223_S04_T007,0.20014337
L223,L223_S04,L223_S04_Q03,8,Q0005,F2,1,L223_S04_T012,0.34599077
L223,L223_S04,L223_S04_Q04,8,Q0011,F4,0,L223_S04_T017,0.327047
L223,L223_S04,L223_S04_Q05,8,Q0007,F3,1,L223_S04_T022,0.23125129
L223,L223_S05,L223_S05_Q01,11,Q0002,F1,0,L223_S05_T002,0.22248332
L223,L223_S05,L223_S05_Q02,11,Q0023,F8,0,L223_S05_T007,0.23738515
L223,L223_S05,L223_S05_Q03,11,Q0018,F6,0,L223_S05_T012,0.23882754
L223,L223_S05,L223_S05_Q04,11,Q0006,F2,0,L223_S05_T017,0.46311606
L223,L223_S05,L223_S05_Q05,11,Q0004,F2,0,L223_S05_T022,0.48673872
L223,L223_S06,L223_S06_Q01,13,Q0012,F4,1,L223_S06_T002,0.32478548
L223,L223_S06,L223_S06_Q02,13,Q0021,F7,1,L223_S06_T007,0.36141084
L223,L223_S06,L223_S06_Q03,13,Q0008,F3,0,L223_S06_T012,0.36459653
L223,L223_S06,L223_S06_Q04,13,Q0001,F1,1,L223_S06_T017,0.24725994
L223,L223_S06,L223_S06_Q05,13,Q0024,F8,0,L223_S06_T022,0.26098253
L223,L223_S07,L223_S07_Q01,16,Q0011,F4,0,L223_S07_T002,0.44747927
L223,L223_S07,L223_S07_Q02,16,Q0014,F5,1,L223_S07_T007,0.38804005
L223,L223_S07,L223_S07_Q03,16,Q0014,F5,1,L223_S07_T012,0.52266991
L223,L223_S07,L223_S07_Q04,16,Q0017,F6,0,L223_S07_T017,0.24798415
L223,L223_S07,L223_S07_Q05,16,Q0023,F8,1,L223_S07_T022,0.27746894
L223,L223_S08,L223_S08_Q01,18,Q0023,F8,0,L223_S08_T002,0.42038513
L223,L223_S08,L223_S08_Q02,18,Q0003,F1,0,L223_S08_T007,0.37596748
L223,L223_S08,L223_S08_Q03,18,Q0008,F3,1,L223_S08_T012,0.35747503
L223,L223_S08,L223_S08_Q04,18,Q0023,F8,0,L223_S08_T017,0.44588793
L223,L223_S08,L223_S08_Q05,18,Q0021,F7,1,L223_S08_T022,0.45704892
L224,L224_S01,L224_S01_Q01,1,Q0020,F7,0,L224_S01_T002,0.20104412
L224,L224_S01,L224_S01_Q02,1,Q0015,F5,1,L224_S01_T007,0.2503119
L224,L224_S01,L224_S01_Q03,1,Q0011,F4,0,L224_S01_T012,0.24576971
L224,L224_S01,L224_S01_Q04,1,Q0017,F6,0,L224_S01_T017,0.10426377
L224,L224_S01,L224_S01_Q05,1,Q0023,F8,0,L224_S01_T022,0.13607184
L224,L224_S02,L224_S02_Q01,3,Q0008,F3,0,L224_S02_T002,0.14652933
L224,L224_S02,L224_S02_Q02,3,Q0016,F6,0,L224_S02_T007,0.1501788
L224,L224_S02,L224_S02_Q03,3,Q0003,F1,1,L224_S02_T012,0.28997579
L224,L224_S02,L224_S02_Q04,3,Q0004,F2,1,L224_S02_T017,0.30694196
L224,L224_S02,L224_S02_Q05,3,Q0011,F4,0,L224_S02_T022,0.27842546
L224,L224_S03,L224_S03_Q01,6,Q0006,F2,0,L224_S03_T002,0.47886616
L224,L224_S03,L224_S03_Q02,6,Q0020,F7,1,L224_S03_T007,0.2244548
L224,L224_S03,L224_S03_Q03,6,Q0007,F3,0,L224_S03_T012,0.18486655
L224,L224_S03,L224_S03_Q04,6,Q0024,F8,0,L224_S03_T017,0.16889625
L224,L224_S03,L224_S03_Q05,6,Q0023,F8,0,L224_S03_T022,0.2170049
L224,L224_S04,L224_S04_Q01,8,Q0024,F8,0,L224_S04_T002,0.25235595
L224,L224_S04,L224_S04_Q02,8,Q0017,F6,0,L224_S04_T007,0.18095927
L224,L224_S04,L224_S04_Q03,8,Q0009,F3,0,L224_S04_T012,0.223229
L224,L224_S04,L224_S04_Q04,8,Q0014,F5,1,L224_S04_T017,0.40801337
L224,L224_S04,L224_S04_Q05,8,Q0002,F1,0,L224_S04_T022,0.44971895
L224,L224_S05,L224_S05_Q01,11,Q0012,F4,1,L224_S05_T002,0.27421021
L224,L224_S05,L224_S05_Q02,11,Q0020,F7,0,L224_S05_T007,0.40746098
L224,L224_S05,L224_S05_Q03,11,Q0004,F2,0,L224_S05_T012,0.46202367
L224,L224_S05,L224_S05_Q04,11,Q0018,F6,1,L224_S05_T017,0.21547149
L224,L224_S05,L224_S05_Q05,11,Q0015,F5,0,L224_S05_T022,0.54662857
L224,L224_S06,L224_S06_Q01,13,Q0016,F6,0,L224_S06_T002,0.42571104
L224,L224_S06,L224_S06_Q02,13,Q0011,F4,0,L224_S06_T007,0.46586249
L224,L224_S06,L224_S06_Q03,13,Q0022,F8,0,L224_S06_T012,0.26833215
L224,L224_S06,L224_S06_Q04,13,Q0007,F3,0,L224_S06_T017,0.24342535
L224,L224_S06,L224_S06_Q05,13,Q0003,F1,1,L224_S06_T022,0.43709955
L224,L224_S07,L224_S07_Q01,16,Q0007,F3,1,L224_S07_T002,0.27099789
L224,L224_S07,L224_S07_Q02,16,Q0004,F2,0,L224_S07_T007,0.44762147
L224,L224_S07,L224_S07_Q03,16,Q0013,F5,0,L224_S07_T012,0.5199681
L224,L224_S07,L224_S07_Q04,16,Q0024,F8,0,L224_S07_T017,0.29313765
L224,L224_S07,L224_S07_Q05,16,Q0023,F8,0,L224_S07_T022,0.33405456
L224,L224_S08,L224_S08_Q01,18,Q0020,F7,1,L224_S08_T002,0.38572101
L224,L224_S08,L224_S08_Q02,18,Q0017,F6,0,L224_S08_T007,0.41657011
L224,L224_S08,L224_S08_Q03,18,Q0003,F1,1,L224_S08_T012,0.54460688
L224,L224_S08,L224_S08_Q04,18,Q0008,F3,0,L224_S08_T017,0.46366667
L224,L224_S08,L224_S08_Q05,18,Q0022,F8,1,L224_S08_T022,0.35843792
L225,L225_S01,L225_S01_Q01,1,Q0007,F3,0,L225_S01_T002,0.1046529
L225,L225_S01,L225_S01_Q02,1,Q0013,F5,0,L225_S01_T007,0.11587805
L225,L225_S01,L225_S01_Q03,1,Q0004,F2,0,L225_S01_T012,0.31639959
L225,L225_S01,L225_S01_Q04,1,Q0005,F2,0,L225_S01_T017,0.3466741
L225,L225_S01,L225_S01_Q05,1,Q0015,F5,0,L225_S01_T022,0.15503302
L225,L225_S02,L225_S02_Q01,3,Q0002,F1,0,L225_S02_T002,0.30639876
L225,L225_S02,L225_S02_Q02,3,Q0020,F7,0,L225_S02_T007,0.17918152
L225,L225_S02,L225_S02_Q03,3,Q0017,F6,0,L225_S02_T012,0.17841146
L225,L225_S02,L225_S02_Q04,3,Q0022,F8,0,L225_S02_T017,0.20132861
L225,L225_S02,L225_S02_Q05,3,Q0011,F4,0,L225_S02_T022,0.18275988
L225,L225_S03,L225_S03_Q01,6,Q0009,F3,0,L225_S03_T002,0.13690916
L225,L225_S03,L225_S03_Q02,6,Q0007,F3,0,L225_S03_T007,0.17513273
L225,L225_S03,L225_S03_Q03,6,Q0023,F8,0,L225_S03_T012,0.22934409
L225,L225_S03,L225_S03_Q04,6,Q0015,F5,0,L225_S03_T017,0.1825904
L225,L225_S03,L225_S03_Q05,6,Q0017,F6,0,L225_S03_T022,0.20812245
L225,L225_S04,L225_S04_Q01,8,Q0011,F4,0,L225_S04_T002,0.20773122
L225,L225_S04,L225_S04_Q02,8,Q0017,F6,0,L225_S04_T007,0.23812781
L225,L225_S04,L225_S04_Q03,8,Q0002,F1,1,L225_S04_T012,0.31983848
L225,L225_S04,L225_S04_Q04,8,Q0021,F7,0,L225_S04_T017,0.20448661
L225,L225_S04,L225_S04_Q05,8,Q0009,F3,0,L225_S04_T022,0.20725567
L225,L225_S05,L225_S05_Q01,11,Q0014,F5,0,L225_S05_T002,0.20757755
L225,L225_S05,L225_S05_Q02,11,Q0001,F1,0,L225_S05_T007,0.45583084
L225,L225_S05,L225_S05_Q03,11,Q0005,F2,0,L225_S05_T012,0.33809358
L225,L225_S05,L225_S05_Q04,11,Q0008,F3,0,L225_S05_T017,0.23483264
L225,L225_S05,L225_S05_Q05,11,Q0021,F7,0,L225_S05_T022,0.23226845
L225,L225_S06,L225_S06_Q01,13,Q0022,F8,0,L225_S06_T002,0.24476503
L225,L225_S06,L225_S06_Q02,13,Q0024,F8,1,L225_S06_T007,0.278212
L225,L225_S06,L225_S06_Q03,13,Q0011,F4,0,L225_S06_T012,0.23037352
L225,L225_S06,L225_S06_Q04,13,Q0002,F1,1,L225_S06_T017,0.46993597
L225,L225_S06,L225_S06_Q05,13,Q0015,F5,0,L225_S06_T022,0.23761788
L225,L225_S07,L225_S07_Q01,16,Q0017,F6,1,L225_S07_T002,0.24992003
L225,L225_S07,L225_S07_Q02,16,Q0021,F7,0,L225_S07_T007,0.2526222
L225,L225_S07,L225_S07_Q03,16,Q0020,F7,0,L225_S07_T012,0.2857212
L225,L225_S07,L225_S07_Q04,16,Q0008,F3,0,L225_S07_T017,0.25494723
L225,L225_S07,L225_S07_Q05,16,Q0012,F4,0,L225_S07_T022,0.25624013
L225,L225_S08,L225_S08_Q01,18,Q0018,F6,0,L225_S08_T002,0.40735005
L225,L225_S08,L225_S08_Q02,18,Q0015,F5,0,L225_S08_T007,0.2574727
L225,L225_S08,L225_S08_Q03,18,Q0004,F2,0,L225_S08_T012,0.34131816
L225,L225_S08,L225_S08_Q04,18,Q0010,F4,0,L225_S08_T017,0.28315684
L225,L225_S08,L225_S08_Q05,18,Q0018,F6,1,L225_S08_T022,0.43359665
L226,L226_S01,L226_S01_Q01,1,Q0015,F5,0,L226_S01_T002,0.17511964
L226,L226_S01,L226_S01_Q02,1,Q0020,F7,0,L226_S01_T007,0.13216758
L226,L226_S01,L226_S01_Q03,1,Q0024,F8,1,L226_S01_T012,0.24457121
L226,L226_S01,L226_S01_Q04,1,Q0019,F7,0,L226_S01_T017,0.17674915
L226,L226_S01,L226_S01_Q05,1,Q0024,F8,0,L226_S01_T022,0.43860755
L226,L226_S02,L226_S02_Q01,3,Q0006,F2,1,L226_S02_T002,0.15146387
L226,L226_S02,L226_S02_Q02,3,Q0011,F4,0,L226_S02_T007,0.21478598
L226,L226_S02,L226_S02_Q03,3,Q0008,F3,1,L226_S02_T012,0.32675897
L226,L226_S02,L226_S02_Q04,3,Q0012,F4,0,L226_S02_T017,0.25512335
L226,L226_S02,L226_S02_Q05,3,Q0019,F7,0,L226_S02_T022,0.21294726
L226,L226_S03,L226_S03_Q01,6,Q0005,F2,0,L226_S03_T002,0.3541085
L226,L226_S03,L226_S03_Q02,6,Q0003,F1,1,L226_S03_T007,0.31988652
L226,L226_S03,L226_S03_Q03,6,Q0002,F1,0,L226_S03_T012,0.49457767
L226,L226_S03,L226_S03_Q04,6,Q0018,F6,0,L226_S03_T017,0.21637671
L226,L226_S03,L226_S03_Q05,6,Q0009,F3,1,L226_S03_T022,0.47898026
L226,L226_S04,L226_S04_Q01,8,Q0006,F2,0,L226_S04_T002,0.37651513
L226,L226_S04,L226_S04_Q02,8,Q0013,F5,0,L226_S04_T007,0.19704494
L226,L226_S04,L226_S04_Q03,8,Q0021,F7,0,L226_S04_T012,0.23612379
L226,L226_S04,L226_S04_Q04,8,Q0015,F5,0,L226_S04_T017,0.23829369
L226,L226_S04,L226_S04_Q05,8,Q0018,F6,0,L226_S04_T022,0.24949337
L226,L226_S05,L226_S05_Q01,11,Q0013,F5,0,L226_S05_T002,0.26592829
L226,L226_S05,L226_S05_Q02,11,Q0024,F8,0,L226_S05_T007,0.40594789
L226,L226_S05,L226_S05_Q03,11,Q0021,F7,0,L226_S05_T012,0.26395516
L226,L226_S05,L226_S05_Q04,11,Q0011,F4,0,L226_S05_T017,0.26207979
L226,L226_S05,L226_S05_Q05,11,Q0002,F1,1,L226_S05_T022,0.48509255
L226,L226_S06,L226_S06_Q01,13,Q0011,F4,0,L226_S06_T002,0.29164257
L226,L226_S06,L226_S06_Q02,13,Q0018,F6,1,L226_S06_T007,0.26843153
L226,L226_S06,L226_S06_Q03,13,Q0021,F7,0,L226_S06_T012,0.29337212
L226,L226_S06,L226_S06_Q04,13,Q0002,F1,0,L226_S06_T017,0.60017616
L226,L226_S06,L226_S06_Q05,13,Q0009,F3,1,L226_S06_T022,0.55518852
L226,L226_S07,L226_S07_Q01,16,Q0007,F3,1,L226_S07_T002,0.64170242
L226,L226_S07,L226_S07_Q02,16,Q0020,F7,1,L226_S07_T007,0.31601232
L226,L226_S07,L226_S07_Q03,16,Q0014,F5,0,L226_S07_T012,0.28296043
L226,L226_S07,L226_S07_Q04,16,Q0005,F2,1,L226_S07_T017,0.36494676
L226,L226_S07,L226_S07_Q05,16,Q0024,F8,0,L226_S07_T022,0.40674147
L226,L226_S08,L226_S08_Q01,18,Q0017,F6,0,L226_S08_T002,0.42526218
L226,L226_S08,L226_S08_Q02,18,Q0010,F4,0,L226_S08_T007,0.30569254
L226,L226_S08,L226_S08_Q03,18,Q0005,F2,0,L226_S08_T012,0.51337427
L226,L226_S08,L226_S08_Q04,18,Q0017,F6,1,L226_S08_T017,0.45478714
L226,L226_S08,L226_S08_Q05,18,Q0014,F5,1,L226_S08_T022,0.31089954
L227,L227_S01,L227_S01_Q01,1,Q0014,F5,0,L227_S01_T002,0.12874454
L227,L227_S01,L227_S01_Q02,1,Q0021,F7,0,L227_S01_T007,0.20507667
L227,L227_S01,L227_S01_Q03,1,Q0013,F5,0,L227_S01_T012,0.16294219
L227,L227_S01,L227_S01_Q04,1,Q0021,F7,1,L227_S01_T017,0.23627821
L227,L227_S01,L227_S01_Q05,1,Q0024,F8,0,L227_S01_T022,0.23598184
L227,L227_S02,L227_S02_Q01,3,Q0004,F2,0,L227_S02_T002,0.18332622
L227,L227_S02,L227_S02_Q02,3,Q0008,F3,0,L227_S02_T007,0.24110443
L227,L227_S02,L227_S02_Q03,3,Q0022,F8,1,L227_S02_T012,0.25536207
L227,L227_S02,L227_S02_Q04,3,Q0004,F2,0,L227_S02_T017,0.21538149
L227,L227_S02,L227_S02_Q05,3,Q0016,F6,0,L227_S02_T022,0.30140591
L227,L227_S03,L227_S03_Q01,6,Q0010,F4,1,L227_S03_T002,0.28617156
L227,L227_S03,L227_S03_Q02,6,Q0013,F5,1,L227_S03_T007,0.17685417
L227,L227_S03,L227_S03_Q03,6,Q0002,F1,0,L227_S03_T012,0.1709158
L227,L227_S03,L227_S03_Q04,6,Q0007,F3,0,L227_S03_T017,0.25484772
L227,L227_S03,L227_S03_Q05,6,Q0003,F1,1,L227_S03_T022,0.20345819
L227,L227_S04,L227_S04_Q01,8,Q0017,F6,0,L227_S04_T002,0.29701252
L227,L227_S04,L227_S04_Q02,8,Q0001,F1,1,L227_S04_T007,0.34543352
L227,L227_S04,L227_S04_Q03,8,Q0001,F1,0,L227_S04_T012,0.47389548
L227,L227_S04,L227_S04_Q04,8,Q0013,F5,1,L227_S04_T017,0.32490353
L227,L227_S04,L227_S04_Q05,8,Q0012,F4,1,L227_S04_T022,0.4092624
L227,L227_S05,L227_S05_Q01,11,Q0012,F4,0,L227_S05_T002,0.49409172
L227,L227_S05,L227_S05_Q02,11,Q0017,F6,1,L227_S05_T007,0.30538006
L227,L227_S05,L227_S05_Q03,11,Q0005,F2,0,L227_S05_T012,0.20919104
L227,L227_S05,L227_S05_Q04,11,Q0006,F2,0,L227_S05_T017,0.24023108
L227,L227_S05,L227_S05_Q05,11,Q0013,F5,1,L227_S05_T022,0.43030447
L227,L227_S06,L227_S06_Q01,13,Q0009,F3,0,L227_S06_T002,0.24637459
L227,L227_S06,L227_S06_Q02,13,Q0024,F8,1,L227_S06_T007,0.32756894
L227,L227_S06,L227_S06_Q03,13,Q0007,F3,0,L227_S06_T012,0.27595514
L227,L227_S06,L227_S06_Q04,13,Q0002,F1,1,L227_S06_T017,0.44669839
L227,L227_S06,L227_S06_Q05,13,Q0016,F6,0,L227_S06_T022,0.42408536
L227,L227_S07,L227_S07_Q01,16,Q0011,F4,0,L227_S07_T002,0.46422462
L227,L227_S07,L227_S07_Q02,16,Q0005,F2,0,L227_S07_T007,0.24392521
L227,L227_S07,L227_S07_Q03,16,Q0004,F2,1,L227_S07_T012,0.2736019
L227,L227_S07,L227_S07_Q04,16,Q0020,F7,1,L227_S07_T017,0.28457329
L227,L227_S07,L227_S07_Q05,16,Q0005,F2,0,L227_S07_T022,0.41616118
L227,L227_S08,L227_S08_Q01,18,Q0008,F3,0,L227_S08_T002,0.27492642
L227,L227_S08,L227_S08_Q02,18,Q0022,F8,1,L227_S08_T007,0.41507678
L227,L227_S08,L227_S08_Q03,18,Q0002,F1,0,L227_S08_T012,0.50156271
L227,L227_S08,L227_S08_Q04,18,Q0020,F7,1,L227_S08_T017,0.40802904
L227,L227_S08,L227_S08_Q05,18,Q0013,F5,0,L227_S08_T022,0.47013083
L228,L228_S01,L228_S01_Q01,1,Q0007,F3,0,L228_S01_T002,0.30749549
L228,L228_S01,L228_S01_Q02,1,Q0016,F6,0,L228_S01_T007,0.22000989
L228,L228_S01,L228_S01_Q03,1,Q0021,F7,1,L228_S01_T012,0.1038545
L228,L228_S01,L228_S01_Q04,1,Q0001,F1,0,L228_S01_T017,0.13176186
L228,L228_S01,L228_S01_Q05,1,Q0005,F2,0,L228_S01_T022,0.14614024
L228,L228_S02,L228_S02_Q01,3,Q0018,F6,0,L228_S02_T002,0.23891522
L228,L228_S02,L228_S02_Q02,3,Q0020,F7,0,L228_S02_T007,0.26217054
L228,L228_S02,L228_S02_Q03,3,Q0011,F4,0,L228_S02_T012,0.31887846
L228,L228_S02,L228_S02_Q04,3,Q0001,F1,0,L228_S02_T017,0.15765477
L228,L228_S02,L228_S02_Q05,3,Q0024,F8,1,L228_S02_T022,0.26655585
L228,L228_S03,L228_S03_Q01,6,Q0014,F5,0,L228_S03_T002,0.23612915
L228,L228_S03,L228_S03_Q02,6,Q0007,F3,1,L228_S03_T007,0.29915861
L228,L228_S03,L228_S03_Q03,6,Q0002,F1,0,L228_S03_T012,0.17756582
L228,L228_S03,L228_S03_Q04,6,Q0019,F7,0,L228_S03_T017,0.27172114
L228,L228_S03,L228_S03_Q05,6,Q0015,F5,0,L228_S03_T022,0.2651199
L228,L228_S04,L228_S04_Q01,8,Q0004,F2,0,L228_S04_T002,0.15316962
L228,L228_S04,L228_S04_Q02,8,Q0004,F2,0,L228_S04_T007,0.18530889
L228,L228_S04,L228_S04_Q03,8,Q0004,F2,0,L228_S04_T012,0.21622838
L228,L228_S04,L228_S04_Q04,8,Q0011,F4,0,L228_S04_T017,0.30897375
L228,L228_S04,L228_S04_Q05,8,Q0023,F8,0,L228_S04_T022,0.36365323
L228,L228_S05,L228_S05_Q01,11,Q0003,F1,0,L228_S05_T002,0.18712481
L228,L228_S05,L228_S05_Q02,11,Q0009,F3,0,L228_S05_T007,0.38732938
L228,L228_S05,L228_S05_Q03,11,Q0004,F2,0,L228_S05_T012,0.23033314
L228,L228_S05,L228_S05_Q04,11,Q0023,F8,1,L228_S05_T017,0.36314405
L228,L228_S05,L228_S05_Q05,11,Q0003,F1,0,L228_S05_T022,0.21797539
L228,L228_S06,L228_S06_Q01,13,Q0005,F2,0,L228_S06_T002,0.24842107
L228,L228_S06,L228_S06_Q02,13,Q0011,F4,0,L228_S06_T007,0.30043326
L228,L228_S06,L228_S06_Q03,13,Q0003,F1,1,L228_S06_T012,0.23704182
L228,L228_S06,L228_S06_Q04,13,Q0001,F1,0,L228_S06_T017,0.38182236
L228,L228_S06,L228_S06_Q05,13,Q0010,F4,0,L228_S06_T022,0.32698351
L228,L228_S07,L228_S07_Q01,16,Q0021,F7,1,L228_S07_T002,0.24048262
L228,L228_S07,L228_S07_Q02,16,Q0014,F5,0,L228_S07_T007,0.23538097
L228,L228_S07,L228_S07_Q03,16,Q0018,F6,0,L228_S07_T012,0.20144931
L228,L228_S07,L228_S07_Q04,16,Q0024,F8,1,L228_S07_T017,0.43379566
L228,L228_S07,L228_S07_Q05,16,Q0013,F5,0,L228_S07_T022,0.26440011
L228,L228_S08,L228_S08_Q01,18,Q0019,F7,0,L228_S08_T002,0.3681277
L228,L228_S08,L228_S08_Q02,18,Q0009,F3,0,L228_S08_T007,0.35222602
L228,L228_S08,L228_S08_Q03,18,Q0018,F6,1,L228_S08_T012,0.2218243
L228,L228_S08,L228_S08_Q04,18,Q0018,F6,0,L228_S08_T017,0.36949255
L228,L228_S08,L228_S08_Q05,18,Q0005,F2,1,L228_S08_T022,0.24822081
L229,L229_S01,L229_S01_Q01,1,Q0004,F2,0,L229_S01_T002,0.14015495
L229,L229_S01,L229_S01_Q02,1,Q0010,F4,0,L229_S01_T007,0.28267256
L229,L229_S01,L229_S01_Q03,1,Q0006,F2,0,L229_S01_T012,0.17775787
L229,L229_S01,L229_S01_Q04,1,Q0002,F1,0,L229_S01_T017,0.24597821
L229,L229_S01,L229_S01_Q05,1,Q0021,F7,0,L229_S01_T022,0.21314317
L229,L229_S02,L229_S02_Q01,3,Q0006,F2,0,L229_S02_T002,0.20511919
L229,L229_S02,L229_S02_Q02,3,Q0005,F2,0,L229_S02_T007,0.23988108
L229,L229_S02,L229_S02_Q03,3,Q0018,F6,0,L229_S02_T012,0.20458433
L229,L229_S02,L229_S02_Q04,3,Q0022,F8,0,L229_S02_T017,0.21108665
L229,L229_S02,L229_S02_Q05,3,Q0009,F3,0,L229_S02_T022,0.22741719
L229,L229_S03,L229_S03_Q01,6,Q0017,F6,0,L229_S03_T002,0.22507221
L229,L229_S03,L229_S03_Q02,6,Q0023,F8,1,L229_S03_T007,0.23091878
L229,L229_S03,L229_S03_Q03,6,Q0020,F7,0,L229_S03_T012,0.22340437
L229,L229_S03,L229_S03_Q04,6,Q0003,F1,1,L229_S03_T017,0.25174037
L229,L229_S03,L229_S03_Q05,6,Q0011,F4,0,L229_S03_T022,0.28340687
L229,L229_S04,L229_S04_Q01,8,Q0023,F8,0,L229_S04_T002,0.38303286
L229,L229_S04,L229_S04_Q02,8,Q0007,F3,1,L229_S04_T007,0.23572256
L229,L229_S04,L229_S04_Q03,8,Q0014,F5,0,L229_S04_T012,0.21497948
L229,L229_S04,L229_S04_Q04,8,Q0014,F5,0,L229_S04_T017,0.24931016
L229,L229_S04,L229_S04_Q05,8,Q0007,F3,0,L229_S04_T022,0.40284027
L229,L229_S05,L229_S05_Q01,11,Q0003,F1,0,L229_S05_T002,0.37483618
L229,L229_S05,L229_S05_Q02,11,Q0004,F2,0,L229_S05_T007,0.23175664
L229,L229_S05,L229_S05_Q03,11,Q0014,F5,0,L229_S05_T012,0.26528747
L229,L229_S05,L229_S05_Q04,11,Q0011,F4,0,L229_S05_T017,0.28404057
L229,L229_S05,L229_S05_Q05,11,Q0021,F7,0,L229_S05_T022,0.23225958
L229,L229_S06,L229_S06_Q01,13,Q0022,F8,0,L229_S06_T002,0.37001585
L229,L229_S06,L229_S06_Q02,13,Q0008,F3,0,L229_S06_T007,0.38710926
L229,L229_S06,L229_S06_Q03,13,Q0017,F6,0,L229_S06_T012,0.22429792
L229,L229_S06,L229_S06_Q04,13,Q0019,F7,0,L229_S06_T017,0.25514086
L229,L229_S06,L229_S06_Q05,13,Q0018,F6,1,L229_S06_T022,0.25822108
L229,L229_S07,L229_S07_Q01,16,Q0019,F7,1,L229_S07_T002,0.27053015
L229,L229_S07,L229_S07_Q02,16,Q0006,F2,0,L229_S07_T007,0.23946743
L229,L229_S07,L229_S07_Q03,16,Q0014,F5,0,L229_S07_T012,0.26840388
L229,L229_S07,L229_S07_Q04,16,Q0005,F2,0,L229_S07_T017,0.2727272
L229,L229_S07,L229_S07_Q05,16,Q0002,F1,1,L229_S07_T022,0.36294228
L229,L229_S08,L229_S08_Q01,18,Q0023,F8,0,L229_S08_T002,0.35878242
L229,L229_S08,L229_S08_Q02,18,Q0004,F2,0,L229_S08_T007,0.29228205
L229,L229_S08,L229_S08_Q03,18,Q0008,F3,1,L229_S08_T012,0.3735337
L229,L229_S08,L229_S08_Q04,18,Q0011,F4,1,L229_S08_T017,0.27313937
L229,L229_S08,L229_S08_Q05,18,Q0018,F6,0,L229_S08_T022,0.37940584
L230,L230_S01,L230_S01_Q01,1,Q0003,F1,0,L230_S01_T002,0.2460776
L230,L230_S01,L230_S01_Q02,1,Q0010,F4,0,L230_S01_T007,0.15110196
L230,L230_S01,L230_S01_Q03,1,Q0005,F2,1,L230_S01_T012,0.25965874
L230,L230_S01,L230_S01_Q04,1,Q0008,F3,1,L230_S01_T017,0.28806494
L230,L230_S01,L230_S01_Q05,1,Q0011,F4,0,L230_S01_T022,0.19029392
L230,L230_S02,L230_S02_Q01,3,Q0023,F8,0,L230_S02_T002,0.09661197
L230,L230_S02,L230_S02_Q02,3,Q0023,F8,1,L230_S02_T007,0.13831962
L230,L230_S02,L230_S02_Q03,3,Q0006,F2,1,L230_S02_T012,0.41295585
L230,L230_S02,L230_S02_Q04,3,Q0019,F7,1,L230_S02_T017,0.1290367
L230,L230_S02,L230_S02_Q05,3,Q0003,F1,0,L230_S02_T022,0.26940075
L230,L230_S03,L230_S03_Q01,6,Q0017,F6,0,L230_S03_T002,0.29115697
L230,L230_S03,L230_S03_Q02,6,Q0013,F5,1,L230_S03_T007,0.13134366
L230,L230_S03,L230_S03_Q03,6,Q0014,F5,1,L230_S03_T012,0.33186444
L230,L230_S03,L230_S03_Q04,6,Q0009,F3,0,L230_S03_T017,0.40757467
L230,L230_S03,L230_S03_Q05,6,Q0023,F8,0,L230_S03_T022,0.31676147
L230,L230_S04,L230_S04_Q01,8,Q0021,F7,0,L230_S04_T002,0.29737822
L230,L230_S04,L230_S04_Q02,8,Q0016,F6,0,L230_S04_T007,0.31064092
L230,L230_S04,L230_S04_Q03,8,Q0019,F7,0,L230_S04_T012,0.32981689
L230,L230_S04,L230_S04_Q04,8,Q0011,F4,0,L230_S04_T017,0.19672773
L230,L230_S04,L230_S04_Q05,8,Q0011,F4,1,L230_S04_T022,0.23381324
L230,L230_S05,L230_S05_Q01,11,Q0001,F1,0,L230_S05_T002,0.25651531
L230,L230_S05,L230_S05_Q02,11,Q0015,F5,1,L230_S05_T007,0.43792494
L230,L230_S05,L230_S05_Q03,11,Q0005,F2,0,L230_S05_T012,0.46412512
L230,L230_S05,L230_S05_Q04,11,Q0024,F8,0,L230_S05_T017,0.31378832
L230,L230_S05,L230_S05_Q05,11,Q0011,F4,0,L230_S05_T022,0.38575319
L230,L230_S06,L230_S06_Q01,13,Q0021,F7,0,L230_S06_T002,0.32500694
L230,L230_S06,L230_S06_Q02,13,Q0016,F6,0,L230_S06_T007,0.30852889
L230,L230_S06,L230_S06_Q03,13,Q0009,F3,1,L230_S06_T012,0.37580506
L230,L230_S06,L230_S06_Q04,13,Q0011,F4,0,L230_S06_T017,0.39718082
L230,L230_S06,L230_S06_Q05,13,Q0001,F1,0,L230_S06_T022,0.27894953
L230,L230_S07,L230_S07_Q01,16,Q0002,F1,0,L230_S07_T002,0.29328728
L230,L230_S07,L230_S07_Q02,16,Q0023,F8,0,L230_S07_T007,0.31123348
L230,L230_S07,L230_S07_Q03,16,Q0016,F6,0,L230_S07_T012,0.31978855
L230,L230_S07,L230_S07_Q04,16,Q0015,F5,1,L230_S07_T017,0.51141811
L230,L230_S07,L230_S07_Q05,16,Q0023,F8,1,L230_S07_T022,0.34303247
L230,L230_S08,L230_S08_Q01,18,Q0019,F7,0,L230_S08_T002,0.32087372
L230,L230_S08,L230_S08_Q02,18,Q0016,F6,1,L230_S08_T007,0.33683408
L230,L230_S08,L230_S08_Q03,18,Q0007,F3,0,L230_S08_T012,0.46837299
L230,L230_S08,L230_S08_Q04,18,Q0005,F2,0,L230_S08_T017,0.42241252
L230,L230_S08,L230_S08_Q05,18,Q0003,F1,0,L230_S08_T022,0.31258981
L231,L231_S01,L231_S01_Q01,1,Q0010,F4,0,L231_S01_T002,0.1006829
L231,L231_S01,L231_S01_Q02,1,Q0018,F6,0,L231_S01_T007,0.10363516
L231,L231_S01,L231_S01_Q03,1,Q0020,F7,0,L231_S01_T012,0.22293047
L231,L231_S01,L231_S01_Q04,1,Q0009,F3,1,L231_S01_T017,0.12160769
L231,L231_S01,L231_S01_Q05,1,Q0007,F3,0,L231_S01_T022,0.38271856
L231,L231_S02,L231_S02_Q01,3,Q0010,F4,0,L231_S02_T002,0.14948714
L231,L231_S02,L231_S02_Q02,3,Q0013,F5,1,L231_S02_T007,0.24046198
L231,L231_S02,L231_S02_Q03,3,Q0002,F1,0,L231_S02_T012,0.12486736
L231,L231_S02,L231_S02_Q04,3,Q0016,F6,0,L231_S02_T017,0.1521799
L231,L231_S02,L231_S02_Q05,3,Q0015,F5,1,L231_S02_T022,0.46624223
L231,L231_S03,L231_S03_Q01,6,Q0023,F8,0,L231_S03_T002,0.28408479
L231,L231_S03,L231_S03_Q02,6,Q0002,F1,0,L231_S03_T007,0.1689319
L231,L231_S03,L231_S03_Q03,6,Q0010,F4,0,L231_S03_T012,0.19104549
L231,L231_S03,L231_S03_Q04,6,Q0017,F6,1,L231_S03_T017,0.19346414
L231,L231_S03,L231_S03_Q05,6,Q0003,F1,0,L231_S03_T022,0.21834055
L231,L231_S04,L231_S04_Q01,8,Q0020,F7,0,L231_S04_T002,0.24170194
L231,L231_S04,L231_S04_Q02,8,Q0023,F8,0,L231_S04_T007,0.31676853
L231,L231_S04,L231_S04_Q03,8,Q0005,F2,0,L231_S04_T012,0.22114269
L231,L231_S04,L231_S04_Q04,8,Q0017,F6,0,L231_S04_T017,0.42011317
L231,L231_S04,L231_S04_Q05,8,Q0006,F2,0,L231_S04_T022,0.26744731
L231,L231_S05,L231_S05_Q01,11,Q0015,F5,0,L231_S05_T002,0.55267118
L231,L231_S05,L231_S05_Q02,11,Q0021,F7,0,L231_S05_T007,0.27387325
L231,L231_S05,L231_S05_Q03,11,Q0012,F4,1,L231_S05_T012,0.22146665
L231,L231_S05,L231_S05_Q04,11,Q0003,F1,0,L231_S05_T017,0.24524174
L231,L231_S05,L231_S05_Q05,11,Q0021,F7,0,L231_S05_T022,0.31704293
L231,L231_S06,L231_S06_Q01,13,Q0003,F1,0,L231_S06_T002,0.28133967
L231,L231_S06,L231_S06_Q02,13,Q0002,F1,1,L231_S06_T007,0.32406546
L231,L231_S06,L231_S06_Q03,13,Q0010,F4,1,L231_S06_T012,0.43919652
L231,L231_S06,L231_S06_Q04,13,Q0006,F2,1,L231_S06_T017,0.28801569
L231,L231_S06,L231_S06_Q05,13,Q0005,F2,0,L231_S06_T022,0.49966012
L231,L231_S07,L231_S07_Q01,16,Q0018,F6,0,L231_S07_T002,0.40204062
L231,L231_S07,L231_S07_Q02,16,Q0008,F3,1,L231_S07_T007,0.33313294
L231,L231_S07,L231_S07_Q03,16,Q0023,F8,0,L231_S07_T012,0.31607588
L231,L231_S07,L231_S07_Q04,16,Q0005,F2,0,L231_S07_T017,0.50557245
L231,L231_S07,L231_S07_Q05,16,Q0018,F6,1,L231_S07_T022,0.4375905
L231,L231_S08,L231_S08_Q01,18,Q0023,F8,1,L231_S08_T002,0.34594769
L231,L231_S08,L231_S08_Q02,18,Q0014,F5,0,L231_S08_T007,0.52023293
L231,L231_S08,L231_S08_Q03,18,Q0021,F7,1,L231_S08_T012,0.32119846
L231,L231_S08,L231_S08_Q04,18,Q0008,F3,0,L231_S08_T017,0.51529563
L231,L231_S08,L231_S08_Q05,18,Q0003,F1,1,L231_S08_T022,0.48619585
L232,L232_S01,L232_S01_Q01,1,Q0010,F4,0,L232_S01_T002,0.13860354
L232,L232_S01,L232_S01_Q02,1,Q0024,F8,1,L232_S01_T007,0.21863483
L232,L232_S01,L232_S01_Q03,1,Q0007,F3,0,L232_S01_T012,0.33731989
L232,L232_S01,L232_S01_Q04,1,Q0020,F7,0,L232_S01_T017,0.10152331
L232,L232_S01,L232_S01_Q05,1,Q0005,F2,0,L232_S01_T022,0.21328963
L232,L232_S02,L232_S02_Q01,3,Q0016,F6,1,L232_S02_T002,0.26322981
L232,L232_S02,L232_S02_Q02,3,Q0002,F1,0,L232_S02_T007,0.22629662
L232,L232_S02,L232_S02_Q03,3,Q0019,F7,0,L232_S02_T012,0.13438703
L232,L232_S02,L232_S02_Q04,3,Q0010,F4,0,L232_S02_T017,0.16908606
L232,L232_S02,L232_S02_Q05,3,Q0002,F1,0,L232_S02_T022,0.25754357
L232,L232_S03,L232_S03_Q01,6,Q0024,F8,0,L232_S03_T002,0.3534804
L232,L232_S03,L232_S03_Q02,6,Q0015,F5,0,L232_S03_T007,0.23168334
L232,L232_S03,L232_S03_Q03,6,Q0018,F6,1,L232_S03_T012,0.39675465
L232,L232_S03,L232_S03_Q04,6,Q0019,F7,0,L232_S03_T017,0.16307689
L232,L232_S03,L232_S03_Q05,6,Q0019,F7,0,L232_S03_T022,0.19687705
L232,L232_S04,L232_S04_Q01,8,Q0012,F4,1,L232_S04_T002,0.19029579
L232,L232_S04,L232_S04_Q02,8,Q0014,F5,0,L232_S04_T007,0.25618854
L232,L232_S04,L232_S04_Q03,8,Q0020,F7,0,L232_S04_T012,0.22361741
L232,L232_S04,L232_S04_Q04,8,Q0006,F2,0,L232_S04_T017,0.22441443
L232,L232_S04,L232_S04_Q05,8,Q0007,F3,0,L232_S04_T022,0.33340756
L232,L232_S05,L232_S05_Q01,11,Q0022,F8,0,L232_S05_T002,0.35646115
L232,L232_S05,L232_S05_Q02,11,Q0018,F6,0,L232_S05_T007,0.48697051
L232,L232_S05,L232_S05_Q03,11,Q0010,F4,1,L232_S05_T012,0.34070299
L232,L232_S05,L232_S05_Q04,11,Q0006,F2,0,L232_S05_T017,0.24627033
L232,L232_S05,L232_S05_Q05,11,Q0018,F6,1,L232_S05_T022,0.50768983
L232,L232_S06,L232_S06_Q01,13,Q0001,F1,0,L232_S06_T002,0.253556
L232,L232_S06,L232_S06_Q02,13,Q0005,F2,0,L232_S06_T007,0.2698388
L232,L232_S06,L232_S06_Q03,13,Q0019,F7,1,L232_S06_T012,0.23943624
L232,L232_S06,L232_S06_Q04,13,Q0013,F5,0,L232_S06_T017,0.26878744
L232,L232_S06,L232_S06_Q05,13,Q0020,F7,0,L232_S06_T022,0.39301768
L232,L232_S07,L232_S07_Q01,16,Q0024,F8,1,L232_S07_T002,0.35914723
L232,L232_S07,L232_S07_Q02,16,Q0011,F4,1,L232_S07_T007,0.44496316
L232,L232_S07,L232_S07_Q03,16,Q0003,F1,0,L232_S07_T012,0.27319976
L232,L232_S07,L232_S07_Q04,16,Q0013,F5,0,L232_S07_T017,0.28727499
L232,L232_S07,L232_S07_Q05,16,Q0006,F2,0,L232_S07_T022,0.28824654
L232,L232_S08,L232_S08_Q01,18,Q0014,F5,1,L232_S08_T002,0.30821025
L232,L232_S08,L232_S08_Q02,18,Q0009,F3,0,L232_S08_T007,0.31775452
L232,L232_S08,L232_S08_Q03,18,Q0003,F1,1,L232_S08_T012,0.2950389
L232,L232_S08,L232_S08_Q04,18,Q0009,F3,1,L232_S08_T017,0.34530783
L232,L232_S08,L232_S08_Q05,18,Q0015,F5,0,L232_S08_T022,0.44790408
L233,L233_S01,L233_S01_Q01,1,Q0003,F1,0,L233_S01_T002,0.2228902
L233,L233_S01,L233_S01_Q02,1,Q0010,F4,0,L233_S01_T007,0.32588044
L233,L233_S01,L233_S01_Q03,1,Q0020,F7,0,L233_S01_T012,0.21697225
L233,L233_S01,L233_S01_Q04,1,Q0023,F8,0,L233_S01_T017,0.20991677
L233,L233_S01,L233_S01_Q05,1,Q0006,F2,0,L233_S01_T022,0.15437815
L233,L233_S02,L233_S02_Q01,3,Q0015,F5,0,L233_S02_T002,0.32113967
L233,L233_S02,L233_S02_Q02,3,Q0007,F3,0,L233_S02_T007,0.15332552
L233,L233_S02,L233_S02_Q03,3,Q0002,F1,0,L233_S02_T012,0.25143157
L233,L233_S02,L233_S02_Q04,3,Q0006,F2,0,L233_S02_T017,0.18817831
L233,L233_S02,L233_S02_Q05,3,Q0013,F5,0,L233_S02_T022,0.35312449
L233,L233_S03,L233_S03_Q01,6,Q0022,F8,0,L233_S03_T002,0.22836807
L233,L233_S03,L233_S03_Q02,6,Q0007,F3,1,L233_S03_T007,0.18427172
L233,L233_S03,L233_S03_Q03,6,Q0017,F6,0,L233_S03_T012,0.24633235
L233,L233_S03,L233_S03_Q04,6,Q0011,F4,0,L233_S03_T017,0.33047406
L233,L233_S03,L233_S03_Q05,6,Q0021,F7,1,L233_S03_T022,0.23458042
L233,L233_S04,L233_S04_Q01,8,Q0008,F3,0,L233_S04_T002,0.36472871
L233,L233_S04,L233_S04_Q02,8,Q0008,F3,1,L233_S04_T007,0.39465981
L233,L233_S04,L233_S04_Q03,8,Q0004,F2,0,L233_S04_T012,0.20922736
L233,L233_S04,L233_S04_Q04,8,Q0016,F6,0,L233_S04_T017,0.27307436
L233,L233_S04,L233_S04_Q05,8,Q0005,F2,0,L233_S04_T022,0.24648498
L233,L233_S05,L233_S05_Q01,11,Q0005,F2,0,L233_S05_T002,0.26893218
L233,L233_S05,L233_S05_Q02,11,Q0019,F7,0,L233_S05_T007,0.38337883
L233,L233_S05,L233_S05_Q03,11,Q0024,F8,1,L233_S05_T012,0.24461444
L233,L233_S05,L233_S05_Q04,11,Q0001,F1,0,L233_S05_T017,0.2526569
L233,L233_S05,L233_S05_Q05,11,Q0003,F1,1,L233_S05_T022,0.28786831
L233,L233_S06,L233_S06_Q01,13,Q0015,F5,0,L233_S06_T002,0.32753614
L233,L233_S06,L233_S06_Q02,13,Q0018,F6,0,L233_S06_T007,0.28397832
L233,L233_S06,L233_S06_Q03,13,Q0014,F5,0,L233_S06_T012,0.35921958
L233,L233_S06,L233_S06_Q04,13,Q0008,F3,0,L233_S06_T017,0.4964516
L233,L233_S06,L233_S06_Q05,13,Q0004,F2,0,L233_S06_T022,0.29393949
L233,L233_S07,L233_S07_Q01,16,Q0005,F2,1,L233_S07_T002,0.31205738
L233,L233_S07,L233_S07_Q02,16,Q0024,F8,1,L233_S07_T007,0.39046641
L233,L233_S07,L233_S07_Q03,16,Q0017,F6,0,L233_S07_T012,0.30300498
L233,L233_S07,L233_S07_Q04,16,Q0011,F4,1,L233_S07_T017,0.30910744
L233,L233_S07,L233_S07_Q05,16,Q0019,F7,0,L233_S07_T022,0.38110139
L233,L233_S08,L233_S08_Q01,18,Q0018,F6,0,L233_S08_T002,0.32539695
L233,L233_S08,L233_S08_Q02,18,Q0012,F4,0,L233_S08_T007,0.45718747
L233,L233_S08,L233_S08_Q03,18,Q0007,F3,1,L233_S08_T012,0.48066194
L233,L233_S08,L233_S08_Q04,18,Q0022,F8,1,L233_S08_T017,0.51744546
L233,L233_S08,L233_S08_Q05,18,Q0018,F6,0,L233_S08_T022,0.35718118
L234,L234_S01,L234_S01_Q01,1,Q0019,F7,0,L234_S01_T002,0.22094312
L234,L234_S01,L234_S01_Q02,1,Q0004,F2,0,L234_S01_T007,0.24868762
L234,L234_S01,L234_S01_Q03,1,Q0023,F8,1,L234_S01_T012,0.26956672
L234,L234_S01,L234_S01_Q04,1,Q0010,F4,0,L234_S01_T017,0.27353063
L234,L234_S01,L234_S01_Q05,1,Q0002,F1,1,L234_S01_T022,0.32856438
L234,L234_S02,L234_S02_Q01,3,Q0007,F3,0,L234_S02_T002,0.24916698
L234,L234_S02,L234_S02_Q02,3,Q0019,F7,0,L234_S02_T007,0.25388038
L234,L234_S02,L234_S02_Q03,3,Q0001,F1,1,L234_S02_T012,0.48473448
L234,L234_S02,L234_S02_Q04,3,Q0015,F5,0,L234_S02_T017,0.26599822
L234,L234_S02,L234_S02_Q05,3,Q0017,F6,1,L234_S02_T022,0.30307463
L234,L234_S03,L234_S03_Q01,6,Q0012,F4,0,L234_S03_T002,0.29239802
L234,L234_S03,L234_S03_Q02,6,Q0008,F3,0,L234_S03_T007,0.27686869
L234,L234_S03,L234_S03_Q03,6,Q0008,F3,0,L234_S03_T012,0.31294665
L234,L234_S03,L234_S03_Q04,6,Q0016,F6,0,L234_S03_T017,0.46069002
L234,L234_S03,L234_S03_Q05,6,Q0006,F2,1,L234_S03_T022,0.27011852
L234,L234_S04,L234_S04_Q01,8,Q0024,F8,0,L234_S04_T002,0.41670061
L234,L234_S04,L234_S04_Q02,8,Q0019,F7,0,L234_S04_T007,0.27477545
L234,L234_S04,L234_S04_Q03,8,Q0021,F7,0,L234_S04_T012,0.31095784
L234,L234_S04,L234_S04_Q04,8,Q0014,F5,0,L234_S04_T017,0.28564287
L234,L234_S04,L234_S04_Q05,8,Q0004,F2,1,L234_S04_T022,0.44186968
L234,L234_S05,L234_S05_Q01,11,Q0006,F2,0,L234_S05_T002,0.56131518
L234,L234_S05,L234_S05_Q02,11,Q0011,F4,0,L234_S05_T007,0.30931851
L234,L234_S05,L234_S05_Q03,11,Q0001,F1,0,L234_S05_T012,0.55916103
L234,L234_S05,L234_S05_Q04,11,Q0024,F8,1,L234_S05_T017,0.43062468
L234,L234_S05,L234_S05_Q05,11,Q0014,F5,1,L234_S05_T022,0.31034487
L234,L234_S06,L234_S06_Q01,13,Q0009,F3,0,L234_S06_T002,0.32026505
L234,L234_S06,L234_S06_Q02,13,Q0001,F1,1,L234_S06_T007,0.56788863
L234,L234_S06,L234_S06_Q03,13,Q0009,F3,0,L234_S06_T012,0.35417791
L234,L234_S06,L234_S06_Q04,13,Q0016,F6,0,L234_S06_T017,0.44973839
L234,L234_S06,L234_S06_Q05,13,Q0019,F7,1,L234_S06_T022,0.32596317
L234,L234_S07,L234_S07_Q01,16,Q0011,F4,0,L234_S07_T002,0.324493
L234,L234_S07,L234_S07_Q02,16,Q0018,F6,0,L234_S07_T007,0.46094548
L234,L234_S07,L234_S07_Q03,16,Q0011,F4,1,L234_S07_T012,0.35819492
L234,L234_S07,L234_S07_Q04,16,Q0021,F7,0,L234_S07_T017,0.477284
L234,L234_S07,L234_S07_Q05,16,Q0014,F5,1,L234_S07_T022,0.45532406
L234,L234_S08,L234_S08_Q01,18,Q0010,F4,0,L234_S08_T002,0.50646582
L234,L234_S08,L234_S08_Q02,18,Q0023,F8,1,L234_S08_T007,0.52819605
L234,L234_S08,L234_S08_Q03,18,Q0008,F3,0,L234_S08_T012,0.36472343
L234,L234_S08,L234_S08_Q04,18,Q0019,F7,0,L234_S08_T017,0.49187237
L234,L234_S08,L234_S08_Q05,18,Q0004,F2,0,L234_S08_T022,0.53792018
L235,L235_S01,L235_S01_Q01,1,Q0005,F2,0,L235_S01_T002,0.2291474
L235,L235_S01,L235_S01_Q02,1,Q0018,F6,0,L235_S01_T007,0.10737615
L235,L235_S01,L235_S01_Q03,1,Q0024,F8,0,L235_S01_T012,0.12569609
L235,L235_S01,L235_S01_Q04,1,Q0020,F7,0,L235_S01_T017,0.11255412
L235,L235_S01,L235_S01_Q05,1,Q0002,F1,0,L235_S01_T022,0.13302018
L235,L235_S02,L235_S02_Q01,3,Q0010,F4,1,L235_S02_T002,0.30745102
L235,L235_S02,L235_S02_Q02,3,Q0019,F7,0,L235_S02_T007,0.14547613
L235,L235_S02,L235_S02_Q03,3,Q0002,F1,0,L235_S02_T012,0.16463465
L235,L235_S02,L235_S02_Q04,3,Q0021,F7,0,L235_S02_T017,0.18058829
L235,L235_S02,L235_S02_Q05,3,Q0018,F6,0,L235_S02_T022,0.14062896
L235,L235_S03,L235_S03_Q01,6,Q0009,F3,1,L235_S03_T002,0.28172793
L235,L235_S03,L235_S03_Q02,6,Q0004,F2,0,L235_S03_T007,0.24559435
L235,L235_S03,L235_S03_Q03,6,Q0018,F6,0,L235_S03_T012,0.16970329
L235,L235_S03,L235_S03_Q04,6,Q0018,F6,1,L235_S03_T017,0.20381996
L235,L235_S03,L235_S03_Q05,6,Q0007,F3,0,L235_S03_T022,0.42929598
L235,L235_S04,L235_S04_Q01,8,Q0010,F4,0,L235_S04_T002,0.42347807
L235,L235_S04,L235_S04_Q02,8,Q0023,F8,0,L235_S04_T007,0.14856712
L235,L235_S04,L235_S04_Q03,8,Q0013,F5,0,L235_S04_T012,0.29442505
L235,L235_S04,L235_S04_Q04,8,Q0024,F8,0,L235_S04_T017,0.18355227
L235,L235_S04,L235_S04_Q05,8,Q0014,F5,0,L235_S04_T022,0.32341694
L235,L235_S05,L235_S05_Q01,11,Q0001,F1,0,L235_S05_T002,0.18070275
L235,L235_S05,L235_S05_Q02,11,Q0009,F3,0,L235_S05_T007,0.426314
L235,L235_S05,L235_S05_Q03,11,Q0020,F7,0,L235_S05_T012,0.19459708
L235,L235_S05,L235_S05_Q04,11,Q0024,F8,0,L235_S05_T017,0.2094038
L235,L235_S05,L235_S05_Q05,11,Q0021,F7,0,L235_S05_T022,0.22769087
L235,L235_S06,L235_S06_Q01,13,Q0004,F2,1,L235_S06_T002,0.25425269
L235,L235_S06,L235_S06_Q02,13,Q0024,F8,0,L235_S06_T007,0.2361383
L235,L235_S06,L235_S06_Q03,13,Q0003,F1,0,L235_S06_T012,0.20927089
L235,L235_S06,L235_S06_Q04,13,Q0004,F2,1,L235_S06_T017,0.4074655
L235,L235_S06,L235_S06_Q05,13,Q0001,F1,0,L235_S06_T022,0.24176174
L235,L235_S07,L235_S07_Q01,16,Q0012,F4,1,L235_S07_T002,0.40613444
L235,L235_S07,L235_S07_Q02,16,Q0003,F1,0,L235_S07_T007,0.26324275
L235,L235_S07,L235_S07_Q03,16,Q0011,F4,1,L235_S07_T012,0.52814334
L235,L235_S07,L235_S07_Q04,16,Q0014,F5,0,L235_S07_T017,0.31898929
L235,L235_S07,L235_S07_Q05,16,Q0017,F6,1,L235_S07_T022,0.3257482
L235,L235_S08,L235_S08_Q01,18,Q0021,F7,0,L235_S08_T002,0.23847149
L235,L235_S08,L235_S08_Q02,18,Q0002,F1,0,L235_S08_T007,0.2865376
L235,L235_S08,L235_S08_Q03,18,Q0014,F5,0,L235_S08_T012,0.33872262
L235,L235_S08,L235_S08_Q04,18,Q0009,F3,1,L235_S08_T017,0.41354993
L235,L235_S08,L235_S08_Q05,18,Q0017,F6,1,L235_S08_T022,0.45323431
L236,L236_S01,L236_S01_Q01,1,Q0014,F5,0,L236_S01_T002,0.27450174
L236,L236_S01,L236_S01_Q02,1,Q0008,F3,0,L236_S01_T007,0.31558671
L236,L236_S01,L236_S01_Q03,1,Q0002,F1,0,L236_S01_T012,0.12868749
L236,L236_S01,L236_S01_Q04,1,Q0016,F6,1,L236_S01_T017,0.33591741
L236,L236_S01,L236_S01_Q05,1,Q0018,F6,0,L236_S01_T022,0.53120355
L236,L236_S02,L236_S02_Q01,3,Q0004,F2,0,L236_S02_T002,0.24848543
L236,L236_S02,L236_S02_Q02,3,Q0004,F2,0,L236_S02_T007,0.29268486
L236,L236_S02,L236_S02_Q03,3,Q0023,F8,1,L236_S02_T012,0.14949262
L236,L236_S02,L236_S02_Q04,3,Q0003,F1,0,L236_S02_T017,0.1747301
L236,L236_S02,L236_S02_Q05,3,Q0023,F8,0,L236_S02_T022,0.39960052
L236,L236_S03,L236_S03_Q01,6,Q0020,F7,0,L236_S03_T002,0.24763326
L236,L236_S03,L236_S03_Q02,6,Q0003,F1,0,L236_S03_T007,0.21365432
L236,L236_S03,L236_S03_Q03,6,Q0002,F1,1,L236_S03_T012,0.25990231
L236,L236_S03,L236_S03_Q04,6,Q0001,F1,0,L236_S03_T017,0.47754214
L236,L236_S03,L236_S03_Q05,6,Q0013,F5,0,L236_S03_T022,0.29473901
L236,L236_S04,L236_S04_Q01,8,Q0019,F7,1,L236_S04_T002,0.28344328
L236,L236_S04,L236_S04_Q02,8,Q0010,F4,0,L236_S04_T007,0.29959533
L236,L236_S04,L236_S04_Q03,8,Q0008,F3,0,L236_S04_T012,0.32111164
L236,L236_S04,L236_S04_Q04,8,Q0019,F7,0,L236_S04_T017,0.49416043
L236,L236_S04,L236_S04_Q05,8,Q0010,F4,0,L236_S04_T022,0.34078879
L236,L236_S05,L236_S05_Q01,11,Q0021,F7,1,L236_S05_T002,0.50135319
L236,L236_S05,L236_S05_Q02,11,Q0006,F2,1,L236_S05_T007,0.29726727
L236,L236_S05,L236_S05_Q03,11,Q0001,F1,1,L236_S05_T012,0.47232229
L236,L236_S05,L236_S05_Q04,11,Q0018,F6,0,L236_S05_T017,0.4825311
L236,L236_S05,L236_S05_Q05,11,Q0019,F7,1,L236_S05_T022,0.64798978
L236,L236_S06,L236_S06_Q01,13,Q0010,F4,0,L236_S06_T002,0.35271502
L236,L236_S06,L236_S06_Q02,13,Q0015,F5,0,L236_S06_T007,0.30340503
L236,L236_S06,L236_S06_Q03,13,Q0023,F8,1,L236_S06_T012,0.37556908
L236,L236_S06,L236_S06_Q04,13,Q0008,F3,0,L236_S06_T017,0.33550498
L236,L236_S06,L236_S06_Q05,13,Q0008,F3,1,L236_S06_T022,0.37458646
L236,L236_S07,L236_S07_Q01,16,Q0016,F6,1,L236_S07_T002,0.47668573
L236,L236_S07,L236_S07_Q02,16,Q0015,F5,0,L236_S07_T007,0.32954699
L236,L236_S07,L236_S07_Q03,16,Q0010,F4,1,L236_S07_T012,0.37395864
L236,L236_S07,L236_S07_Q04,16,Q0013,F5,1,L236_S07_T017,0.36897889
L236,L236_S07,L236_S07_Q05,16,Q0005,F2,1,L236_S07_T022,0.46827933
L236,L236_S08,L236_S08_Q01,18,Q0015,F5,1,L236_S08_T002,0.53850854
L236,L236_S08,L236_S08_Q02,18,Q0002,F1,0,L236_S08_T007,0.56625577
L236,L236_S08,L236_S08_Q03,18,Q0022,F8,0,L236_S08_T012,0.51964561
L236,L236_S08,L236_S08_Q04,18,Q0005,F2,0,L236_S08_T017,0.60658094
L236,L236_S08,L236_S08_Q05,18,Q0009,F3,1,L236_S08_T022,0.51900101
L237,L237_S01,L237_S01_Q01,1,Q0017,F6,0,L237_S01_T002,0.18159127
L237,L237_S01,L237_S01_Q02,1,Q0012,F4,1,L237_S01_T007,0.21654626
L237,L237_S01,L237_S01_Q03,1,Q0009,F3,0,L237_S01_T012,0.22894387
L237,L237_S01,L237_S01_Q04,1,Q0015,F5,1,L237_S01_T017,0.23911952
L237,L237_S01,L237_S01_Q05,1,Q0004,F2,0,L237_S01_T022,0.10800349
L237,L237_S02,L237_S02_Q01,3,Q0002,F1,0,L237_S02_T002,0.13866073
L237,L237_S02,L237_S02_Q02,3,Q0005,F2,0,L237_S02_T007,0.15169574
L237,L237_S02,L237_S02_Q03,3,Q0022,F8,0,L237_S02_T012,0.19230545
L237,L237_S02,L237_S02_Q04,3,Q0021,F7,0,L237_S02_T017,0.32789507
L237,L237_S02,L237_S02_Q05,3,Q0001,F1,0,L237_S02_T022,0.18571741
L237,L237_S03,L237_S03_Q01,6,Q0006,F2,0,L237_S03_T002,0.18856648
L237,L237_S03,L237_S03_Q02,6,Q0018,F6,1,L237_S03_T007,0.20854881
L237,L237_S03,L237_S03_Q03,6,Q0012,F4,0,L237_S03_T012,0.39677685
L237,L237_S03,L237_S03_Q04,6,Q0023,F8,0,L237_S03_T017,0.22512106
L237,L237_S03,L237_S03_Q05,6,Q0014,F5,1,L237_S03_T022,0.41189683
L237,L237_S04,L237_S04_Q01,8,Q0007,F3,0,L237_S04_T002,0.24177093
L237,L237_S04,L237_S04_Q02,8,Q0016,F6,0,L237_S04_T007,0.41108543
L237,L237_S04,L237_S04_Q03,8,Q0001,F1,0,L237_S04_T012,0.21214351
L237,L237_S04,L237_S04_Q04,8,Q0001,F1,0,L237_S04_T017,0.25518568
L237,L237_S04,L237_S04_Q05,8,Q0021,F7,0,L237_S04_T022,0.33600905
L237,L237_S05,L237_S05_Q01,11,Q0024,F8,0,L237_S05_T002,0.24647207
L237,L237_S05,L237_S05_Q02,11,Q0010,F4,0,L237_S05_T007,0.39601902
L237,L237_S05,L237_S05_Q03,11,Q0006,F2,1,L237_S05_T012,0.21462563
L237,L237_S05,L237_S05_Q04,11,Q0023,F8,0,L237_S05_T017,0.2876388
L237,L237_S05,L237_S05_Q05,11,Q0008,F3,1,L237_S05_T022,0.2696471
L237,L237_S06,L237_S06_Q01,13,Q0005,F2,0,L237_S06_T002,0.4153603
L237,L237_S06,L237_S06_Q02,13,Q0014,F5,1,L237_S06_T007,0.51066216
L237,L237_S06,L237_S06_Q03,13,Q0003,F1,0,L237_S06_T012,0.27266445
L237,L237_S06,L237_S06_Q04,13,Q0009,F3,1,L237_S06_T017,0.45406629
L237,L237_S06,L237_S06_Q05,13,Q0017,F6,0,L237_S06_T022,0.4084847
L237,L237_S07,L237_S07_Q01,16,Q0021,F7,0,L237_S07_T002,0.32666587
L237,L237_S07,L237_S07_Q02,16,Q0019,F7,0,L237_S07_T007,0.36345146
L237,L237_S07,L237_S07_Q03,16,Q0001,F1,1,L237_S07_T012,0.2974557
L237,L237_S07,L237_S07_Q04,16,Q0015,F5,0,L237_S07_T017,0.61350636
L237,L237_S07,L237_S07_Q05,16,Q0023,F8,1,L237_S07_T022,0.30093768
L237,L237_S08,L237_S08_Q01,18,Q0005,F2,0,L237_S08_T002,0.41220897
L237,L237_S08,L237_S08_Q02,18,Q0010,F4,1,L237_S08_T007,0.38264735
L237,L237_S08,L237_S08_Q03,18,Q0018,F6,1,L237_S08_T012,0.40621894
L237,L237_S08,L237_S08_Q04,18,Q0021,F7,1,L237_S08_T017,0.38542369
L237,L237_S08,L237_S08_Q05,18,Q0007,F3,1,L237_S08_T022,0.55587213
L238,L238_S01,L238_S01_Q01,1,Q0022,F8,1,L238_S01_T002,0.27968682
L238,L238_S01,L238_S01_Q02,1,Q0002,F1,0,L238_S01_T007,0.18309509
L238,L238_S01,L238_S01_Q03,1,Q0024,F8,0,L238_S01_T012,0.41644089
L238,L238_S01,L238_S01_Q04,1,Q0004,F2,0,L238_S01_T017,0.11202847
L238,L238_S01,L238_S01_Q05,1,Q0008,F3,0,L238_S01_T022,0.27667973
L238,L238_S02,L238_S02_Q01,3,Q0013,F5,1,L238_S02_T002,0.29544972
L238,L238_S02,L238_S02_Q02,3,Q0004,F2,0,L238_S02_T007,0.14199257
L238,L238_S02,L238_S02_Q03,3,Q0004,F2,0,L238_S02_T012,0.17457174
L238,L238_S02,L238_S02_Q04,3,Q0019,F7,0,L238_S02_T017,0.19659254
L238,L238_S02,L238_S02_Q05,3,Q0006,F2,0,L238_S02_T022,0.20591385
L238,L238_S03,L238_S03_Q01,6,Q0011,F4,0,L238_S03_T002,0.23160229
L238,L238_S03,L238_S03_Q02,6,Q0012,F4,0,L238_S03_T007,0.26077891
L238,L238_S03,L238_S03_Q03,6,Q0018,F6,0,L238_S03_T012,0.3012503
L238,L238_S03,L238_S03_Q04,6,Q0003,F1,0,L238_S03_T017,0.20059548
L238,L238_S03,L238_S03_Q05,6,Q0017,F6,1,L238_S03_T022,0.32778234
L238,L238_S04,L238_S04_Q01,8,Q0013,F5,1,L238_S04_T002,0.40211285
L238,L238_S04,L238_S04_Q02,8,Q0019,F7,0,L238_S04_T007,0.21276062
L238,L238_S04,L238_S04_Q03,8,Q0003,F1,1,L238_S04_T012,0.22500269
L238,L238_S04,L238_S04_Q04,8,Q0009,F3,1,L238_S04_T017,0.27760548
L238,L238_S04,L238_S04_Q05,8,Q0019,F7,1,L238_S04_T022,0.24265267
L238,L238_S05,L238_S05_Q01,11,Q0011,F4,0,L238_S05_T002,0.27061123
L238,L238_S05,L238_S05_Q02,11,Q0003,F1,0,L238_S05_T007,0.35785827
L238,L238_S05,L238_S05_Q03,11,Q0006,F2,0,L238_S05_T012,0.21267495
L238,L238_S05,L238_S05_Q04,11,Q0016,F6,0,L238_S05_T017,0.42665323
L238,L238_S05,L238_S05_Q05,11,Q0024,F8,0,L238_S05_T022,0.38496532
L238,L238_S06,L238_S06_Q01,13,Q0013,F5,1,L238_S06_T002,0.48306991
L238,L238_S06,L238_S06_Q02,13,Q0003,F1,1,L238_S06_T007,0.37239847
L238,L238_S06,L238_S06_Q03,13,Q0021,F7,1,L238_S06_T012,0.36204001
L238,L238_S06,L238_S06_Q04,13,Q0015,F5,0,L238_S06_T017,0.58121097
L238,L238_S06,L238_S06_Q05,13,Q0023,F8,0,L238_S06_T022,0.39780476
L238,L238_S07,L238_S07_Q01,16,Q0006,F2,1,L238_S07_T002,0.22725555
L238,L238_S07,L238_S07_Q02,16,Q0011,F4,1,L238_S07_T007,0.27947303
L238,L238_S07,L238_S07_Q03,16,Q0009,F3,0,L238_S07_T012,0.37365814
L238,L238_S07,L238_S07_Q04,16,Q0016,F6,0,L238_S07_T017,0.42011234
L238,L238_S07,L238_S07_Q05,16,Q0004,F2,0,L238_S07_T022,0.37396389
L238,L238_S08,L238_S08_Q01,18,Q0020,F7,0,L238_S08_T002,0.45265472
L238,L238_S08,L238_S08_Q02,18,Q0012,F4,0,L238_S08_T007,0.40554914
L238,L238_S08,L238_S08_Q03,18,Q0006,F2,1,L238_S08_T012,0.38749359
L238,L238_S08,L238_S08_Q04,18,Q0009,F3,0,L238_S08_T017,0.38720702
L238,L238_S08,L238_S08_Q05,18,Q0008,F3,1,L238_S08_T022,0.41047522
L239,L239_S01,L239_S01_Q01,1,Q0016,F6,0,L239_S01_T002,0.14835133
L239,L239_S01,L239_S01_Q02,1,Q0020,F7,1,L239_S01_T007,0.11591621
L239,L239_S01,L239_S01_Q03,1,Q0003,F1,0,L239_S01_T012,0.1242319
L239,L239_S01,L239_S01_Q04,1,Q0010,F4,0,L239_S01_T017,0.17270152
L239,L239_S01,L239_S01_Q05,1,Q0023,F8,0,L239_S01_T022,0.1607715
L239,L239_S02,L239_S02_Q01,3,Q0020,F7,1,L239_S02_T002,0.3380918
L239,L239_S02,L239_S02_Q02,3,Q0012,F4,0,L239_S02_T007,0.20975266
L239,L239_S02,L239_S02_Q03,3,Q0019,F7,0,L239_S02_T012,0.5122614
L239,L239_S02,L239_S02_Q04,3,Q0002,F1,0,L239_S02_T017,0.16521128
L239,L239_S02,L239_S02_Q05,3,Q0009,F3,0,L239_S02_T022,0.29307957
L239,L239_S03,L239_S03_Q01,6,Q0004,F2,0,L239_S03_T002,0.25642745
L239,L239_S03,L239_S03_Q02,6,Q0016,F6,0,L239_S03_T007,0.17900821
L239,L239_S03,L239_S03_Q03,6,Q0024,F8,1,L239_S03_T012,0.18991208
L239,L239_S03,L239_S03_Q04,6,Q0015,F5,0,L239_S03_T017,0.30337952
L239,L239_S03,L239_S03_Q05,6,Q0013,F5,0,L239_S03_T022,0.34004023
L239,L239_S04,L239_S04_Q01,8,Q0003,F1,0,L239_S04_T002,0.19380983
L239,L239_S04,L239_S04_Q02,8,Q0018,F6,0,L239_S04_T007,0.21554822
L239,L239_S04,L239_S04_Q03,8,Q0010,F4,0,L239_S04_T012,0.23291343
L239,L239_S04,L239_S04_Q04,8,Q0008,F3,0,L239_S04_T017,0.30606748
L239,L239_S04,L239_S04_Q05,8,Q0005,F2,0,L239_S04_T022,0.28669297
L239,L239_S05,L239_S05_Q01,11,Q0003,F1,0,L239_S05_T002,0.22568707
L239,L239_S05,L239_S05_Q02,11,Q0015,F5,1,L239_S05_T007,0.347295
L239,L239_S05,L239_S05_Q03,11,Q0016,F6,1,L239_S05_T012,0.24536174
L239,L239_S05,L239_S05_Q04,11,Q0023,F8,0,L239_S05_T017,0.37352107
L239,L239_S05,L239_S05_Q05,11,Q0002,F1,0,L239_S05_T022,0.26643646
L239,L239_S06,L239_S06_Q01,13,Q0010,F4,1,L239_S06_T002,0.25324664
L239,L239_S06,L239_S06_Q02,13,Q0003,F1,0,L239_S06_T007,0.29589079
L239,L239_S06,L239_S06_Q03,13,Q0021,F7,0,L239_S06_T012,0.46194361
L239,L239_S06,L239_S06_Q04,13,Q0021,F7,1,L239_S06_T017,0.49025964
L239,L239_S06,L239_S06_Q05,13,Q0011,F4,0,L239_S06_T022,0.44974177
L239,L239_S07,L239_S07_Q01,16,Q0007,F3,0,L239_S07_T002,0.30329237
L239,L239_S07,L239_S07_Q02,16,Q0005,F2,1,L239_S07_T007,0.28704277
L239,L239_S07,L239_S07_Q03,16,Q0009,F3,0,L239_S07_T012,0.33995766
L239,L239_S07,L239_S07_Q04,16,Q0017,F6,0,L239_S07_T017,0.41138452
L239,L239_S07,L239_S07_Q05,16,Q0023,F8,0,L239_S07_T022,0.37668838
L239,L239_S08,L239_S08_Q01,18,Q0005,F2,0,L239_S08_T002,0.46040674
L239,L239_S08,L239_S08_Q02,18,Q0014,F5,1,L239_S08_T007,0.4665604
L239,L239_S08,L239_S08_Q03,18,Q0002,F1,0,L239_S08_T012,0.3085355
L239,L239_S08,L239_S08_Q04,18,Q0012,F4,0,L239_S08_T017,0.44360376
L239,L239_S08,L239_S08_Q05,18,Q0018,F6,0,L239_S08_T022,0.42909145
L240,L240_S01,L240_S01_Q01,1,Q0019,F7,0,L240_S01_T002,0.10902618
L240,L240_S01,L240_S01_Q02,1,Q0004,F2,0,L240_S01_T007,0.11547846
L240,L240_S01,L240_S01_Q03,1,Q0003,F1,0,L240_S01_T012,0.11648067
L240,L240_S01,L240_S01_Q04,1,Q0015,F5,0,L240_S01_T017,0.12388638
L240,L240_S01,L240_S01_Q05,1,Q0024,F8,0,L240_S01_T022,0.33368997
L240,L240_S02,L240_S02_Q01,3,Q0017,F6,1,L240_S02_T002,0.298893
L240,L240_S02,L240_S02_Q02,3,Q0006,F2,0,L240_S02_T007,0.15392611
L240,L240_S02,L240_S02_Q03,3,Q0009,F3,1,L240_S02_T012,0.30704718
L240,L240_S02,L240_S02_Q04,3,Q0019,F7,0,L240_S02_T017,0.14798274
L240,L240_S02,L240_S02_Q05,3,Q0013,F5,0,L240_S02_T022,0.16167088
L240,L240_S03,L240_S03_Q01,6,Q0010,F4,0,L240_S03_T002,0.12916198
L240,L240_S03,L240_S03_Q02,6,Q0011,F4,0,L240_S03_T007,0.17191416
L240,L240_S03,L240_S03_Q03,6,Q0023,F8,0,L240_S03_T012,0.33838529
L240,L240_S03,L240_S03_Q04,6,Q0011,F4,1,L240_S03_T017,0.21256749
L240,L240_S03,L240_S03_Q05,6,Q0005,F2,0,L240_S03_T022,0.18635295
L240,L240_S04,L240_S04_Q01,8,Q0014,F5,0,L240_S04_T002,0.18731843
L240,L240_S04,L240_S04_Q02,8,Q0017,F6,0,L240_S04_T007,0.43497763
L240,L240_S04,L240_S04_Q03,8,Q0008,F3,1,L240_S04_T012,0.4406598
L240,L240_S04,L240_S04_Q04,8,Q0001,F1,0,L240_S04_T017,0.14300911
L240,L240_S04,L240_S04_Q05,8,Q0003,F1,0,L240_S04_T022,0.18508149
L240,L240_S05,L240_S05_Q01,11,Q0016,F6,1,L240_S05_T002,0.44115133
L240,L240_S05,L240_S05_Q02,11,Q0019,F7,0,L240_S05_T007,0.16712774
L240,L240_S05,L240_S05_Q03,11,Q0020,F7,0,L240_S05_T012,0.20801606
L240,L240_S05,L240_S05_Q04,11,Q0004,F2,1,L240_S05_T017,0.20899418
L240,L240_S05,L240_S05_Q05,11,Q0002,F1,1,L240_S05_T022,0.21459809
L240,L240_S06,L240_S06_Q01,13,Q0008,F3,1,L240_S06_T002,0.53376651
L240,L240_S06,L240_S06_Q02,13,Q0011,F4,1,L240_S06_T007,0.36308431
L240,L240_S06,L240_S06_Q03,13,Q0014,F5,0,L240_S06_T012,0.20984207
L240,L240_S06,L240_S06_Q04,13,Q0024,F8,0,L240_S06_T017,0.33178248
L240,L240_S06,L240_S06_Q05,13,Q0020,F7,0,L240_S06_T022,0.23916505
L240,L240_S07,L240_S07_Q01,16,Q0007,F3,0,L240_S07_T002,0.61800079
L240,L240_S07,L240_S07_Q02,16,Q0006,F2,0,L240_S07_T007,0.37233248
L240,L240_S07,L240_S07_Q03,16,Q0002,F1,0,L240_S07_T012,0.37623751
L240,L240_S07,L240_S07_Q04,16,Q0019,F7,0,L240_S07_T017,0.26362968
L240,L240_S07,L240_S07_Q05,16,Q0016,F6,1,L240_S07_T022,0.53410903
L240,L240_S08,L240_S08_Q01,18,Q0005,F2,1,L240_S08_T002,0.39052144
L240,L240_S08,L240_S08_Q02,18,Q0010,F4,1,L240_S08_T007,0.47970875
L240,L240_S08,L240_S08_Q03,18,Q0024,F8,0,L240_S08_T012,0.33671013
L240,L240_S08,L240_S08_Q04,18,Q0014,F5,0,L240_S08_T017,0.22962229
L240,L240_S08,L240_S08_Q05,18,Q0001,F1,0,L240_S08_T022,0.39411847
